game_date,tipoff_time_utc,away_team,home_team,away_score,home_score,home_win,point_diff,source_url
2025-10-21,2025-10-21 23:30:00+00:00,Houston Rockets,Oklahoma City Thunder,124,125,1,1,https://www.basketball-reference.com/leagues/NBA_2026_games-october.html
2025-10-21,2025-10-22 02:00:00+00:00,Golden State Warriors,Los Angeles Lakers,119,109,0,-10,https://www.basketball-reference.com/leagues/NBA_2026_games-october.html
2025-10-22,2025-10-23 02:00:00+00:00,Sacramento Kings,Phoenix Suns,116,120,1,4,https://www.basketball-reference.com/leagues/NBA_2026_games-october.html
2025-10-22,2025-10-23 02:00:00+00:00,Minnesota Timberwolves,Portland Trail Blazers,118,114,0,-4,https://www.basketball-reference.com/leagues/NBA_2026_games-october.html
2025-10-22,2025-10-23 01:30:00+00:00,San Antonio Spurs,Dallas Mavericks,125,92,0,-33,https://www.basketball-reference.com/leagues/NBA_2026_games-october.html
2025-10-22,2025-10-23 00:00:00+00:00,Washington Wizards,Milwaukee Bucks,120,133,1,13,https://www.basketball-reference.com/leagues/NBA_2026_games-october.html
2025-10-22,2025-10-23 00:00:00+00:00,New Orleans Pelicans,Memphis Grizzlies,122,128,1,6,https://www.basketball-reference.com/leagues/NBA_2026_games-october.html
2025-10-22,2025-10-23 01:00:00+00:00,Los Angeles Clippers,Utah Jazz,108,129,1,21,https://www.basketball-reference.com/leagues/NBA_2026_games-october.html
2025-10-22,2025-10-22 23:30:00+00:00,Toronto Raptors,Atlanta Hawks,138,118,0,-20,https://www.basketball-reference.com/leagues/NBA_2026_games-october.html
2025-10-22,2025-10-22 23:30:00+00:00,Philadelphia 76ers,Boston Celtics,117,116,0,-1,https://www.basketball-reference.com/leagues/NBA_2026_games-october.html
2025-10-22,2025-10-22 23:00:00+00:00,Miami Heat,Orlando Magic,121,125,1,4,https://www.basketball-reference.com/leagues/NBA_2026_games-october.html
2025-10-22,2025-10-22 23:00:00+00:00,Cleveland Cavaliers,New York Knicks,111,119,1,8,https://www.basketball-reference.com/leagues/NBA_2026_games-october.html
2025-10-22,2025-10-22 23:00:00+00:00,Brooklyn Nets,Charlotte Hornets,117,136,1,19,https://www.basketball-reference.com/leagues/NBA_2026_games-october.html
2025-10-22,2025-10-23 00:00:00+00:00,Detroit Pistons,Chicago Bulls,111,115,1,4,https://www.basketball-reference.com/leagues/NBA_2026_games-october.html
2025-10-23,2025-10-23 23:30:00+00:00,Oklahoma City Thunder,Indiana Pacers,141,135,0,-6,https://www.basketball-reference.com/leagues/NBA_2026_games-october.html
2025-10-23,2025-10-24 02:00:00+00:00,Denver Nuggets,Golden State Warriors,131,137,1,6,https://www.basketball-reference.com/leagues/NBA_2026_games-october.html
2025-10-24,2025-10-25 00:30:00+00:00,Washington Wizards,Dallas Mavericks,117,107,0,-10,https://www.basketball-reference.com/leagues/NBA_2026_games-october.html
2025-10-24,2025-10-25 02:30:00+00:00,Phoenix Suns,Los Angeles Clippers,102,129,1,27,https://www.basketball-reference.com/leagues/NBA_2026_games-october.html
2025-10-24,2025-10-25 02:00:00+00:00,Utah Jazz,Sacramento Kings,104,105,1,1,https://www.basketball-reference.com/leagues/NBA_2026_games-october.html
2025-10-24,2025-10-25 02:00:00+00:00,Golden State Warriors,Portland Trail Blazers,119,139,1,20,https://www.basketball-reference.com/leagues/NBA_2026_games-october.html
2025-10-24,2025-10-25 02:00:00+00:00,Minnesota Timberwolves,Los Angeles Lakers,110,128,1,18,https://www.basketball-reference.com/leagues/NBA_2026_games-october.html
2025-10-24,2025-10-25 00:00:00+00:00,Miami Heat,Memphis Grizzlies,146,114,0,-32,https://www.basketball-reference.com/leagues/NBA_2026_games-october.html
2025-10-24,2025-10-24 23:30:00+00:00,Cleveland Cavaliers,Brooklyn Nets,131,124,0,-7,https://www.basketball-reference.com/leagues/NBA_2026_games-october.html
2025-10-24,2025-10-25 00:00:00+00:00,Detroit Pistons,Houston Rockets,115,111,0,-4,https://www.basketball-reference.com/leagues/NBA_2026_games-october.html
2025-10-24,2025-10-24 23:30:00+00:00,Boston Celtics,New York Knicks,95,105,1,10,https://www.basketball-reference.com/leagues/NBA_2026_games-october.html
2025-10-24,2025-10-24 23:00:00+00:00,Atlanta Hawks,Orlando Magic,111,107,0,-4,https://www.basketball-reference.com/leagues/NBA_2026_games-october.html
2025-10-24,2025-10-24 22:30:00+00:00,Milwaukee Bucks,Toronto Raptors,122,116,0,-6,https://www.basketball-reference.com/leagues/NBA_2026_games-october.html
2025-10-24,2025-10-25 00:00:00+00:00,San Antonio Spurs,New Orleans Pelicans,120,116,0,-4,https://www.basketball-reference.com/leagues/NBA_2026_games-october.html
2025-10-25,2025-10-25 23:00:00+00:00,Chicago Bulls,Orlando Magic,110,98,0,-12,https://www.basketball-reference.com/leagues/NBA_2026_games-october.html
2025-10-25,2025-10-25 23:30:00+00:00,Oklahoma City Thunder,Atlanta Hawks,117,100,0,-17,https://www.basketball-reference.com/leagues/NBA_2026_games-october.html
2025-10-25,2025-10-25 23:30:00+00:00,Charlotte Hornets,Philadelphia 76ers,121,125,1,4,https://www.basketball-reference.com/leagues/NBA_2026_games-october.html
2025-10-25,2025-10-26 00:00:00+00:00,Indiana Pacers,Memphis Grizzlies,103,128,1,25,https://www.basketball-reference.com/leagues/NBA_2026_games-october.html
2025-10-25,2025-10-26 01:00:00+00:00,Phoenix Suns,Denver Nuggets,111,133,1,22,https://www.basketball-reference.com/leagues/NBA_2026_games-october.html
2025-10-26,2025-10-26 23:00:00+00:00,Indiana Pacers,Minnesota Timberwolves,110,114,1,4,https://www.basketball-reference.com/leagues/NBA_2026_games-october.html
2025-10-26,2025-10-27 01:00:00+00:00,Portland Trail Blazers,Los Angeles Clippers,107,114,1,7,https://www.basketball-reference.com/leagues/NBA_2026_games-october.html
2025-10-26,2025-10-26 23:30:00+00:00,Toronto Raptors,Dallas Mavericks,129,139,1,10,https://www.basketball-reference.com/leagues/NBA_2026_games-october.html
2025-10-26,2025-10-26 22:00:00+00:00,Milwaukee Bucks,Cleveland Cavaliers,113,118,1,5,https://www.basketball-reference.com/leagues/NBA_2026_games-october.html
2025-10-26,2025-10-27 01:00:00+00:00,Los Angeles Lakers,Sacramento Kings,127,120,0,-7,https://www.basketball-reference.com/leagues/NBA_2026_games-october.html
2025-10-26,2025-10-26 22:00:00+00:00,Charlotte Hornets,Washington Wizards,139,113,0,-26,https://www.basketball-reference.com/leagues/NBA_2026_games-october.html
2025-10-26,2025-10-26 19:30:00+00:00,Boston Celtics,Detroit Pistons,113,119,1,6,https://www.basketball-reference.com/leagues/NBA_2026_games-october.html
2025-10-26,2025-10-26 22:00:00+00:00,New York Knicks,Miami Heat,107,115,1,8,https://www.basketball-reference.com/leagues/NBA_2026_games-october.html
2025-10-26,2025-10-26 18:00:00+00:00,Brooklyn Nets,San Antonio Spurs,107,118,1,11,https://www.basketball-reference.com/leagues/NBA_2026_games-october.html
2025-10-27,2025-10-28 02:30:00+00:00,Portland Trail Blazers,Los Angeles Lakers,122,108,0,-14,https://www.basketball-reference.com/leagues/NBA_2026_games-october.html
2025-10-27,2025-10-28 02:00:00+00:00,Memphis Grizzlies,Golden State Warriors,118,131,1,13,https://www.basketball-reference.com/leagues/NBA_2026_games-october.html
2025-10-27,2025-10-28 01:00:00+00:00,Phoenix Suns,Utah Jazz,134,138,1,4,https://www.basketball-reference.com/leagues/NBA_2026_games-october.html
2025-10-27,2025-10-28 00:30:00+00:00,Oklahoma City Thunder,Dallas Mavericks,101,94,0,-7,https://www.basketball-reference.com/leagues/NBA_2026_games-october.html
2025-10-27,2025-10-28 00:00:00+00:00,Toronto Raptors,San Antonio Spurs,103,121,1,18,https://www.basketball-reference.com/leagues/NBA_2026_games-october.html
2025-10-27,2025-10-28 01:30:00+00:00,Denver Nuggets,Minnesota Timberwolves,127,114,0,-13,https://www.basketball-reference.com/leagues/NBA_2026_games-october.html
2025-10-27,2025-10-28 00:00:00+00:00,Brooklyn Nets,Houston Rockets,109,137,1,28,https://www.basketball-reference.com/leagues/NBA_2026_games-october.html
2025-10-27,2025-10-28 00:00:00+00:00,Atlanta Hawks,Chicago Bulls,123,128,1,5,https://www.basketball-reference.com/leagues/NBA_2026_games-october.html
2025-10-27,2025-10-27 23:00:00+00:00,Orlando Magic,Philadelphia 76ers,124,136,1,12,https://www.basketball-reference.com/leagues/NBA_2026_games-october.html
2025-10-27,2025-10-27 23:00:00+00:00,Cleveland Cavaliers,Detroit Pistons,116,95,0,-21,https://www.basketball-reference.com/leagues/NBA_2026_games-october.html
2025-10-27,2025-10-28 00:00:00+00:00,Boston Celtics,New Orleans Pelicans,122,90,0,-32,https://www.basketball-reference.com/leagues/NBA_2026_games-october.html
2025-10-28,2025-10-28 23:00:00+00:00,Philadelphia 76ers,Washington Wizards,139,134,0,-5,https://www.basketball-reference.com/leagues/NBA_2026_games-october.html
2025-10-28,2025-10-28 23:30:00+00:00,Charlotte Hornets,Miami Heat,117,144,1,27,https://www.basketball-reference.com/leagues/NBA_2026_games-october.html
2025-10-28,2025-10-29 00:00:00+00:00,New York Knicks,Milwaukee Bucks,111,121,1,10,https://www.basketball-reference.com/leagues/NBA_2026_games-october.html
2025-10-28,2025-10-29 00:00:00+00:00,Sacramento Kings,Oklahoma City Thunder,101,107,1,6,https://www.basketball-reference.com/leagues/NBA_2026_games-october.html
2025-10-28,2025-10-29 03:00:00+00:00,Los Angeles Clippers,Golden State Warriors,79,98,1,19,https://www.basketball-reference.com/leagues/NBA_2026_games-october.html
2025-10-29,2025-10-30 01:00:00+00:00,Portland Trail Blazers,Utah Jazz,136,134,0,-2,https://www.basketball-reference.com/leagues/NBA_2026_games-october.html
2025-10-29,2025-10-30 01:30:00+00:00,Los Angeles Lakers,Minnesota Timberwolves,116,115,0,-1,https://www.basketball-reference.com/leagues/NBA_2026_games-october.html
2025-10-29,2025-10-30 02:00:00+00:00,Memphis Grizzlies,Phoenix Suns,114,113,0,-1,https://www.basketball-reference.com/leagues/NBA_2026_games-october.html
2025-10-29,2025-10-30 01:00:00+00:00,New Orleans Pelicans,Denver Nuggets,88,122,1,34,https://www.basketball-reference.com/leagues/NBA_2026_games-october.html
2025-10-29,2025-10-30 00:30:00+00:00,Indiana Pacers,Dallas Mavericks,105,107,1,2,https://www.basketball-reference.com/leagues/NBA_2026_games-october.html
2025-10-29,2025-10-29 23:00:00+00:00,Cleveland Cavaliers,Boston Celtics,105,125,1,20,https://www.basketball-reference.com/leagues/NBA_2026_games-october.html
2025-10-29,2025-10-29 23:30:00+00:00,Atlanta Hawks,Brooklyn Nets,117,112,0,-5,https://www.basketball-reference.com/leagues/NBA_2026_games-october.html
2025-10-29,2025-10-29 23:00:00+00:00,Orlando Magic,Detroit Pistons,116,135,1,19,https://www.basketball-reference.com/leagues/NBA_2026_games-october.html
2025-10-29,2025-10-29 22:30:00+00:00,Houston Rockets,Toronto Raptors,139,121,0,-18,https://www.basketball-reference.com/leagues/NBA_2026_games-october.html
2025-10-29,2025-10-30 00:00:00+00:00,Sacramento Kings,Chicago Bulls,113,126,1,13,https://www.basketball-reference.com/leagues/NBA_2026_games-october.html
2025-10-30,2025-10-30 23:00:00+00:00,Orlando Magic,Charlotte Hornets,123,107,0,-16,https://www.basketball-reference.com/leagues/NBA_2026_games-october.html
2025-10-30,2025-10-31 00:00:00+00:00,Golden State Warriors,Milwaukee Bucks,110,120,1,10,https://www.basketball-reference.com/leagues/NBA_2026_games-october.html
2025-10-30,2025-10-31 00:00:00+00:00,Washington Wizards,Oklahoma City Thunder,108,127,1,19,https://www.basketball-reference.com/leagues/NBA_2026_games-october.html
2025-10-30,2025-10-31 00:30:00+00:00,Miami Heat,San Antonio Spurs,101,107,1,6,https://www.basketball-reference.com/leagues/NBA_2026_games-october.html
2025-10-31,2025-11-01 02:30:00+00:00,New Orleans Pelicans,Los Angeles Clippers,124,126,1,2,https://www.basketball-reference.com/leagues/NBA_2026_games-october.html
2025-10-31,2025-11-01 02:00:00+00:00,Denver Nuggets,Portland Trail Blazers,107,109,1,2,https://www.basketball-reference.com/leagues/NBA_2026_games-october.html
2025-10-31,2025-11-01 02:00:00+00:00,Utah Jazz,Phoenix Suns,96,118,1,22,https://www.basketball-reference.com/leagues/NBA_2026_games-october.html
2025-10-31,2025-11-01 01:30:00+00:00,Los Angeles Lakers,Memphis Grizzlies,117,112,0,-5,https://www.basketball-reference.com/leagues/NBA_2026_games-october.html
2025-10-31,2025-10-31 23:00:00+00:00,Atlanta Hawks,Indiana Pacers,128,108,0,-20,https://www.basketball-reference.com/leagues/NBA_2026_games-october.html
2025-10-31,2025-10-31 23:30:00+00:00,Toronto Raptors,Cleveland Cavaliers,112,101,0,-11,https://www.basketball-reference.com/leagues/NBA_2026_games-october.html
2025-10-31,2025-10-31 23:00:00+00:00,Boston Celtics,Philadelphia 76ers,109,108,0,-1,https://www.basketball-reference.com/leagues/NBA_2026_games-october.html
2025-10-31,2025-11-01 00:00:00+00:00,New York Knicks,Chicago Bulls,125,135,1,10,https://www.basketball-reference.com/leagues/NBA_2026_games-october.html
2025-11-01,2025-11-02 02:00:00+00:00,Dallas Mavericks,Detroit Pistons,110,122,1,12,https://www.basketball-reference.com/leagues/NBA_2026_games-november.html
2025-11-01,2025-11-02 00:00:00+00:00,Houston Rockets,Boston Celtics,128,101,0,-27,https://www.basketball-reference.com/leagues/NBA_2026_games-november.html
2025-11-01,2025-11-01 23:00:00+00:00,Orlando Magic,Washington Wizards,125,94,0,-31,https://www.basketball-reference.com/leagues/NBA_2026_games-november.html
2025-11-01,2025-11-01 22:00:00+00:00,Minnesota Timberwolves,Charlotte Hornets,122,105,0,-17,https://www.basketball-reference.com/leagues/NBA_2026_games-november.html
2025-11-01,2025-11-01 21:00:00+00:00,Sacramento Kings,Milwaukee Bucks,135,133,0,-2,https://www.basketball-reference.com/leagues/NBA_2026_games-november.html
2025-11-01,2025-11-01 23:00:00+00:00,Golden State Warriors,Indiana Pacers,109,114,1,5,https://www.basketball-reference.com/leagues/NBA_2026_games-november.html
2025-11-02,2025-11-02 20:30:00+00:00,New Orleans Pelicans,Oklahoma City Thunder,106,137,1,31,https://www.basketball-reference.com/leagues/NBA_2026_games-november.html
2025-11-02,2025-11-02 23:00:00+00:00,Philadelphia 76ers,Brooklyn Nets,129,105,0,-24,https://www.basketball-reference.com/leagues/NBA_2026_games-november.html
2025-11-02,2025-11-02 23:00:00+00:00,Utah Jazz,Charlotte Hornets,103,126,1,23,https://www.basketball-reference.com/leagues/NBA_2026_games-november.html
2025-11-02,2025-11-02 23:00:00+00:00,Atlanta Hawks,Cleveland Cavaliers,109,117,1,8,https://www.basketball-reference.com/leagues/NBA_2026_games-november.html
2025-11-02,2025-11-02 23:00:00+00:00,Memphis Grizzlies,Toronto Raptors,104,117,1,13,https://www.basketball-reference.com/leagues/NBA_2026_games-november.html
2025-11-02,2025-11-03 00:00:00+00:00,Chicago Bulls,New York Knicks,116,128,1,12,https://www.basketball-reference.com/leagues/NBA_2026_games-november.html
2025-11-02,2025-11-03 01:00:00+00:00,San Antonio Spurs,Phoenix Suns,118,130,1,12,https://www.basketball-reference.com/leagues/NBA_2026_games-november.html
2025-11-02,2025-11-03 02:30:00+00:00,Miami Heat,Los Angeles Lakers,120,130,1,10,https://www.basketball-reference.com/leagues/NBA_2026_games-november.html
2025-11-03,2025-11-04 03:30:00+00:00,Miami Heat,Los Angeles Clippers,120,119,0,-1,https://www.basketball-reference.com/leagues/NBA_2026_games-november.html
2025-11-03,2025-11-04 03:00:00+00:00,Los Angeles Lakers,Portland Trail Blazers,123,115,0,-8,https://www.basketball-reference.com/leagues/NBA_2026_games-november.html
2025-11-03,2025-11-04 02:00:00+00:00,Sacramento Kings,Denver Nuggets,124,130,1,6,https://www.basketball-reference.com/leagues/NBA_2026_games-november.html
2025-11-03,2025-11-04 01:00:00+00:00,Detroit Pistons,Memphis Grizzlies,114,106,0,-8,https://www.basketball-reference.com/leagues/NBA_2026_games-november.html
2025-11-03,2025-11-04 00:00:00+00:00,Minnesota Timberwolves,Brooklyn Nets,125,109,0,-16,https://www.basketball-reference.com/leagues/NBA_2026_games-november.html
2025-11-03,2025-11-04 00:30:00+00:00,Washington Wizards,New York Knicks,102,119,1,17,https://www.basketball-reference.com/leagues/NBA_2026_games-november.html
2025-11-03,2025-11-04 00:30:00+00:00,Utah Jazz,Boston Celtics,105,103,0,-2,https://www.basketball-reference.com/leagues/NBA_2026_games-november.html
2025-11-03,2025-11-04 00:00:00+00:00,Milwaukee Bucks,Indiana Pacers,117,115,0,-2,https://www.basketball-reference.com/leagues/NBA_2026_games-november.html
2025-11-03,2025-11-04 01:00:00+00:00,Dallas Mavericks,Houston Rockets,102,110,1,8,https://www.basketball-reference.com/leagues/NBA_2026_games-november.html
2025-11-04,2025-11-05 04:00:00+00:00,Oklahoma City Thunder,Los Angeles Clippers,126,107,0,-19,https://www.basketball-reference.com/leagues/NBA_2026_games-november.html
2025-11-04,2025-11-05 03:00:00+00:00,Phoenix Suns,Golden State Warriors,107,118,1,11,https://www.basketball-reference.com/leagues/NBA_2026_games-november.html
2025-11-04,2025-11-05 01:00:00+00:00,Charlotte Hornets,New Orleans Pelicans,112,116,1,4,https://www.basketball-reference.com/leagues/NBA_2026_games-november.html
2025-11-04,2025-11-05 01:00:00+00:00,Orlando Magic,Atlanta Hawks,112,127,1,15,https://www.basketball-reference.com/leagues/NBA_2026_games-november.html
2025-11-04,2025-11-05 00:30:00+00:00,Milwaukee Bucks,Toronto Raptors,100,128,1,28,https://www.basketball-reference.com/leagues/NBA_2026_games-november.html
2025-11-04,2025-11-05 01:00:00+00:00,Philadelphia 76ers,Chicago Bulls,111,113,1,2,https://www.basketball-reference.com/leagues/NBA_2026_games-november.html
2025-11-05,2025-11-06 00:00:00+00:00,Philadelphia 76ers,Cleveland Cavaliers,121,132,1,11,https://www.basketball-reference.com/leagues/NBA_2026_games-november.html
2025-11-05,2025-11-06 00:00:00+00:00,Utah Jazz,Detroit Pistons,103,114,1,11,https://www.basketball-reference.com/leagues/NBA_2026_games-november.html
2025-11-05,2025-11-06 00:00:00+00:00,Brooklyn Nets,Indiana Pacers,112,103,0,-9,https://www.basketball-reference.com/leagues/NBA_2026_games-november.html
2025-11-05,2025-11-06 00:30:00+00:00,Washington Wizards,Boston Celtics,107,136,1,29,https://www.basketball-reference.com/leagues/NBA_2026_games-november.html
2025-11-05,2025-11-06 00:30:00+00:00,Minnesota Timberwolves,New York Knicks,114,137,1,23,https://www.basketball-reference.com/leagues/NBA_2026_games-november.html
2025-11-05,2025-11-06 01:00:00+00:00,Houston Rockets,Memphis Grizzlies,124,109,0,-15,https://www.basketball-reference.com/leagues/NBA_2026_games-november.html
2025-11-05,2025-11-06 01:30:00+00:00,New Orleans Pelicans,Dallas Mavericks,101,99,0,-2,https://www.basketball-reference.com/leagues/NBA_2026_games-november.html
2025-11-05,2025-11-06 02:00:00+00:00,Miami Heat,Denver Nuggets,112,122,1,10,https://www.basketball-reference.com/leagues/NBA_2026_games-november.html
2025-11-05,2025-11-06 03:00:00+00:00,San Antonio Spurs,Los Angeles Lakers,116,118,1,2,https://www.basketball-reference.com/leagues/NBA_2026_games-november.html
2025-11-05,2025-11-06 03:00:00+00:00,Oklahoma City Thunder,Portland Trail Blazers,119,121,1,2,https://www.basketball-reference.com/leagues/NBA_2026_games-november.html
2025-11-05,2025-11-06 03:00:00+00:00,Golden State Warriors,Sacramento Kings,116,121,1,5,https://www.basketball-reference.com/leagues/NBA_2026_games-november.html
2025-11-06,2025-11-07 02:00:00+00:00,Los Angeles Clippers,Phoenix Suns,102,115,1,13,https://www.basketball-reference.com/leagues/NBA_2026_games-november.html
2025-11-07,2025-11-08 01:00:00+00:00,Chicago Bulls,Milwaukee Bucks,110,126,1,16,https://www.basketball-reference.com/leagues/NBA_2026_games-november.html
2025-11-07,2025-11-08 01:00:00+00:00,Utah Jazz,Minnesota Timberwolves,97,137,1,40,https://www.basketball-reference.com/leagues/NBA_2026_games-november.html
2025-11-07,2025-11-08 00:30:00+00:00,Houston Rockets,San Antonio Spurs,110,121,1,11,https://www.basketball-reference.com/leagues/NBA_2026_games-november.html
2025-11-07,2025-11-08 03:00:00+00:00,Oklahoma City Thunder,Sacramento Kings,132,101,0,-31,https://www.basketball-reference.com/leagues/NBA_2026_games-november.html
2025-11-07,2025-11-08 03:00:00+00:00,Golden State Warriors,Denver Nuggets,104,129,1,25,https://www.basketball-reference.com/leagues/NBA_2026_games-november.html
2025-11-07,2025-11-08 01:00:00+00:00,Charlotte Hornets,Miami Heat,108,126,1,18,https://www.basketball-reference.com/leagues/NBA_2026_games-november.html
2025-11-07,2025-11-08 00:30:00+00:00,Toronto Raptors,Atlanta Hawks,109,97,0,-12,https://www.basketball-reference.com/leagues/NBA_2026_games-november.html
2025-11-07,2025-11-08 00:30:00+00:00,Detroit Pistons,Brooklyn Nets,125,107,0,-18,https://www.basketball-reference.com/leagues/NBA_2026_games-november.html
2025-11-07,2025-11-08 00:00:00+00:00,Cleveland Cavaliers,Washington Wizards,148,115,0,-33,https://www.basketball-reference.com/leagues/NBA_2026_games-november.html
2025-11-07,2025-11-08 00:00:00+00:00,Boston Celtics,Orlando Magic,110,123,1,13,https://www.basketball-reference.com/leagues/NBA_2026_games-november.html
2025-11-07,2025-11-08 01:00:00+00:00,Dallas Mavericks,Memphis Grizzlies,104,118,1,14,https://www.basketball-reference.com/leagues/NBA_2026_games-november.html
2025-11-08,2025-11-09 00:00:00+00:00,Dallas Mavericks,Washington Wizards,111,105,0,-6,https://www.basketball-reference.com/leagues/NBA_2026_games-november.html
2025-11-08,2025-11-09 00:30:00+00:00,Toronto Raptors,Philadelphia 76ers,120,130,1,10,https://www.basketball-reference.com/leagues/NBA_2026_games-november.html
2025-11-08,2025-11-09 01:00:00+00:00,Los Angeles Lakers,Atlanta Hawks,102,122,1,20,https://www.basketball-reference.com/leagues/NBA_2026_games-november.html
2025-11-08,2025-11-09 01:00:00+00:00,Chicago Bulls,Cleveland Cavaliers,122,128,1,6,https://www.basketball-reference.com/leagues/NBA_2026_games-november.html
2025-11-08,2025-11-09 01:00:00+00:00,Portland Trail Blazers,Miami Heat,131,136,1,5,https://www.basketball-reference.com/leagues/NBA_2026_games-november.html
2025-11-08,2025-11-09 01:00:00+00:00,New Orleans Pelicans,San Antonio Spurs,119,126,1,7,https://www.basketball-reference.com/leagues/NBA_2026_games-november.html
2025-11-08,2025-11-09 02:00:00+00:00,Indiana Pacers,Denver Nuggets,100,117,1,17,https://www.basketball-reference.com/leagues/NBA_2026_games-november.html
2025-11-08,2025-11-09 03:30:00+00:00,Phoenix Suns,Los Angeles Clippers,114,103,0,-11,https://www.basketball-reference.com/leagues/NBA_2026_games-november.html
2025-11-09,2025-11-10 02:00:00+00:00,Minnesota Timberwolves,Sacramento Kings,144,117,0,-27,https://www.basketball-reference.com/leagues/NBA_2026_games-november.html
2025-11-09,2025-11-10 00:30:00+00:00,Detroit Pistons,Philadelphia 76ers,111,108,0,-3,https://www.basketball-reference.com/leagues/NBA_2026_games-november.html
2025-11-09,2025-11-09 23:00:00+00:00,Boston Celtics,Orlando Magic,111,107,0,-4,https://www.basketball-reference.com/leagues/NBA_2026_games-november.html
2025-11-09,2025-11-10 01:30:00+00:00,Indiana Pacers,Golden State Warriors,83,114,1,31,https://www.basketball-reference.com/leagues/NBA_2026_games-november.html
2025-11-09,2025-11-09 23:00:00+00:00,Oklahoma City Thunder,Memphis Grizzlies,114,100,0,-14,https://www.basketball-reference.com/leagues/NBA_2026_games-november.html
2025-11-09,2025-11-09 20:30:00+00:00,Houston Rockets,Milwaukee Bucks,122,115,0,-7,https://www.basketball-reference.com/leagues/NBA_2026_games-november.html
2025-11-09,2025-11-09 23:00:00+00:00,Brooklyn Nets,New York Knicks,98,134,1,36,https://www.basketball-reference.com/leagues/NBA_2026_games-november.html
2025-11-10,2025-11-11 03:30:00+00:00,Atlanta Hawks,Los Angeles Clippers,105,102,0,-3,https://www.basketball-reference.com/leagues/NBA_2026_games-november.html
2025-11-10,2025-11-11 02:00:00+00:00,Minnesota Timberwolves,Utah Jazz,120,113,0,-7,https://www.basketball-reference.com/leagues/NBA_2026_games-november.html
2025-11-10,2025-11-11 01:30:00+00:00,Milwaukee Bucks,Dallas Mavericks,116,114,0,-2,https://www.basketball-reference.com/leagues/NBA_2026_games-november.html
2025-11-10,2025-11-11 01:00:00+00:00,San Antonio Spurs,Chicago Bulls,121,117,0,-4,https://www.basketball-reference.com/leagues/NBA_2026_games-november.html
2025-11-10,2025-11-11 02:00:00+00:00,New Orleans Pelicans,Phoenix Suns,98,121,1,23,https://www.basketball-reference.com/leagues/NBA_2026_games-november.html
2025-11-10,2025-11-11 00:00:00+00:00,Portland Trail Blazers,Orlando Magic,112,115,1,3,https://www.basketball-reference.com/leagues/NBA_2026_games-november.html
2025-11-10,2025-11-11 00:00:00+00:00,Washington Wizards,Detroit Pistons,135,137,1,2,https://www.basketball-reference.com/leagues/NBA_2026_games-november.html
2025-11-10,2025-11-11 00:00:00+00:00,Los Angeles Lakers,Charlotte Hornets,121,111,0,-10,https://www.basketball-reference.com/leagues/NBA_2026_games-november.html
2025-11-10,2025-11-11 00:30:00+00:00,Cleveland Cavaliers,Miami Heat,138,140,1,2,https://www.basketball-reference.com/leagues/NBA_2026_games-november.html
2025-11-11,2025-11-12 00:30:00+00:00,Toronto Raptors,Brooklyn Nets,119,109,0,-10,https://www.basketball-reference.com/leagues/NBA_2026_games-november.html
2025-11-11,2025-11-12 00:30:00+00:00,Memphis Grizzlies,New York Knicks,120,133,1,13,https://www.basketball-reference.com/leagues/NBA_2026_games-november.html
2025-11-11,2025-11-12 01:00:00+00:00,Golden State Warriors,Oklahoma City Thunder,102,126,1,24,https://www.basketball-reference.com/leagues/NBA_2026_games-november.html
2025-11-11,2025-11-12 01:00:00+00:00,Boston Celtics,Philadelphia 76ers,100,102,1,2,https://www.basketball-reference.com/leagues/NBA_2026_games-november.html
2025-11-11,2025-11-12 02:00:00+00:00,Indiana Pacers,Utah Jazz,128,152,1,24,https://www.basketball-reference.com/leagues/NBA_2026_games-november.html
2025-11-11,2025-11-12 04:00:00+00:00,Denver Nuggets,Sacramento Kings,122,108,0,-14,https://www.basketball-reference.com/leagues/NBA_2026_games-november.html
2025-11-12,2025-11-13 01:30:00+00:00,Phoenix Suns,Dallas Mavericks,123,114,0,-9,https://www.basketball-reference.com/leagues/NBA_2026_games-november.html
2025-11-12,2025-11-13 02:30:00+00:00,Los Angeles Lakers,Oklahoma City Thunder,92,121,1,29,https://www.basketball-reference.com/leagues/NBA_2026_games-november.html
2025-11-12,2025-11-13 01:00:00+00:00,Golden State Warriors,San Antonio Spurs,125,120,0,-5,https://www.basketball-reference.com/leagues/NBA_2026_games-november.html
2025-11-12,2025-11-13 03:30:00+00:00,Denver Nuggets,Los Angeles Clippers,130,116,0,-14,https://www.basketball-reference.com/leagues/NBA_2026_games-november.html
2025-11-12,2025-11-13 03:00:00+00:00,Atlanta Hawks,Sacramento Kings,133,100,0,-33,https://www.basketball-reference.com/leagues/NBA_2026_games-november.html
2025-11-12,2025-11-13 01:00:00+00:00,Portland Trail Blazers,New Orleans Pelicans,125,117,0,-8,https://www.basketball-reference.com/leagues/NBA_2026_games-november.html
2025-11-12,2025-11-13 00:30:00+00:00,Cleveland Cavaliers,Miami Heat,130,116,0,-14,https://www.basketball-reference.com/leagues/NBA_2026_games-november.html
2025-11-12,2025-11-13 01:00:00+00:00,Washington Wizards,Houston Rockets,112,135,1,23,https://www.basketball-reference.com/leagues/NBA_2026_games-november.html
2025-11-12,2025-11-13 00:30:00+00:00,Memphis Grizzlies,Boston Celtics,95,131,1,36,https://www.basketball-reference.com/leagues/NBA_2026_games-november.html
2025-11-12,2025-11-13 00:00:00+00:00,Orlando Magic,New York Knicks,124,107,0,-17,https://www.basketball-reference.com/leagues/NBA_2026_games-november.html
2025-11-12,2025-11-13 00:00:00+00:00,Chicago Bulls,Detroit Pistons,113,124,1,11,https://www.basketball-reference.com/leagues/NBA_2026_games-november.html
2025-11-12,2025-11-13 00:00:00+00:00,Milwaukee Bucks,Charlotte Hornets,100,111,1,11,https://www.basketball-reference.com/leagues/NBA_2026_games-november.html
2025-11-13,2025-11-14 00:00:00+00:00,Toronto Raptors,Cleveland Cavaliers,126,113,0,-13,https://www.basketball-reference.com/leagues/NBA_2026_games-november.html
2025-11-13,2025-11-14 02:00:00+00:00,Indiana Pacers,Phoenix Suns,98,133,1,35,https://www.basketball-reference.com/leagues/NBA_2026_games-november.html
2025-11-13,2025-11-14 02:00:00+00:00,Atlanta Hawks,Utah Jazz,132,122,0,-10,https://www.basketball-reference.com/leagues/NBA_2026_games-november.html
2025-11-14,2025-11-15 01:30:00+00:00,Los Angeles Clippers,Dallas Mavericks,133,127,0,-6,https://www.basketball-reference.com/leagues/NBA_2026_games-november.html
2025-11-14,2025-11-15 01:00:00+00:00,Los Angeles Lakers,New Orleans Pelicans,118,104,0,-14,https://www.basketball-reference.com/leagues/NBA_2026_games-november.html
2025-11-14,2025-11-15 01:00:00+00:00,Sacramento Kings,Minnesota Timberwolves,110,124,1,14,https://www.basketball-reference.com/leagues/NBA_2026_games-november.html
2025-11-14,2025-11-15 01:00:00+00:00,Charlotte Hornets,Milwaukee Bucks,134,147,1,13,https://www.basketball-reference.com/leagues/NBA_2026_games-november.html
2025-11-14,2025-11-15 02:30:00+00:00,Golden State Warriors,San Antonio Spurs,109,108,0,-1,https://www.basketball-reference.com/leagues/NBA_2026_games-november.html
2025-11-14,2025-11-15 00:30:00+00:00,Philadelphia 76ers,Detroit Pistons,105,114,1,9,https://www.basketball-reference.com/leagues/NBA_2026_games-november.html
2025-11-14,2025-11-15 00:00:00+00:00,Miami Heat,New York Knicks,132,140,1,8,https://www.basketball-reference.com/leagues/NBA_2026_games-november.html
2025-11-14,2025-11-15 01:00:00+00:00,Portland Trail Blazers,Houston Rockets,116,140,1,24,https://www.basketball-reference.com/leagues/NBA_2026_games-november.html
2025-11-14,2025-11-15 00:00:00+00:00,Brooklyn Nets,Orlando Magic,98,105,1,7,https://www.basketball-reference.com/leagues/NBA_2026_games-november.html
2025-11-15,2025-11-16 01:00:00+00:00,Los Angeles Lakers,Milwaukee Bucks,119,95,0,-24,https://www.basketball-reference.com/leagues/NBA_2026_games-november.html
2025-11-15,2025-11-16 01:00:00+00:00,Denver Nuggets,Minnesota Timberwolves,123,112,0,-11,https://www.basketball-reference.com/leagues/NBA_2026_games-november.html
2025-11-15,2025-11-16 00:00:00+00:00,Toronto Raptors,Indiana Pacers,129,111,0,-18,https://www.basketball-reference.com/leagues/NBA_2026_games-november.html
2025-11-15,2025-11-15 22:00:00+00:00,Memphis Grizzlies,Cleveland Cavaliers,100,108,1,8,https://www.basketball-reference.com/leagues/NBA_2026_games-november.html
2025-11-15,2025-11-16 00:00:00+00:00,Oklahoma City Thunder,Charlotte Hornets,109,96,0,-13,https://www.basketball-reference.com/leagues/NBA_2026_games-november.html
2025-11-16,2025-11-16 20:30:00+00:00,Los Angeles Clippers,Boston Celtics,118,121,1,3,https://www.basketball-reference.com/leagues/NBA_2026_games-november.html
2025-11-16,2025-11-16 21:00:00+00:00,Sacramento Kings,San Antonio Spurs,110,123,1,13,https://www.basketball-reference.com/leagues/NBA_2026_games-november.html
2025-11-16,2025-11-16 23:00:00+00:00,Brooklyn Nets,Washington Wizards,129,106,0,-23,https://www.basketball-reference.com/leagues/NBA_2026_games-november.html
2025-11-16,2025-11-17 00:00:00+00:00,Orlando Magic,Houston Rockets,113,117,1,4,https://www.basketball-reference.com/leagues/NBA_2026_games-november.html
2025-11-16,2025-11-17 00:00:00+00:00,Golden State Warriors,New Orleans Pelicans,124,106,0,-18,https://www.basketball-reference.com/leagues/NBA_2026_games-november.html
2025-11-16,2025-11-17 00:30:00+00:00,Portland Trail Blazers,Dallas Mavericks,133,138,1,5,https://www.basketball-reference.com/leagues/NBA_2026_games-november.html
2025-11-16,2025-11-17 01:00:00+00:00,Atlanta Hawks,Phoenix Suns,124,122,0,-2,https://www.basketball-reference.com/leagues/NBA_2026_games-november.html
2025-11-16,2025-11-17 01:00:00+00:00,Chicago Bulls,Utah Jazz,147,150,1,3,https://www.basketball-reference.com/leagues/NBA_2026_games-november.html
2025-11-17,2025-11-18 01:00:00+00:00,Dallas Mavericks,Minnesota Timberwolves,96,120,1,24,https://www.basketball-reference.com/leagues/NBA_2026_games-november.html
2025-11-17,2025-11-18 01:00:00+00:00,Oklahoma City Thunder,New Orleans Pelicans,126,109,0,-17,https://www.basketball-reference.com/leagues/NBA_2026_games-november.html
2025-11-17,2025-11-18 00:30:00+00:00,Charlotte Hornets,Toronto Raptors,108,110,1,2,https://www.basketball-reference.com/leagues/NBA_2026_games-november.html
2025-11-17,2025-11-18 02:00:00+00:00,Chicago Bulls,Denver Nuggets,130,127,0,-3,https://www.basketball-reference.com/leagues/NBA_2026_games-november.html
2025-11-17,2025-11-18 00:00:00+00:00,Los Angeles Clippers,Philadelphia 76ers,108,110,1,2,https://www.basketball-reference.com/leagues/NBA_2026_games-november.html
2025-11-17,2025-11-18 00:00:00+00:00,Indiana Pacers,Detroit Pistons,112,127,1,15,https://www.basketball-reference.com/leagues/NBA_2026_games-november.html
2025-11-17,2025-11-18 00:00:00+00:00,Milwaukee Bucks,Cleveland Cavaliers,106,118,1,12,https://www.basketball-reference.com/leagues/NBA_2026_games-november.html
2025-11-17,2025-11-18 00:30:00+00:00,New York Knicks,Miami Heat,113,115,1,2,https://www.basketball-reference.com/leagues/NBA_2026_games-november.html
2025-11-18,2025-11-19 04:00:00+00:00,Phoenix Suns,Portland Trail Blazers,127,110,0,-17,https://www.basketball-reference.com/leagues/NBA_2026_games-november.html
2025-11-18,2025-11-19 01:00:00+00:00,Memphis Grizzlies,San Antonio Spurs,101,111,1,10,https://www.basketball-reference.com/leagues/NBA_2026_games-november.html
2025-11-18,2025-11-19 03:30:00+00:00,Utah Jazz,Los Angeles Lakers,126,140,1,14,https://www.basketball-reference.com/leagues/NBA_2026_games-november.html
2025-11-18,2025-11-19 00:30:00+00:00,Detroit Pistons,Atlanta Hawks,120,112,0,-8,https://www.basketball-reference.com/leagues/NBA_2026_games-november.html
2025-11-18,2025-11-19 00:00:00+00:00,Golden State Warriors,Orlando Magic,113,121,1,8,https://www.basketball-reference.com/leagues/NBA_2026_games-november.html
2025-11-18,2025-11-19 00:30:00+00:00,Boston Celtics,Brooklyn Nets,113,99,0,-14,https://www.basketball-reference.com/leagues/NBA_2026_games-november.html
2025-11-19,2025-11-20 03:00:00+00:00,Chicago Bulls,Portland Trail Blazers,122,121,0,-1,https://www.basketball-reference.com/leagues/NBA_2026_games-november.html
2025-11-19,2025-11-20 02:30:00+00:00,New York Knicks,Dallas Mavericks,113,111,0,-2,https://www.basketball-reference.com/leagues/NBA_2026_games-november.html
2025-11-19,2025-11-20 01:00:00+00:00,Denver Nuggets,New Orleans Pelicans,125,118,0,-7,https://www.basketball-reference.com/leagues/NBA_2026_games-november.html
2025-11-19,2025-11-20 01:00:00+00:00,Washington Wizards,Minnesota Timberwolves,109,120,1,11,https://www.basketball-reference.com/leagues/NBA_2026_games-november.html
2025-11-19,2025-11-20 01:00:00+00:00,Sacramento Kings,Oklahoma City Thunder,99,113,1,14,https://www.basketball-reference.com/leagues/NBA_2026_games-november.html
2025-11-19,2025-11-20 00:00:00+00:00,Toronto Raptors,Philadelphia 76ers,121,112,0,-9,https://www.basketball-reference.com/leagues/NBA_2026_games-november.html
2025-11-19,2025-11-20 00:00:00+00:00,Charlotte Hornets,Indiana Pacers,118,127,1,9,https://www.basketball-reference.com/leagues/NBA_2026_games-november.html
2025-11-19,2025-11-20 00:00:00+00:00,Houston Rockets,Cleveland Cavaliers,114,104,0,-10,https://www.basketball-reference.com/leagues/NBA_2026_games-november.html
2025-11-19,2025-11-20 00:30:00+00:00,Golden State Warriors,Miami Heat,96,110,1,14,https://www.basketball-reference.com/leagues/NBA_2026_games-november.html
2025-11-20,2025-11-21 00:00:00+00:00,Los Angeles Clippers,Orlando Magic,101,129,1,28,https://www.basketball-reference.com/leagues/NBA_2026_games-november.html
2025-11-20,2025-11-21 01:00:00+00:00,Sacramento Kings,Memphis Grizzlies,96,137,1,41,https://www.basketball-reference.com/leagues/NBA_2026_games-november.html
2025-11-20,2025-11-21 01:00:00+00:00,Philadelphia 76ers,Milwaukee Bucks,123,114,0,-9,https://www.basketball-reference.com/leagues/NBA_2026_games-november.html
2025-11-20,2025-11-21 01:00:00+00:00,Atlanta Hawks,San Antonio Spurs,126,135,1,9,https://www.basketball-reference.com/leagues/NBA_2026_games-november.html
2025-11-21,2025-11-22 02:30:00+00:00,Denver Nuggets,Houston Rockets,112,109,0,-3,https://www.basketball-reference.com/leagues/NBA_2026_games-november.html
2025-11-21,2025-11-22 03:00:00+00:00,Portland Trail Blazers,Golden State Warriors,127,123,0,-4,https://www.basketball-reference.com/leagues/NBA_2026_games-november.html
2025-11-21,2025-11-22 03:00:00+00:00,Oklahoma City Thunder,Utah Jazz,144,112,0,-32,https://www.basketball-reference.com/leagues/NBA_2026_games-november.html
2025-11-21,2025-11-22 02:00:00+00:00,Minnesota Timberwolves,Phoenix Suns,113,114,1,1,https://www.basketball-reference.com/leagues/NBA_2026_games-november.html
2025-11-21,2025-11-22 00:30:00+00:00,Brooklyn Nets,Boston Celtics,113,105,0,-8,https://www.basketball-reference.com/leagues/NBA_2026_games-november.html
2025-11-21,2025-11-22 01:00:00+00:00,Miami Heat,Chicago Bulls,143,107,0,-36,https://www.basketball-reference.com/leagues/NBA_2026_games-november.html
2025-11-21,2025-11-22 00:30:00+00:00,Washington Wizards,Toronto Raptors,110,140,1,30,https://www.basketball-reference.com/leagues/NBA_2026_games-november.html
2025-11-21,2025-11-22 00:00:00+00:00,Indiana Pacers,Cleveland Cavaliers,109,120,1,11,https://www.basketball-reference.com/leagues/NBA_2026_games-november.html
2025-11-21,2025-11-22 01:30:00+00:00,New Orleans Pelicans,Dallas Mavericks,115,118,1,3,https://www.basketball-reference.com/leagues/NBA_2026_games-november.html
2025-11-22,2025-11-22 18:00:00+00:00,Los Angeles Clippers,Charlotte Hornets,131,116,0,-15,https://www.basketball-reference.com/leagues/NBA_2026_games-november.html
2025-11-22,2025-11-22 22:00:00+00:00,New York Knicks,Orlando Magic,121,133,1,12,https://www.basketball-reference.com/leagues/NBA_2026_games-november.html
2025-11-22,2025-11-23 00:00:00+00:00,Atlanta Hawks,New Orleans Pelicans,115,98,0,-17,https://www.basketball-reference.com/leagues/NBA_2026_games-november.html
2025-11-22,2025-11-23 01:00:00+00:00,Washington Wizards,Chicago Bulls,120,121,1,1,https://www.basketball-reference.com/leagues/NBA_2026_games-november.html
2025-11-22,2025-11-23 01:00:00+00:00,Detroit Pistons,Milwaukee Bucks,129,116,0,-13,https://www.basketball-reference.com/leagues/NBA_2026_games-november.html
2025-11-22,2025-11-23 01:30:00+00:00,Memphis Grizzlies,Dallas Mavericks,102,96,0,-6,https://www.basketball-reference.com/leagues/NBA_2026_games-november.html
2025-11-22,2025-11-23 03:00:00+00:00,Sacramento Kings,Denver Nuggets,128,123,0,-5,https://www.basketball-reference.com/leagues/NBA_2026_games-november.html
2025-11-23,2025-11-24 00:00:00+00:00,Portland Trail Blazers,Oklahoma City Thunder,95,122,1,27,https://www.basketball-reference.com/leagues/NBA_2026_games-november.html
2025-11-23,2025-11-24 01:00:00+00:00,San Antonio Spurs,Phoenix Suns,102,111,1,9,https://www.basketball-reference.com/leagues/NBA_2026_games-november.html
2025-11-23,2025-11-23 23:00:00+00:00,Brooklyn Nets,Toronto Raptors,109,119,1,10,https://www.basketball-reference.com/leagues/NBA_2026_games-november.html
2025-11-23,2025-11-24 01:00:00+00:00,Los Angeles Lakers,Utah Jazz,108,106,0,-2,https://www.basketball-reference.com/leagues/NBA_2026_games-november.html
2025-11-23,2025-11-23 23:00:00+00:00,Orlando Magic,Boston Celtics,129,138,1,9,https://www.basketball-reference.com/leagues/NBA_2026_games-november.html
2025-11-23,2025-11-23 23:00:00+00:00,Charlotte Hornets,Atlanta Hawks,110,113,1,3,https://www.basketball-reference.com/leagues/NBA_2026_games-november.html
2025-11-23,2025-11-23 18:00:00+00:00,Miami Heat,Philadelphia 76ers,127,117,0,-10,https://www.basketball-reference.com/leagues/NBA_2026_games-november.html
2025-11-23,2025-11-23 23:00:00+00:00,Los Angeles Clippers,Cleveland Cavaliers,105,120,1,15,https://www.basketball-reference.com/leagues/NBA_2026_games-november.html
2025-11-24,2025-11-25 03:00:00+00:00,Minnesota Timberwolves,Sacramento Kings,112,117,1,5,https://www.basketball-reference.com/leagues/NBA_2026_games-november.html
2025-11-24,2025-11-25 03:00:00+00:00,Utah Jazz,Golden State Warriors,117,134,1,17,https://www.basketball-reference.com/leagues/NBA_2026_games-november.html
2025-11-24,2025-11-25 01:00:00+00:00,Chicago Bulls,New Orleans Pelicans,130,143,1,13,https://www.basketball-reference.com/leagues/NBA_2026_games-november.html
2025-11-24,2025-11-25 02:30:00+00:00,Houston Rockets,Phoenix Suns,114,92,0,-22,https://www.basketball-reference.com/leagues/NBA_2026_games-november.html
2025-11-24,2025-11-25 01:00:00+00:00,Portland Trail Blazers,Milwaukee Bucks,115,103,0,-12,https://www.basketball-reference.com/leagues/NBA_2026_games-november.html
2025-11-24,2025-11-25 00:00:00+00:00,Cleveland Cavaliers,Toronto Raptors,99,110,1,11,https://www.basketball-reference.com/leagues/NBA_2026_games-november.html
2025-11-24,2025-11-25 00:30:00+00:00,Dallas Mavericks,Miami Heat,102,106,1,4,https://www.basketball-reference.com/leagues/NBA_2026_games-november.html
2025-11-24,2025-11-25 00:30:00+00:00,New York Knicks,Brooklyn Nets,113,100,0,-13,https://www.basketball-reference.com/leagues/NBA_2026_games-november.html
2025-11-24,2025-11-25 00:00:00+00:00,Detroit Pistons,Indiana Pacers,122,117,0,-5,https://www.basketball-reference.com/leagues/NBA_2026_games-november.html
2025-11-24,2025-11-25 01:00:00+00:00,Denver Nuggets,Memphis Grizzlies,125,115,0,-10,https://www.basketball-reference.com/leagues/NBA_2026_games-november.html
2025-11-25,2025-11-26 00:00:00+00:00,Atlanta Hawks,Washington Wizards,113,132,1,19,https://www.basketball-reference.com/leagues/NBA_2026_games-november.html
2025-11-25,2025-11-26 01:00:00+00:00,Orlando Magic,Philadelphia 76ers,144,103,0,-41,https://www.basketball-reference.com/leagues/NBA_2026_games-november.html
2025-11-25,2025-11-26 04:00:00+00:00,Los Angeles Clippers,Los Angeles Lakers,118,135,1,17,https://www.basketball-reference.com/leagues/NBA_2026_games-november.html
2025-11-26,2025-11-27 03:00:00+00:00,Phoenix Suns,Sacramento Kings,112,100,0,-12,https://www.basketball-reference.com/leagues/NBA_2026_games-november.html
2025-11-26,2025-11-27 03:00:00+00:00,San Antonio Spurs,Portland Trail Blazers,115,102,0,-13,https://www.basketball-reference.com/leagues/NBA_2026_games-november.html
2025-11-26,2025-11-27 03:00:00+00:00,Houston Rockets,Golden State Warriors,104,100,0,-4,https://www.basketball-reference.com/leagues/NBA_2026_games-november.html
2025-11-26,2025-11-27 01:00:00+00:00,Memphis Grizzlies,New Orleans Pelicans,133,128,0,-5,https://www.basketball-reference.com/leagues/NBA_2026_games-november.html
2025-11-26,2025-11-27 00:30:00+00:00,Minnesota Timberwolves,Oklahoma City Thunder,105,113,1,8,https://www.basketball-reference.com/leagues/NBA_2026_games-november.html
2025-11-26,2025-11-27 00:30:00+00:00,Milwaukee Bucks,Miami Heat,103,106,1,3,https://www.basketball-reference.com/leagues/NBA_2026_games-november.html
2025-11-26,2025-11-27 00:00:00+00:00,New York Knicks,Charlotte Hornets,129,101,0,-28,https://www.basketball-reference.com/leagues/NBA_2026_games-november.html
2025-11-26,2025-11-26 22:00:00+00:00,Detroit Pistons,Boston Celtics,114,117,1,3,https://www.basketball-reference.com/leagues/NBA_2026_games-november.html
2025-11-26,2025-11-27 00:30:00+00:00,Indiana Pacers,Toronto Raptors,95,97,1,2,https://www.basketball-reference.com/leagues/NBA_2026_games-november.html
2025-11-28,2025-11-29 02:30:00+00:00,Phoenix Suns,Oklahoma City Thunder,119,123,1,4,https://www.basketball-reference.com/leagues/NBA_2026_games-november.html
2025-11-28,2025-11-29 03:00:00+00:00,Dallas Mavericks,Los Angeles Lakers,119,129,1,10,https://www.basketball-reference.com/leagues/NBA_2026_games-november.html
2025-11-28,2025-11-29 03:00:00+00:00,Memphis Grizzlies,Los Angeles Clippers,112,107,0,-5,https://www.basketball-reference.com/leagues/NBA_2026_games-november.html
2025-11-28,2025-11-29 02:30:00+00:00,Sacramento Kings,Utah Jazz,119,128,1,9,https://www.basketball-reference.com/leagues/NBA_2026_games-november.html
2025-11-28,2025-11-29 02:30:00+00:00,San Antonio Spurs,Denver Nuggets,139,136,0,-3,https://www.basketball-reference.com/leagues/NBA_2026_games-november.html
2025-11-28,2025-11-29 00:30:00+00:00,Orlando Magic,Detroit Pistons,112,109,0,-3,https://www.basketball-reference.com/leagues/NBA_2026_games-november.html
2025-11-28,2025-11-29 00:30:00+00:00,Washington Wizards,Indiana Pacers,86,119,1,33,https://www.basketball-reference.com/leagues/NBA_2026_games-november.html
2025-11-28,2025-11-29 00:30:00+00:00,Chicago Bulls,Charlotte Hornets,116,123,1,7,https://www.basketball-reference.com/leagues/NBA_2026_games-november.html
2025-11-28,2025-11-29 00:30:00+00:00,Philadelphia 76ers,Brooklyn Nets,115,103,0,-12,https://www.basketball-reference.com/leagues/NBA_2026_games-november.html
2025-11-28,2025-11-29 00:30:00+00:00,Cleveland Cavaliers,Atlanta Hawks,123,130,1,7,https://www.basketball-reference.com/leagues/NBA_2026_games-november.html
2025-11-28,2025-11-29 00:30:00+00:00,Milwaukee Bucks,New York Knicks,109,118,1,9,https://www.basketball-reference.com/leagues/NBA_2026_games-november.html
2025-11-29,2025-11-30 03:00:00+00:00,Dallas Mavericks,Los Angeles Clippers,114,110,0,-4,https://www.basketball-reference.com/leagues/NBA_2026_games-november.html
2025-11-29,2025-11-30 02:00:00+00:00,Denver Nuggets,Phoenix Suns,130,112,0,-18,https://www.basketball-reference.com/leagues/NBA_2026_games-november.html
2025-11-29,2025-11-30 01:30:00+00:00,New Orleans Pelicans,Golden State Warriors,96,104,1,8,https://www.basketball-reference.com/leagues/NBA_2026_games-november.html
2025-11-29,2025-11-30 01:00:00+00:00,Brooklyn Nets,Milwaukee Bucks,99,116,1,17,https://www.basketball-reference.com/leagues/NBA_2026_games-november.html
2025-11-29,2025-11-30 01:00:00+00:00,Detroit Pistons,Miami Heat,138,135,0,-3,https://www.basketball-reference.com/leagues/NBA_2026_games-november.html
2025-11-29,2025-11-29 23:00:00+00:00,Toronto Raptors,Charlotte Hornets,111,118,1,7,https://www.basketball-reference.com/leagues/NBA_2026_games-november.html
2025-11-29,2025-11-29 22:00:00+00:00,Boston Celtics,Minnesota Timberwolves,115,119,1,4,https://www.basketball-reference.com/leagues/NBA_2026_games-november.html
2025-11-29,2025-11-30 00:30:00+00:00,Chicago Bulls,Indiana Pacers,101,103,1,2,https://www.basketball-reference.com/leagues/NBA_2026_games-november.html
2025-11-30,2025-12-01 00:00:00+00:00,San Antonio Spurs,Minnesota Timberwolves,112,125,1,13,https://www.basketball-reference.com/leagues/NBA_2026_games-november.html
2025-11-30,2025-12-01 02:00:00+00:00,Memphis Grizzlies,Sacramento Kings,115,107,0,-8,https://www.basketball-reference.com/leagues/NBA_2026_games-november.html
2025-11-30,2025-12-01 02:30:00+00:00,New Orleans Pelicans,Los Angeles Lakers,121,133,1,12,https://www.basketball-reference.com/leagues/NBA_2026_games-november.html
2025-11-30,2025-11-30 23:00:00+00:00,Oklahoma City Thunder,Portland Trail Blazers,123,115,0,-8,https://www.basketball-reference.com/leagues/NBA_2026_games-november.html
2025-11-30,2025-11-30 23:00:00+00:00,Boston Celtics,Cleveland Cavaliers,117,115,0,-2,https://www.basketball-reference.com/leagues/NBA_2026_games-november.html
2025-11-30,2025-11-30 23:00:00+00:00,Toronto Raptors,New York Knicks,94,116,1,22,https://www.basketball-reference.com/leagues/NBA_2026_games-november.html
2025-11-30,2025-11-30 20:00:00+00:00,Houston Rockets,Utah Jazz,129,101,0,-28,https://www.basketball-reference.com/leagues/NBA_2026_games-november.html
2025-11-30,2025-11-30 23:00:00+00:00,Atlanta Hawks,Philadelphia 76ers,142,134,0,-8,https://www.basketball-reference.com/leagues/NBA_2026_games-november.html
2025-12-01,2025-12-02 00:00:00+00:00,Atlanta Hawks,Detroit Pistons,98,99,1,1,https://www.basketball-reference.com/leagues/NBA_2026_games-december.html
2025-12-01,2025-12-02 00:00:00+00:00,Cleveland Cavaliers,Indiana Pacers,135,119,0,-16,https://www.basketball-reference.com/leagues/NBA_2026_games-december.html
2025-12-01,2025-12-02 00:00:00+00:00,Milwaukee Bucks,Washington Wizards,126,129,1,3,https://www.basketball-reference.com/leagues/NBA_2026_games-december.html
2025-12-01,2025-12-02 00:30:00+00:00,Charlotte Hornets,Brooklyn Nets,103,116,1,13,https://www.basketball-reference.com/leagues/NBA_2026_games-december.html
2025-12-01,2025-12-02 00:30:00+00:00,Los Angeles Clippers,Miami Heat,123,140,1,17,https://www.basketball-reference.com/leagues/NBA_2026_games-december.html
2025-12-01,2025-12-02 00:30:00+00:00,Chicago Bulls,Orlando Magic,120,125,1,5,https://www.basketball-reference.com/leagues/NBA_2026_games-december.html
2025-12-01,2025-12-02 02:00:00+00:00,Dallas Mavericks,Denver Nuggets,131,121,0,-10,https://www.basketball-reference.com/leagues/NBA_2026_games-december.html
2025-12-01,2025-12-02 02:00:00+00:00,Houston Rockets,Utah Jazz,125,133,1,8,https://www.basketball-reference.com/leagues/NBA_2026_games-december.html
2025-12-01,2025-12-02 03:00:00+00:00,Phoenix Suns,Los Angeles Lakers,125,108,0,-17,https://www.basketball-reference.com/leagues/NBA_2026_games-december.html
2025-12-02,2025-12-03 04:00:00+00:00,Oklahoma City Thunder,Golden State Warriors,124,112,0,-12,https://www.basketball-reference.com/leagues/NBA_2026_games-december.html
2025-12-02,2025-12-03 01:00:00+00:00,Minnesota Timberwolves,New Orleans Pelicans,149,142,0,-7,https://www.basketball-reference.com/leagues/NBA_2026_games-december.html
2025-12-02,2025-12-03 01:00:00+00:00,Memphis Grizzlies,San Antonio Spurs,119,126,1,7,https://www.basketball-reference.com/leagues/NBA_2026_games-december.html
2025-12-02,2025-12-03 00:30:00+00:00,Portland Trail Blazers,Toronto Raptors,118,121,1,3,https://www.basketball-reference.com/leagues/NBA_2026_games-december.html
2025-12-02,2025-12-03 00:00:00+00:00,Washington Wizards,Philadelphia 76ers,102,121,1,19,https://www.basketball-reference.com/leagues/NBA_2026_games-december.html
2025-12-02,2025-12-03 01:00:00+00:00,New York Knicks,Boston Celtics,117,123,1,6,https://www.basketball-reference.com/leagues/NBA_2026_games-december.html
2025-12-03,2025-12-04 01:30:00+00:00,Miami Heat,Dallas Mavericks,108,118,1,10,https://www.basketball-reference.com/leagues/NBA_2026_games-december.html
2025-12-03,2025-12-04 01:00:00+00:00,Detroit Pistons,Milwaukee Bucks,109,113,1,4,https://www.basketball-reference.com/leagues/NBA_2026_games-december.html
2025-12-03,2025-12-04 01:00:00+00:00,Brooklyn Nets,Chicago Bulls,113,103,0,-10,https://www.basketball-reference.com/leagues/NBA_2026_games-december.html
2025-12-03,2025-12-04 00:30:00+00:00,Charlotte Hornets,New York Knicks,104,119,1,15,https://www.basketball-reference.com/leagues/NBA_2026_games-december.html
2025-12-03,2025-12-04 01:00:00+00:00,Sacramento Kings,Houston Rockets,95,121,1,26,https://www.basketball-reference.com/leagues/NBA_2026_games-december.html
2025-12-03,2025-12-04 00:00:00+00:00,San Antonio Spurs,Orlando Magic,114,112,0,-2,https://www.basketball-reference.com/leagues/NBA_2026_games-december.html
2025-12-03,2025-12-04 00:00:00+00:00,Denver Nuggets,Indiana Pacers,135,120,0,-15,https://www.basketball-reference.com/leagues/NBA_2026_games-december.html
2025-12-03,2025-12-04 00:00:00+00:00,Portland Trail Blazers,Cleveland Cavaliers,122,110,0,-12,https://www.basketball-reference.com/leagues/NBA_2026_games-december.html
2025-12-03,2025-12-04 00:30:00+00:00,Los Angeles Clippers,Atlanta Hawks,115,92,0,-23,https://www.basketball-reference.com/leagues/NBA_2026_games-december.html
2025-12-04,2025-12-05 00:00:00+00:00,Golden State Warriors,Philadelphia 76ers,98,99,1,1,https://www.basketball-reference.com/leagues/NBA_2026_games-december.html
2025-12-04,2025-12-05 00:00:00+00:00,Boston Celtics,Washington Wizards,146,101,0,-45,https://www.basketball-reference.com/leagues/NBA_2026_games-december.html
2025-12-04,2025-12-05 00:30:00+00:00,Utah Jazz,Brooklyn Nets,123,110,0,-13,https://www.basketball-reference.com/leagues/NBA_2026_games-december.html
2025-12-04,2025-12-05 00:30:00+00:00,Los Angeles Lakers,Toronto Raptors,123,120,0,-3,https://www.basketball-reference.com/leagues/NBA_2026_games-december.html
2025-12-04,2025-12-05 01:00:00+00:00,Minnesota Timberwolves,New Orleans Pelicans,125,116,0,-9,https://www.basketball-reference.com/leagues/NBA_2026_games-december.html
2025-12-05,2025-12-06 01:00:00+00:00,Phoenix Suns,Houston Rockets,98,117,1,19,https://www.basketball-reference.com/leagues/NBA_2026_games-december.html
2025-12-05,2025-12-06 01:00:00+00:00,Los Angeles Clippers,Memphis Grizzlies,98,107,1,9,https://www.basketball-reference.com/leagues/NBA_2026_games-december.html
2025-12-05,2025-12-06 01:00:00+00:00,Indiana Pacers,Chicago Bulls,120,105,0,-15,https://www.basketball-reference.com/leagues/NBA_2026_games-december.html
2025-12-05,2025-12-06 02:30:00+00:00,Dallas Mavericks,Oklahoma City Thunder,111,132,1,21,https://www.basketball-reference.com/leagues/NBA_2026_games-december.html
2025-12-05,2025-12-06 01:00:00+00:00,Philadelphia 76ers,Milwaukee Bucks,116,101,0,-15,https://www.basketball-reference.com/leagues/NBA_2026_games-december.html
2025-12-05,2025-12-06 00:30:00+00:00,Charlotte Hornets,Toronto Raptors,111,86,0,-25,https://www.basketball-reference.com/leagues/NBA_2026_games-december.html
2025-12-05,2025-12-06 00:00:00+00:00,Miami Heat,Orlando Magic,105,106,1,1,https://www.basketball-reference.com/leagues/NBA_2026_games-december.html
2025-12-05,2025-12-06 00:30:00+00:00,Portland Trail Blazers,Detroit Pistons,116,122,1,6,https://www.basketball-reference.com/leagues/NBA_2026_games-december.html
2025-12-05,2025-12-06 00:30:00+00:00,San Antonio Spurs,Cleveland Cavaliers,117,130,1,13,https://www.basketball-reference.com/leagues/NBA_2026_games-december.html
2025-12-05,2025-12-06 00:30:00+00:00,Denver Nuggets,Atlanta Hawks,134,133,0,-1,https://www.basketball-reference.com/leagues/NBA_2026_games-december.html
2025-12-05,2025-12-06 00:30:00+00:00,Utah Jazz,New York Knicks,112,146,1,34,https://www.basketball-reference.com/leagues/NBA_2026_games-december.html
2025-12-05,2025-12-06 00:00:00+00:00,Los Angeles Lakers,Boston Celtics,105,126,1,21,https://www.basketball-reference.com/leagues/NBA_2026_games-december.html
2025-12-06,2025-12-06 22:00:00+00:00,New Orleans Pelicans,Brooklyn Nets,101,119,1,18,https://www.basketball-reference.com/leagues/NBA_2026_games-december.html
2025-12-06,2025-12-07 00:00:00+00:00,Atlanta Hawks,Washington Wizards,131,116,0,-15,https://www.basketball-reference.com/leagues/NBA_2026_games-december.html
2025-12-06,2025-12-07 00:30:00+00:00,Golden State Warriors,Cleveland Cavaliers,99,94,0,-5,https://www.basketball-reference.com/leagues/NBA_2026_games-december.html
2025-12-06,2025-12-07 00:30:00+00:00,Milwaukee Bucks,Detroit Pistons,112,124,1,12,https://www.basketball-reference.com/leagues/NBA_2026_games-december.html
2025-12-06,2025-12-07 01:00:00+00:00,Sacramento Kings,Miami Heat,127,111,0,-16,https://www.basketball-reference.com/leagues/NBA_2026_games-december.html
2025-12-06,2025-12-07 01:00:00+00:00,Los Angeles Clippers,Minnesota Timberwolves,106,109,1,3,https://www.basketball-reference.com/leagues/NBA_2026_games-december.html
2025-12-06,2025-12-07 01:30:00+00:00,Houston Rockets,Dallas Mavericks,109,122,1,13,https://www.basketball-reference.com/leagues/NBA_2026_games-december.html
2025-12-07,2025-12-08 00:30:00+00:00,Los Angeles Lakers,Philadelphia 76ers,112,108,0,-4,https://www.basketball-reference.com/leagues/NBA_2026_games-december.html
2025-12-07,2025-12-08 00:00:00+00:00,Golden State Warriors,Chicago Bulls,123,91,0,-32,https://www.basketball-reference.com/leagues/NBA_2026_games-december.html
2025-12-07,2025-12-07 23:00:00+00:00,Portland Trail Blazers,Memphis Grizzlies,96,119,1,23,https://www.basketball-reference.com/leagues/NBA_2026_games-december.html
2025-12-07,2025-12-08 01:00:00+00:00,Oklahoma City Thunder,Utah Jazz,131,101,0,-30,https://www.basketball-reference.com/leagues/NBA_2026_games-december.html
2025-12-07,2025-12-07 20:30:00+00:00,Boston Celtics,Toronto Raptors,121,113,0,-8,https://www.basketball-reference.com/leagues/NBA_2026_games-december.html
2025-12-07,2025-12-07 17:00:00+00:00,Orlando Magic,New York Knicks,100,106,1,6,https://www.basketball-reference.com/leagues/NBA_2026_games-december.html
2025-12-07,2025-12-07 23:00:00+00:00,Denver Nuggets,Charlotte Hornets,115,106,0,-9,https://www.basketball-reference.com/leagues/NBA_2026_games-december.html
2025-12-08,2025-12-09 00:00:00+00:00,Sacramento Kings,Indiana Pacers,105,116,1,11,https://www.basketball-reference.com/leagues/NBA_2026_games-december.html
2025-12-08,2025-12-09 00:30:00+00:00,Phoenix Suns,Minnesota Timberwolves,108,105,0,-3,https://www.basketball-reference.com/leagues/NBA_2026_games-december.html
2025-12-08,2025-12-09 01:00:00+00:00,San Antonio Spurs,New Orleans Pelicans,135,132,0,-3,https://www.basketball-reference.com/leagues/NBA_2026_games-december.html
2025-12-09,2025-12-09 23:00:00+00:00,Miami Heat,Orlando Magic,108,117,1,9,https://www.basketball-reference.com/leagues/NBA_2026_games-december.html
2025-12-09,2025-12-10 01:30:00+00:00,New York Knicks,Toronto Raptors,117,101,0,-16,https://www.basketball-reference.com/leagues/NBA_2026_games-december.html
2025-12-10,2025-12-11 00:30:00+00:00,Phoenix Suns,Oklahoma City Thunder,89,138,1,49,https://www.basketball-reference.com/leagues/NBA_2026_games-december.html
2025-12-10,2025-12-11 03:00:00+00:00,San Antonio Spurs,Los Angeles Lakers,132,119,0,-13,https://www.basketball-reference.com/leagues/NBA_2026_games-december.html
2025-12-11,2025-12-12 03:00:00+00:00,Denver Nuggets,Sacramento Kings,136,105,0,-31,https://www.basketball-reference.com/leagues/NBA_2026_games-december.html
2025-12-11,2025-12-12 01:00:00+00:00,Portland Trail Blazers,New Orleans Pelicans,120,143,1,23,https://www.basketball-reference.com/leagues/NBA_2026_games-december.html
2025-12-11,2025-12-12 01:00:00+00:00,Los Angeles Clippers,Houston Rockets,113,115,1,2,https://www.basketball-reference.com/leagues/NBA_2026_games-december.html
2025-12-11,2025-12-12 01:00:00+00:00,Boston Celtics,Milwaukee Bucks,101,116,1,15,https://www.basketball-reference.com/leagues/NBA_2026_games-december.html
2025-12-12,2025-12-13 03:00:00+00:00,Minnesota Timberwolves,Golden State Warriors,127,120,0,-7,https://www.basketball-reference.com/leagues/NBA_2026_games-december.html
2025-12-12,2025-12-13 00:00:00+00:00,Chicago Bulls,Charlotte Hornets,129,126,0,-3,https://www.basketball-reference.com/leagues/NBA_2026_games-december.html
2025-12-12,2025-12-13 00:00:00+00:00,Atlanta Hawks,Detroit Pistons,115,142,1,27,https://www.basketball-reference.com/leagues/NBA_2026_games-december.html
2025-12-12,2025-12-13 00:00:00+00:00,Indiana Pacers,Philadelphia 76ers,105,115,1,10,https://www.basketball-reference.com/leagues/NBA_2026_games-december.html
2025-12-12,2025-12-13 00:00:00+00:00,Cleveland Cavaliers,Washington Wizards,130,126,0,-4,https://www.basketball-reference.com/leagues/NBA_2026_games-december.html
2025-12-12,2025-12-13 01:00:00+00:00,Utah Jazz,Memphis Grizzlies,130,126,0,-4,https://www.basketball-reference.com/leagues/NBA_2026_games-december.html
2025-12-12,2025-12-13 01:30:00+00:00,Brooklyn Nets,Dallas Mavericks,111,119,1,8,https://www.basketball-reference.com/leagues/NBA_2026_games-december.html
2025-12-13,2025-12-14 02:00:00+00:00,San Antonio Spurs,Oklahoma City Thunder,111,109,0,-2,https://www.basketball-reference.com/leagues/NBA_2026_games-december.html
2025-12-13,2025-12-13 22:30:00+00:00,New York Knicks,Orlando Magic,132,120,0,-12,https://www.basketball-reference.com/leagues/NBA_2026_games-december.html
2025-12-14,2025-12-14 20:00:00+00:00,Washington Wizards,Indiana Pacers,108,89,0,-19,https://www.basketball-reference.com/leagues/NBA_2026_games-december.html
2025-12-14,2025-12-14 20:30:00+00:00,Charlotte Hornets,Cleveland Cavaliers,119,111,0,-8,https://www.basketball-reference.com/leagues/NBA_2026_games-december.html
2025-12-14,2025-12-14 23:00:00+00:00,Philadelphia 76ers,Atlanta Hawks,117,120,1,3,https://www.basketball-reference.com/leagues/NBA_2026_games-december.html
2025-12-14,2025-12-14 23:00:00+00:00,Milwaukee Bucks,Brooklyn Nets,82,127,1,45,https://www.basketball-reference.com/leagues/NBA_2026_games-december.html
2025-12-14,2025-12-15 00:00:00+00:00,New Orleans Pelicans,Chicago Bulls,114,104,0,-10,https://www.basketball-reference.com/leagues/NBA_2026_games-december.html
2025-12-14,2025-12-15 00:00:00+00:00,Sacramento Kings,Minnesota Timberwolves,103,117,1,14,https://www.basketball-reference.com/leagues/NBA_2026_games-december.html
2025-12-14,2025-12-15 01:00:00+00:00,Los Angeles Lakers,Phoenix Suns,116,114,0,-2,https://www.basketball-reference.com/leagues/NBA_2026_games-december.html
2025-12-14,2025-12-15 02:00:00+00:00,Golden State Warriors,Portland Trail Blazers,131,136,1,5,https://www.basketball-reference.com/leagues/NBA_2026_games-december.html
2025-12-15,2025-12-16 03:30:00+00:00,Memphis Grizzlies,Los Angeles Clippers,121,103,0,-18,https://www.basketball-reference.com/leagues/NBA_2026_games-december.html
2025-12-15,2025-12-16 02:30:00+00:00,Houston Rockets,Denver Nuggets,125,128,1,3,https://www.basketball-reference.com/leagues/NBA_2026_games-december.html
2025-12-15,2025-12-16 02:00:00+00:00,Dallas Mavericks,Utah Jazz,133,140,1,7,https://www.basketball-reference.com/leagues/NBA_2026_games-december.html
2025-12-15,2025-12-16 00:30:00+00:00,Toronto Raptors,Miami Heat,106,96,0,-10,https://www.basketball-reference.com/leagues/NBA_2026_games-december.html
2025-12-15,2025-12-16 00:00:00+00:00,Detroit Pistons,Boston Celtics,112,105,0,-7,https://www.basketball-reference.com/leagues/NBA_2026_games-december.html
2025-12-16,2025-12-17 01:30:00+00:00,San Antonio Spurs,New York Knicks,113,124,1,11,https://www.basketball-reference.com/leagues/NBA_2026_games-december.html
2025-12-17,2025-12-18 01:00:00+00:00,Cleveland Cavaliers,Chicago Bulls,111,127,1,16,https://www.basketball-reference.com/leagues/NBA_2026_games-december.html
2025-12-17,2025-12-18 01:00:00+00:00,Memphis Grizzlies,Minnesota Timberwolves,116,110,0,-6,https://www.basketball-reference.com/leagues/NBA_2026_games-december.html
2025-12-18,2025-12-19 03:00:00+00:00,Sacramento Kings,Portland Trail Blazers,133,134,1,1,https://www.basketball-reference.com/leagues/NBA_2026_games-december.html
2025-12-18,2025-12-19 02:00:00+00:00,Los Angeles Lakers,Utah Jazz,143,135,0,-8,https://www.basketball-reference.com/leagues/NBA_2026_games-december.html
2025-12-18,2025-12-19 02:00:00+00:00,Golden State Warriors,Phoenix Suns,98,99,1,1,https://www.basketball-reference.com/leagues/NBA_2026_games-december.html
2025-12-18,2025-12-19 02:00:00+00:00,Orlando Magic,Denver Nuggets,115,126,1,11,https://www.basketball-reference.com/leagues/NBA_2026_games-december.html
2025-12-18,2025-12-19 01:30:00+00:00,Detroit Pistons,Dallas Mavericks,114,116,1,2,https://www.basketball-reference.com/leagues/NBA_2026_games-december.html
2025-12-18,2025-12-19 01:00:00+00:00,Washington Wizards,San Antonio Spurs,94,119,1,25,https://www.basketball-reference.com/leagues/NBA_2026_games-december.html
2025-12-18,2025-12-19 00:30:00+00:00,Miami Heat,Brooklyn Nets,106,95,0,-11,https://www.basketball-reference.com/leagues/NBA_2026_games-december.html
2025-12-18,2025-12-19 01:00:00+00:00,Houston Rockets,New Orleans Pelicans,128,133,1,5,https://www.basketball-reference.com/leagues/NBA_2026_games-december.html
2025-12-18,2025-12-19 01:00:00+00:00,Toronto Raptors,Milwaukee Bucks,111,105,0,-6,https://www.basketball-reference.com/leagues/NBA_2026_games-december.html
2025-12-18,2025-12-19 00:00:00+00:00,New York Knicks,Indiana Pacers,114,113,0,-1,https://www.basketball-reference.com/leagues/NBA_2026_games-december.html
2025-12-18,2025-12-19 00:00:00+00:00,Atlanta Hawks,Charlotte Hornets,126,133,1,7,https://www.basketball-reference.com/leagues/NBA_2026_games-december.html
2025-12-18,2025-12-19 01:00:00+00:00,Los Angeles Clippers,Oklahoma City Thunder,101,122,1,21,https://www.basketball-reference.com/leagues/NBA_2026_games-december.html
2025-12-19,2025-12-20 00:00:00+00:00,Miami Heat,Boston Celtics,116,129,1,13,https://www.basketball-reference.com/leagues/NBA_2026_games-december.html
2025-12-19,2025-12-20 00:00:00+00:00,Philadelphia 76ers,New York Knicks,116,107,0,-9,https://www.basketball-reference.com/leagues/NBA_2026_games-december.html
2025-12-19,2025-12-20 00:30:00+00:00,San Antonio Spurs,Atlanta Hawks,126,98,0,-28,https://www.basketball-reference.com/leagues/NBA_2026_games-december.html
2025-12-19,2025-12-20 00:30:00+00:00,Chicago Bulls,Cleveland Cavaliers,136,125,0,-11,https://www.basketball-reference.com/leagues/NBA_2026_games-december.html
2025-12-19,2025-12-20 02:30:00+00:00,Oklahoma City Thunder,Minnesota Timberwolves,107,112,1,5,https://www.basketball-reference.com/leagues/NBA_2026_games-december.html
2025-12-20,2025-12-21 02:30:00+00:00,Orlando Magic,Utah Jazz,128,127,0,-1,https://www.basketball-reference.com/leagues/NBA_2026_games-december.html
2025-12-20,2025-12-21 03:30:00+00:00,Los Angeles Lakers,Los Angeles Clippers,88,103,1,15,https://www.basketball-reference.com/leagues/NBA_2026_games-december.html
2025-12-20,2025-12-21 03:00:00+00:00,Portland Trail Blazers,Sacramento Kings,98,93,0,-5,https://www.basketball-reference.com/leagues/NBA_2026_games-december.html
2025-12-20,2025-12-21 01:00:00+00:00,Washington Wizards,Memphis Grizzlies,130,122,0,-8,https://www.basketball-reference.com/leagues/NBA_2026_games-december.html
2025-12-20,2025-12-21 01:30:00+00:00,Phoenix Suns,Golden State Warriors,116,119,1,3,https://www.basketball-reference.com/leagues/NBA_2026_games-december.html
2025-12-20,2025-12-21 00:00:00+00:00,Boston Celtics,Toronto Raptors,112,96,0,-16,https://www.basketball-reference.com/leagues/NBA_2026_games-december.html
2025-12-20,2025-12-21 00:30:00+00:00,Charlotte Hornets,Detroit Pistons,86,112,1,26,https://www.basketball-reference.com/leagues/NBA_2026_games-december.html
2025-12-20,2025-12-21 00:00:00+00:00,Dallas Mavericks,Philadelphia 76ers,114,121,1,7,https://www.basketball-reference.com/leagues/NBA_2026_games-december.html
2025-12-20,2025-12-21 00:00:00+00:00,Indiana Pacers,New Orleans Pelicans,109,128,1,19,https://www.basketball-reference.com/leagues/NBA_2026_games-december.html
2025-12-20,2025-12-20 22:00:00+00:00,Houston Rockets,Denver Nuggets,115,101,0,-14,https://www.basketball-reference.com/leagues/NBA_2026_games-december.html
2025-12-21,2025-12-21 20:30:00+00:00,Chicago Bulls,Atlanta Hawks,152,150,0,-2,https://www.basketball-reference.com/leagues/NBA_2026_games-december.html
2025-12-21,2025-12-21 23:00:00+00:00,Toronto Raptors,Brooklyn Nets,81,96,1,15,https://www.basketball-reference.com/leagues/NBA_2026_games-december.html
2025-12-21,2025-12-21 23:00:00+00:00,Miami Heat,New York Knicks,125,132,1,7,https://www.basketball-reference.com/leagues/NBA_2026_games-december.html
2025-12-21,2025-12-22 00:00:00+00:00,Milwaukee Bucks,Minnesota Timberwolves,100,103,1,3,https://www.basketball-reference.com/leagues/NBA_2026_games-december.html
2025-12-21,2025-12-22 00:00:00+00:00,San Antonio Spurs,Washington Wizards,124,113,0,-11,https://www.basketball-reference.com/leagues/NBA_2026_games-december.html
2025-12-21,2025-12-22 03:00:00+00:00,Houston Rockets,Sacramento Kings,124,125,1,1,https://www.basketball-reference.com/leagues/NBA_2026_games-december.html
2025-12-22,2025-12-23 03:00:00+00:00,Detroit Pistons,Portland Trail Blazers,110,102,0,-8,https://www.basketball-reference.com/leagues/NBA_2026_games-december.html
2025-12-22,2025-12-23 03:00:00+00:00,Orlando Magic,Golden State Warriors,97,120,1,23,https://www.basketball-reference.com/leagues/NBA_2026_games-december.html
2025-12-22,2025-12-23 02:30:00+00:00,Memphis Grizzlies,Oklahoma City Thunder,103,119,1,16,https://www.basketball-reference.com/leagues/NBA_2026_games-december.html
2025-12-22,2025-12-23 00:30:00+00:00,Indiana Pacers,Boston Celtics,95,103,1,8,https://www.basketball-reference.com/leagues/NBA_2026_games-december.html
2025-12-22,2025-12-23 01:00:00+00:00,Dallas Mavericks,New Orleans Pelicans,113,119,1,6,https://www.basketball-reference.com/leagues/NBA_2026_games-december.html
2025-12-22,2025-12-23 00:00:00+00:00,Charlotte Hornets,Cleveland Cavaliers,132,139,1,7,https://www.basketball-reference.com/leagues/NBA_2026_games-december.html
2025-12-22,2025-12-23 02:00:00+00:00,Utah Jazz,Denver Nuggets,112,135,1,23,https://www.basketball-reference.com/leagues/NBA_2026_games-december.html
2025-12-23,2025-12-24 01:30:00+00:00,Oklahoma City Thunder,San Antonio Spurs,110,130,1,20,https://www.basketball-reference.com/leagues/NBA_2026_games-december.html
2025-12-23,2025-12-24 03:00:00+00:00,Detroit Pistons,Sacramento Kings,136,127,0,-9,https://www.basketball-reference.com/leagues/NBA_2026_games-december.html
2025-12-23,2025-12-24 03:00:00+00:00,Orlando Magic,Portland Trail Blazers,110,106,0,-4,https://www.basketball-reference.com/leagues/NBA_2026_games-december.html
2025-12-23,2025-12-24 03:30:00+00:00,Houston Rockets,Los Angeles Clippers,108,128,1,20,https://www.basketball-reference.com/leagues/NBA_2026_games-december.html
2025-12-23,2025-12-24 02:00:00+00:00,Memphis Grizzlies,Utah Jazz,137,128,0,-9,https://www.basketball-reference.com/leagues/NBA_2026_games-december.html
2025-12-23,2025-12-24 02:00:00+00:00,Los Angeles Lakers,Phoenix Suns,108,132,1,24,https://www.basketball-reference.com/leagues/NBA_2026_games-december.html
2025-12-23,2025-12-24 01:00:00+00:00,New York Knicks,Minnesota Timberwolves,104,115,1,11,https://www.basketball-reference.com/leagues/NBA_2026_games-december.html
2025-12-23,2025-12-24 00:30:00+00:00,Chicago Bulls,Atlanta Hawks,126,123,0,-3,https://www.basketball-reference.com/leagues/NBA_2026_games-december.html
2025-12-23,2025-12-24 00:30:00+00:00,Toronto Raptors,Miami Heat,112,91,0,-21,https://www.basketball-reference.com/leagues/NBA_2026_games-december.html
2025-12-23,2025-12-24 00:30:00+00:00,Milwaukee Bucks,Indiana Pacers,111,94,0,-17,https://www.basketball-reference.com/leagues/NBA_2026_games-december.html
2025-12-23,2025-12-24 00:30:00+00:00,New Orleans Pelicans,Cleveland Cavaliers,118,141,1,23,https://www.basketball-reference.com/leagues/NBA_2026_games-december.html
2025-12-23,2025-12-24 00:00:00+00:00,Brooklyn Nets,Philadelphia 76ers,114,106,0,-8,https://www.basketball-reference.com/leagues/NBA_2026_games-december.html
2025-12-23,2025-12-24 00:00:00+00:00,Washington Wizards,Charlotte Hornets,109,126,1,17,https://www.basketball-reference.com/leagues/NBA_2026_games-december.html
2025-12-23,2025-12-24 01:00:00+00:00,Denver Nuggets,Dallas Mavericks,130,131,1,1,https://www.basketball-reference.com/leagues/NBA_2026_games-december.html
2025-12-25,2025-12-25 17:00:00+00:00,Cleveland Cavaliers,New York Knicks,124,126,1,2,https://www.basketball-reference.com/leagues/NBA_2026_games-december.html
2025-12-25,2025-12-25 19:30:00+00:00,San Antonio Spurs,Oklahoma City Thunder,117,102,0,-15,https://www.basketball-reference.com/leagues/NBA_2026_games-december.html
2025-12-25,2025-12-25 22:00:00+00:00,Dallas Mavericks,Golden State Warriors,116,126,1,10,https://www.basketball-reference.com/leagues/NBA_2026_games-december.html
2025-12-25,2025-12-26 01:00:00+00:00,Houston Rockets,Los Angeles Lakers,119,96,0,-23,https://www.basketball-reference.com/leagues/NBA_2026_games-december.html
2025-12-25,2025-12-26 03:30:00+00:00,Minnesota Timberwolves,Denver Nuggets,138,142,1,4,https://www.basketball-reference.com/leagues/NBA_2026_games-december.html
2025-12-26,2025-12-27 03:00:00+00:00,Los Angeles Clippers,Portland Trail Blazers,119,103,0,-16,https://www.basketball-reference.com/leagues/NBA_2026_games-december.html
2025-12-26,2025-12-27 02:30:00+00:00,Detroit Pistons,Utah Jazz,129,131,1,2,https://www.basketball-reference.com/leagues/NBA_2026_games-december.html
2025-12-26,2025-12-27 01:00:00+00:00,Phoenix Suns,New Orleans Pelicans,115,108,0,-7,https://www.basketball-reference.com/leagues/NBA_2026_games-december.html
2025-12-26,2025-12-27 01:00:00+00:00,Milwaukee Bucks,Memphis Grizzlies,104,125,1,21,https://www.basketball-reference.com/leagues/NBA_2026_games-december.html
2025-12-26,2025-12-27 00:00:00+00:00,Charlotte Hornets,Orlando Magic,120,105,0,-15,https://www.basketball-reference.com/leagues/NBA_2026_games-december.html
2025-12-26,2025-12-27 00:00:00+00:00,Toronto Raptors,Washington Wizards,117,138,1,21,https://www.basketball-reference.com/leagues/NBA_2026_games-december.html
2025-12-26,2025-12-27 00:00:00+00:00,Boston Celtics,Indiana Pacers,140,122,0,-18,https://www.basketball-reference.com/leagues/NBA_2026_games-december.html
2025-12-26,2025-12-27 00:00:00+00:00,Miami Heat,Atlanta Hawks,126,111,0,-15,https://www.basketball-reference.com/leagues/NBA_2026_games-december.html
2025-12-26,2025-12-27 00:30:00+00:00,Philadelphia 76ers,Chicago Bulls,102,109,1,7,https://www.basketball-reference.com/leagues/NBA_2026_games-december.html
2025-12-27,2025-12-27 22:00:00+00:00,Dallas Mavericks,Sacramento Kings,107,113,1,6,https://www.basketball-reference.com/leagues/NBA_2026_games-december.html
2025-12-27,2025-12-28 00:00:00+00:00,Phoenix Suns,New Orleans Pelicans,123,114,0,-9,https://www.basketball-reference.com/leagues/NBA_2026_games-december.html
2025-12-27,2025-12-28 00:00:00+00:00,Denver Nuggets,Orlando Magic,126,127,1,1,https://www.basketball-reference.com/leagues/NBA_2026_games-december.html
2025-12-27,2025-12-28 01:00:00+00:00,New York Knicks,Atlanta Hawks,128,125,0,-3,https://www.basketball-reference.com/leagues/NBA_2026_games-december.html
2025-12-27,2025-12-28 01:00:00+00:00,Milwaukee Bucks,Chicago Bulls,112,103,0,-9,https://www.basketball-reference.com/leagues/NBA_2026_games-december.html
2025-12-27,2025-12-28 01:00:00+00:00,Cleveland Cavaliers,Houston Rockets,100,117,1,17,https://www.basketball-reference.com/leagues/NBA_2026_games-december.html
2025-12-27,2025-12-28 01:00:00+00:00,Indiana Pacers,Miami Heat,116,142,1,26,https://www.basketball-reference.com/leagues/NBA_2026_games-december.html
2025-12-27,2025-12-28 01:00:00+00:00,Brooklyn Nets,Minnesota Timberwolves,123,107,0,-16,https://www.basketball-reference.com/leagues/NBA_2026_games-december.html
2025-12-27,2025-12-28 01:00:00+00:00,Utah Jazz,San Antonio Spurs,127,114,0,-13,https://www.basketball-reference.com/leagues/NBA_2026_games-december.html
2025-12-28,2025-12-29 02:00:00+00:00,Detroit Pistons,Los Angeles Clippers,99,112,1,13,https://www.basketball-reference.com/leagues/NBA_2026_games-december.html
2025-12-28,2025-12-28 23:00:00+00:00,Memphis Grizzlies,Washington Wizards,112,116,1,4,https://www.basketball-reference.com/leagues/NBA_2026_games-december.html
2025-12-28,2025-12-29 02:30:00+00:00,Sacramento Kings,Los Angeles Lakers,101,125,1,24,https://www.basketball-reference.com/leagues/NBA_2026_games-december.html
2025-12-28,2025-12-28 20:30:00+00:00,Golden State Warriors,Toronto Raptors,127,141,1,14,https://www.basketball-reference.com/leagues/NBA_2026_games-december.html
2025-12-28,2025-12-28 20:30:00+00:00,Philadelphia 76ers,Oklahoma City Thunder,104,129,1,25,https://www.basketball-reference.com/leagues/NBA_2026_games-december.html
2025-12-28,2025-12-28 23:00:00+00:00,Boston Celtics,Portland Trail Blazers,108,114,1,6,https://www.basketball-reference.com/leagues/NBA_2026_games-december.html
2025-12-29,2025-12-30 03:30:00+00:00,Dallas Mavericks,Portland Trail Blazers,122,125,1,3,https://www.basketball-reference.com/leagues/NBA_2026_games-december.html
2025-12-29,2025-12-30 01:00:00+00:00,Cleveland Cavaliers,San Antonio Spurs,113,101,0,-12,https://www.basketball-reference.com/leagues/NBA_2026_games-december.html
2025-12-29,2025-12-30 01:00:00+00:00,Atlanta Hawks,Oklahoma City Thunder,129,140,1,11,https://www.basketball-reference.com/leagues/NBA_2026_games-december.html
2025-12-29,2025-12-30 01:00:00+00:00,Indiana Pacers,Houston Rockets,119,126,1,7,https://www.basketball-reference.com/leagues/NBA_2026_games-december.html
2025-12-29,2025-12-30 01:00:00+00:00,Minnesota Timberwolves,Chicago Bulls,136,101,0,-35,https://www.basketball-reference.com/leagues/NBA_2026_games-december.html
2025-12-29,2025-12-30 01:00:00+00:00,New York Knicks,New Orleans Pelicans,130,125,0,-5,https://www.basketball-reference.com/leagues/NBA_2026_games-december.html
2025-12-29,2025-12-30 00:30:00+00:00,Denver Nuggets,Miami Heat,123,147,1,24,https://www.basketball-reference.com/leagues/NBA_2026_games-december.html
2025-12-29,2025-12-30 00:30:00+00:00,Golden State Warriors,Brooklyn Nets,120,107,0,-13,https://www.basketball-reference.com/leagues/NBA_2026_games-december.html
2025-12-29,2025-12-30 00:00:00+00:00,Phoenix Suns,Washington Wizards,115,101,0,-14,https://www.basketball-reference.com/leagues/NBA_2026_games-december.html
2025-12-29,2025-12-30 00:00:00+00:00,Milwaukee Bucks,Charlotte Hornets,123,113,0,-10,https://www.basketball-reference.com/leagues/NBA_2026_games-december.html
2025-12-29,2025-12-30 00:30:00+00:00,Orlando Magic,Toronto Raptors,106,107,1,1,https://www.basketball-reference.com/leagues/NBA_2026_games-december.html
2025-12-30,2025-12-31 01:00:00+00:00,Philadelphia 76ers,Memphis Grizzlies,139,136,0,-3,https://www.basketball-reference.com/leagues/NBA_2026_games-december.html
2025-12-30,2025-12-31 02:00:00+00:00,Boston Celtics,Utah Jazz,129,119,0,-10,https://www.basketball-reference.com/leagues/NBA_2026_games-december.html
2025-12-30,2025-12-31 03:30:00+00:00,Detroit Pistons,Los Angeles Lakers,128,106,0,-22,https://www.basketball-reference.com/leagues/NBA_2026_games-december.html
2025-12-30,2025-12-31 04:00:00+00:00,Sacramento Kings,Los Angeles Clippers,90,131,1,41,https://www.basketball-reference.com/leagues/NBA_2026_games-december.html
2025-12-31,2026-01-01 00:00:00+00:00,New York Knicks,San Antonio Spurs,132,134,1,2,https://www.basketball-reference.com/leagues/NBA_2026_games-december.html
2025-12-31,2026-01-01 01:00:00+00:00,Washington Wizards,Milwaukee Bucks,114,113,0,-1,https://www.basketball-reference.com/leagues/NBA_2026_games-december.html
2025-12-31,2026-01-01 00:30:00+00:00,Denver Nuggets,Toronto Raptors,106,103,0,-3,https://www.basketball-reference.com/leagues/NBA_2026_games-december.html
2025-12-31,2026-01-01 00:00:00+00:00,New Orleans Pelicans,Chicago Bulls,118,134,1,16,https://www.basketball-reference.com/leagues/NBA_2026_games-december.html
2025-12-31,2026-01-01 01:00:00+00:00,Portland Trail Blazers,Oklahoma City Thunder,95,124,1,29,https://www.basketball-reference.com/leagues/NBA_2026_games-december.html
2025-12-31,2025-12-31 20:00:00+00:00,Orlando Magic,Indiana Pacers,112,110,0,-2,https://www.basketball-reference.com/leagues/NBA_2026_games-december.html
2025-12-31,2025-12-31 20:00:00+00:00,Minnesota Timberwolves,Atlanta Hawks,102,126,1,24,https://www.basketball-reference.com/leagues/NBA_2026_games-december.html
2025-12-31,2025-12-31 18:00:00+00:00,Golden State Warriors,Charlotte Hornets,132,125,0,-7,https://www.basketball-reference.com/leagues/NBA_2026_games-december.html
2025-12-31,2025-12-31 20:30:00+00:00,Phoenix Suns,Cleveland Cavaliers,113,129,1,16,https://www.basketball-reference.com/leagues/NBA_2026_games-december.html
2026-01-01,2026-01-01 23:00:00+00:00,Houston Rockets,Brooklyn Nets,120,96,0,-24,https://www.basketball-reference.com/leagues/NBA_2026_games-january.html
2026-01-01,2026-01-02 00:00:00+00:00,Miami Heat,Detroit Pistons,118,112,0,-6,https://www.basketball-reference.com/leagues/NBA_2026_games-january.html
2026-01-01,2026-01-02 01:30:00+00:00,Philadelphia 76ers,Dallas Mavericks,123,108,0,-15,https://www.basketball-reference.com/leagues/NBA_2026_games-january.html
2026-01-01,2026-01-02 03:00:00+00:00,Boston Celtics,Sacramento Kings,120,106,0,-14,https://www.basketball-reference.com/leagues/NBA_2026_games-january.html
2026-01-01,2026-01-02 03:30:00+00:00,Utah Jazz,Los Angeles Clippers,101,118,1,17,https://www.basketball-reference.com/leagues/NBA_2026_games-january.html
2026-01-02,2026-01-03 03:00:00+00:00,Oklahoma City Thunder,Golden State Warriors,131,94,0,-37,https://www.basketball-reference.com/leagues/NBA_2026_games-january.html
2026-01-02,2026-01-03 02:00:00+00:00,Sacramento Kings,Phoenix Suns,102,129,1,27,https://www.basketball-reference.com/leagues/NBA_2026_games-january.html
2026-01-02,2026-01-03 01:00:00+00:00,Portland Trail Blazers,New Orleans Pelicans,122,109,0,-13,https://www.basketball-reference.com/leagues/NBA_2026_games-january.html
2026-01-02,2026-01-03 01:00:00+00:00,Charlotte Hornets,Milwaukee Bucks,121,122,1,1,https://www.basketball-reference.com/leagues/NBA_2026_games-january.html
2026-01-02,2026-01-03 03:30:00+00:00,Memphis Grizzlies,Los Angeles Lakers,121,128,1,7,https://www.basketball-reference.com/leagues/NBA_2026_games-january.html
2026-01-02,2026-01-03 00:30:00+00:00,Atlanta Hawks,New York Knicks,111,99,0,-12,https://www.basketball-reference.com/leagues/NBA_2026_games-january.html
2026-01-02,2026-01-03 00:30:00+00:00,Denver Nuggets,Cleveland Cavaliers,108,113,1,5,https://www.basketball-reference.com/leagues/NBA_2026_games-january.html
2026-01-02,2026-01-03 00:00:00+00:00,Brooklyn Nets,Washington Wizards,99,119,1,20,https://www.basketball-reference.com/leagues/NBA_2026_games-january.html
2026-01-02,2026-01-03 00:00:00+00:00,San Antonio Spurs,Indiana Pacers,123,113,0,-10,https://www.basketball-reference.com/leagues/NBA_2026_games-january.html
2026-01-02,2026-01-03 01:00:00+00:00,Orlando Magic,Chicago Bulls,114,121,1,7,https://www.basketball-reference.com/leagues/NBA_2026_games-january.html
2026-01-03,2026-01-04 03:30:00+00:00,Boston Celtics,Los Angeles Clippers,146,115,0,-31,https://www.basketball-reference.com/leagues/NBA_2026_games-january.html
2026-01-03,2026-01-04 01:30:00+00:00,Houston Rockets,Dallas Mavericks,104,110,1,6,https://www.basketball-reference.com/leagues/NBA_2026_games-january.html
2026-01-03,2026-01-04 01:00:00+00:00,Portland Trail Blazers,San Antonio Spurs,115,110,0,-5,https://www.basketball-reference.com/leagues/NBA_2026_games-january.html
2026-01-03,2026-01-04 03:00:00+00:00,Utah Jazz,Golden State Warriors,114,123,1,9,https://www.basketball-reference.com/leagues/NBA_2026_games-january.html
2026-01-03,2026-01-04 00:30:00+00:00,Atlanta Hawks,Toronto Raptors,117,134,1,17,https://www.basketball-reference.com/leagues/NBA_2026_games-january.html
2026-01-03,2026-01-04 00:30:00+00:00,Philadelphia 76ers,New York Knicks,130,119,0,-11,https://www.basketball-reference.com/leagues/NBA_2026_games-january.html
2026-01-03,2026-01-03 22:00:00+00:00,Minnesota Timberwolves,Miami Heat,125,115,0,-10,https://www.basketball-reference.com/leagues/NBA_2026_games-january.html
2026-01-03,2026-01-04 01:00:00+00:00,Charlotte Hornets,Chicago Bulls,112,99,0,-13,https://www.basketball-reference.com/leagues/NBA_2026_games-january.html
2026-01-04,2026-01-04 19:00:00+00:00,Detroit Pistons,Cleveland Cavaliers,114,110,0,-4,https://www.basketball-reference.com/leagues/NBA_2026_games-january.html
2026-01-04,2026-01-04 20:00:00+00:00,Indiana Pacers,Orlando Magic,127,135,1,8,https://www.basketball-reference.com/leagues/NBA_2026_games-january.html
2026-01-04,2026-01-04 20:30:00+00:00,Denver Nuggets,Brooklyn Nets,115,127,1,12,https://www.basketball-reference.com/leagues/NBA_2026_games-january.html
2026-01-04,2026-01-04 23:00:00+00:00,New Orleans Pelicans,Miami Heat,106,125,1,19,https://www.basketball-reference.com/leagues/NBA_2026_games-january.html
2026-01-04,2026-01-04 23:00:00+00:00,Minnesota Timberwolves,Washington Wizards,141,115,0,-26,https://www.basketball-reference.com/leagues/NBA_2026_games-january.html
2026-01-04,2026-01-05 01:00:00+00:00,Oklahoma City Thunder,Phoenix Suns,105,108,1,3,https://www.basketball-reference.com/leagues/NBA_2026_games-january.html
2026-01-04,2026-01-05 02:00:00+00:00,Milwaukee Bucks,Sacramento Kings,115,98,0,-17,https://www.basketball-reference.com/leagues/NBA_2026_games-january.html
2026-01-04,2026-01-05 02:30:00+00:00,Memphis Grizzlies,Los Angeles Lakers,114,120,1,6,https://www.basketball-reference.com/leagues/NBA_2026_games-january.html
2026-01-05,2026-01-06 01:30:00+00:00,Denver Nuggets,Philadelphia 76ers,125,124,0,-1,https://www.basketball-reference.com/leagues/NBA_2026_games-january.html
2026-01-05,2026-01-06 03:00:00+00:00,Golden State Warriors,Los Angeles Clippers,102,103,1,1,https://www.basketball-reference.com/leagues/NBA_2026_games-january.html
2026-01-05,2026-01-06 01:00:00+00:00,Charlotte Hornets,Oklahoma City Thunder,124,97,0,-27,https://www.basketball-reference.com/leagues/NBA_2026_games-january.html
2026-01-05,2026-01-06 03:00:00+00:00,Utah Jazz,Portland Trail Blazers,117,137,1,20,https://www.basketball-reference.com/leagues/NBA_2026_games-january.html
2026-01-05,2026-01-06 00:30:00+00:00,Atlanta Hawks,Toronto Raptors,100,118,1,18,https://www.basketball-reference.com/leagues/NBA_2026_games-january.html
2026-01-05,2026-01-06 00:00:00+00:00,New York Knicks,Detroit Pistons,90,121,1,31,https://www.basketball-reference.com/leagues/NBA_2026_games-january.html
2026-01-05,2026-01-06 01:00:00+00:00,Phoenix Suns,Houston Rockets,97,100,1,3,https://www.basketball-reference.com/leagues/NBA_2026_games-january.html
2026-01-05,2026-01-06 00:30:00+00:00,Chicago Bulls,Boston Celtics,101,115,1,14,https://www.basketball-reference.com/leagues/NBA_2026_games-january.html
2026-01-06,2026-01-07 00:00:00+00:00,Cleveland Cavaliers,Indiana Pacers,120,116,0,-4,https://www.basketball-reference.com/leagues/NBA_2026_games-january.html
2026-01-06,2026-01-07 00:00:00+00:00,Orlando Magic,Washington Wizards,112,120,1,8,https://www.basketball-reference.com/leagues/NBA_2026_games-january.html
2026-01-06,2026-01-07 01:00:00+00:00,San Antonio Spurs,Memphis Grizzlies,105,106,1,1,https://www.basketball-reference.com/leagues/NBA_2026_games-january.html
2026-01-06,2026-01-07 01:00:00+00:00,Miami Heat,Minnesota Timberwolves,94,122,1,28,https://www.basketball-reference.com/leagues/NBA_2026_games-january.html
2026-01-06,2026-01-07 01:00:00+00:00,Los Angeles Lakers,New Orleans Pelicans,111,103,0,-8,https://www.basketball-reference.com/leagues/NBA_2026_games-january.html
2026-01-06,2026-01-07 04:00:00+00:00,Dallas Mavericks,Sacramento Kings,100,98,0,-2,https://www.basketball-reference.com/leagues/NBA_2026_games-january.html
2026-01-07,2026-01-08 00:00:00+00:00,Chicago Bulls,Detroit Pistons,93,108,1,15,https://www.basketball-reference.com/leagues/NBA_2026_games-january.html
2026-01-07,2026-01-08 03:00:00+00:00,Milwaukee Bucks,Golden State Warriors,113,120,1,7,https://www.basketball-reference.com/leagues/NBA_2026_games-january.html
2026-01-07,2026-01-08 02:30:00+00:00,Los Angeles Lakers,San Antonio Spurs,91,107,1,16,https://www.basketball-reference.com/leagues/NBA_2026_games-january.html
2026-01-07,2026-01-08 01:00:00+00:00,Utah Jazz,Oklahoma City Thunder,125,129,1,4,https://www.basketball-reference.com/leagues/NBA_2026_games-january.html
2026-01-07,2026-01-08 01:00:00+00:00,Phoenix Suns,Memphis Grizzlies,117,98,0,-19,https://www.basketball-reference.com/leagues/NBA_2026_games-january.html
2026-01-07,2026-01-08 00:30:00+00:00,Los Angeles Clippers,New York Knicks,111,123,1,12,https://www.basketball-reference.com/leagues/NBA_2026_games-january.html
2026-01-07,2026-01-08 00:00:00+00:00,Toronto Raptors,Charlotte Hornets,97,96,0,-1,https://www.basketball-reference.com/leagues/NBA_2026_games-january.html
2026-01-07,2026-01-08 00:30:00+00:00,New Orleans Pelicans,Atlanta Hawks,100,117,1,17,https://www.basketball-reference.com/leagues/NBA_2026_games-january.html
2026-01-07,2026-01-08 00:00:00+00:00,Washington Wizards,Philadelphia 76ers,110,131,1,21,https://www.basketball-reference.com/leagues/NBA_2026_games-january.html
2026-01-07,2026-01-08 03:00:00+00:00,Houston Rockets,Portland Trail Blazers,102,103,1,1,https://www.basketball-reference.com/leagues/NBA_2026_games-january.html
2026-01-07,2026-01-08 00:00:00+00:00,Denver Nuggets,Boston Celtics,114,110,0,-4,https://www.basketball-reference.com/leagues/NBA_2026_games-january.html
2026-01-07,2026-01-08 00:30:00+00:00,Orlando Magic,Brooklyn Nets,104,103,0,-1,https://www.basketball-reference.com/leagues/NBA_2026_games-january.html
2026-01-08,2026-01-09 02:00:00+00:00,Dallas Mavericks,Utah Jazz,114,116,1,2,https://www.basketball-reference.com/leagues/NBA_2026_games-january.html
2026-01-08,2026-01-09 00:00:00+00:00,Indiana Pacers,Charlotte Hornets,114,112,0,-2,https://www.basketball-reference.com/leagues/NBA_2026_games-january.html
2026-01-08,2026-01-09 01:00:00+00:00,Cleveland Cavaliers,Minnesota Timberwolves,122,131,1,9,https://www.basketball-reference.com/leagues/NBA_2026_games-january.html
2026-01-09,2026-01-10 03:30:00+00:00,Milwaukee Bucks,Los Angeles Lakers,105,101,0,-4,https://www.basketball-reference.com/leagues/NBA_2026_games-january.html
2026-01-09,2026-01-10 03:00:00+00:00,Houston Rockets,Portland Trail Blazers,105,111,1,6,https://www.basketball-reference.com/leagues/NBA_2026_games-january.html
2026-01-09,2026-01-10 02:00:00+00:00,New York Knicks,Phoenix Suns,107,112,1,5,https://www.basketball-reference.com/leagues/NBA_2026_games-january.html
2026-01-09,2026-01-10 02:00:00+00:00,Atlanta Hawks,Denver Nuggets,110,87,0,-23,https://www.basketball-reference.com/leagues/NBA_2026_games-january.html
2026-01-09,2026-01-10 03:00:00+00:00,Sacramento Kings,Golden State Warriors,103,137,1,34,https://www.basketball-reference.com/leagues/NBA_2026_games-january.html
2026-01-09,2026-01-10 00:30:00+00:00,Los Angeles Clippers,Brooklyn Nets,121,105,0,-16,https://www.basketball-reference.com/leagues/NBA_2026_games-january.html
2026-01-09,2026-01-10 00:00:00+00:00,New Orleans Pelicans,Washington Wizards,128,107,0,-21,https://www.basketball-reference.com/leagues/NBA_2026_games-january.html
2026-01-09,2026-01-10 00:00:00+00:00,Philadelphia 76ers,Orlando Magic,103,91,0,-12,https://www.basketball-reference.com/leagues/NBA_2026_games-january.html
2026-01-09,2026-01-10 00:00:00+00:00,Toronto Raptors,Boston Celtics,117,125,1,8,https://www.basketball-reference.com/leagues/NBA_2026_games-january.html
2026-01-09,2026-01-10 01:00:00+00:00,Oklahoma City Thunder,Memphis Grizzlies,117,116,0,-1,https://www.basketball-reference.com/leagues/NBA_2026_games-january.html
2026-01-10,2026-01-11 02:30:00+00:00,Charlotte Hornets,Utah Jazz,150,95,0,-55,https://www.basketball-reference.com/leagues/NBA_2026_games-january.html
2026-01-10,2026-01-10 18:00:00+00:00,Minnesota Timberwolves,Cleveland Cavaliers,134,146,1,12,https://www.basketball-reference.com/leagues/NBA_2026_games-january.html
2026-01-10,2026-01-11 00:00:00+00:00,Miami Heat,Indiana Pacers,99,123,1,24,https://www.basketball-reference.com/leagues/NBA_2026_games-january.html
2026-01-10,2026-01-11 00:30:00+00:00,Los Angeles Clippers,Detroit Pistons,98,92,0,-6,https://www.basketball-reference.com/leagues/NBA_2026_games-january.html
2026-01-10,2026-01-11 01:00:00+00:00,San Antonio Spurs,Boston Celtics,100,95,0,-5,https://www.basketball-reference.com/leagues/NBA_2026_games-january.html
2026-01-10,2026-01-11 01:00:00+00:00,Dallas Mavericks,Chicago Bulls,107,125,1,18,https://www.basketball-reference.com/leagues/NBA_2026_games-january.html
2026-01-11,2026-01-12 02:00:00+00:00,Houston Rockets,Sacramento Kings,98,111,1,13,https://www.basketball-reference.com/leagues/NBA_2026_games-january.html
2026-01-11,2026-01-12 01:00:00+00:00,Milwaukee Bucks,Denver Nuggets,104,108,1,4,https://www.basketball-reference.com/leagues/NBA_2026_games-january.html
2026-01-11,2026-01-12 01:30:00+00:00,Atlanta Hawks,Golden State Warriors,124,111,0,-13,https://www.basketball-reference.com/leagues/NBA_2026_games-january.html
2026-01-11,2026-01-12 01:00:00+00:00,Washington Wizards,Phoenix Suns,93,112,1,19,https://www.basketball-reference.com/leagues/NBA_2026_games-january.html
2026-01-11,2026-01-12 00:00:00+00:00,Miami Heat,Oklahoma City Thunder,112,124,1,12,https://www.basketball-reference.com/leagues/NBA_2026_games-january.html
2026-01-11,2026-01-11 23:00:00+00:00,New York Knicks,Portland Trail Blazers,123,114,0,-9,https://www.basketball-reference.com/leagues/NBA_2026_games-january.html
2026-01-11,2026-01-11 23:00:00+00:00,Philadelphia 76ers,Toronto Raptors,115,116,1,1,https://www.basketball-reference.com/leagues/NBA_2026_games-january.html
2026-01-11,2026-01-11 20:30:00+00:00,Brooklyn Nets,Memphis Grizzlies,98,103,1,5,https://www.basketball-reference.com/leagues/NBA_2026_games-january.html
2026-01-11,2026-01-11 20:00:00+00:00,New Orleans Pelicans,Orlando Magic,118,128,1,10,https://www.basketball-reference.com/leagues/NBA_2026_games-january.html
2026-01-11,2026-01-12 00:00:00+00:00,San Antonio Spurs,Minnesota Timberwolves,103,104,1,1,https://www.basketball-reference.com/leagues/NBA_2026_games-january.html
2026-01-12,2026-01-13 03:00:00+00:00,Los Angeles Lakers,Sacramento Kings,112,124,1,12,https://www.basketball-reference.com/leagues/NBA_2026_games-january.html
2026-01-12,2026-01-13 01:30:00+00:00,Brooklyn Nets,Dallas Mavericks,105,113,1,8,https://www.basketball-reference.com/leagues/NBA_2026_games-january.html
2026-01-12,2026-01-13 03:30:00+00:00,Charlotte Hornets,Los Angeles Clippers,109,117,1,8,https://www.basketball-reference.com/leagues/NBA_2026_games-january.html
2026-01-12,2026-01-13 00:30:00+00:00,Boston Celtics,Indiana Pacers,96,98,1,2,https://www.basketball-reference.com/leagues/NBA_2026_games-january.html
2026-01-12,2026-01-13 00:00:00+00:00,Utah Jazz,Cleveland Cavaliers,123,112,0,-11,https://www.basketball-reference.com/leagues/NBA_2026_games-january.html
2026-01-12,2026-01-13 00:30:00+00:00,Philadelphia 76ers,Toronto Raptors,115,102,0,-13,https://www.basketball-reference.com/leagues/NBA_2026_games-january.html
2026-01-13,2026-01-14 00:30:00+00:00,Phoenix Suns,Miami Heat,121,127,1,6,https://www.basketball-reference.com/leagues/NBA_2026_games-january.html
2026-01-13,2026-01-14 01:00:00+00:00,Chicago Bulls,Houston Rockets,113,119,1,6,https://www.basketball-reference.com/leagues/NBA_2026_games-january.html
2026-01-13,2026-01-14 01:00:00+00:00,Minnesota Timberwolves,Milwaukee Bucks,139,106,0,-33,https://www.basketball-reference.com/leagues/NBA_2026_games-january.html
2026-01-13,2026-01-14 01:00:00+00:00,Denver Nuggets,New Orleans Pelicans,122,116,0,-6,https://www.basketball-reference.com/leagues/NBA_2026_games-january.html
2026-01-13,2026-01-14 01:00:00+00:00,San Antonio Spurs,Oklahoma City Thunder,98,119,1,21,https://www.basketball-reference.com/leagues/NBA_2026_games-january.html
2026-01-13,2026-01-14 03:30:00+00:00,Atlanta Hawks,Los Angeles Lakers,116,141,1,25,https://www.basketball-reference.com/leagues/NBA_2026_games-january.html
2026-01-13,2026-01-14 04:00:00+00:00,Portland Trail Blazers,Golden State Warriors,97,119,1,22,https://www.basketball-reference.com/leagues/NBA_2026_games-january.html
2026-01-14,2026-01-15 03:00:00+00:00,New York Knicks,Sacramento Kings,101,112,1,11,https://www.basketball-reference.com/leagues/NBA_2026_games-january.html
2026-01-14,2026-01-15 03:30:00+00:00,Washington Wizards,Los Angeles Clippers,105,119,1,14,https://www.basketball-reference.com/leagues/NBA_2026_games-january.html
2026-01-14,2026-01-15 01:00:00+00:00,Brooklyn Nets,New Orleans Pelicans,113,116,1,3,https://www.basketball-reference.com/leagues/NBA_2026_games-january.html
2026-01-14,2026-01-15 02:30:00+00:00,Denver Nuggets,Dallas Mavericks,118,109,0,-9,https://www.basketball-reference.com/leagues/NBA_2026_games-january.html
2026-01-14,2026-01-15 00:00:00+00:00,Cleveland Cavaliers,Philadelphia 76ers,133,107,0,-26,https://www.basketball-reference.com/leagues/NBA_2026_games-january.html
2026-01-14,2026-01-15 00:00:00+00:00,Toronto Raptors,Indiana Pacers,115,101,0,-14,https://www.basketball-reference.com/leagues/NBA_2026_games-january.html
2026-01-14,2026-01-15 01:00:00+00:00,Utah Jazz,Chicago Bulls,126,128,1,2,https://www.basketball-reference.com/leagues/NBA_2026_games-january.html
2026-01-15,2026-01-16 03:00:00+00:00,Atlanta Hawks,Portland Trail Blazers,101,117,1,16,https://www.basketball-reference.com/leagues/NBA_2026_games-january.html
2026-01-15,2026-01-16 03:30:00+00:00,Charlotte Hornets,Los Angeles Lakers,135,117,0,-18,https://www.basketball-reference.com/leagues/NBA_2026_games-january.html
2026-01-15,2026-01-16 01:30:00+00:00,Utah Jazz,Dallas Mavericks,122,144,1,22,https://www.basketball-reference.com/leagues/NBA_2026_games-january.html
2026-01-15,2026-01-16 01:00:00+00:00,Milwaukee Bucks,San Antonio Spurs,101,119,1,18,https://www.basketball-reference.com/leagues/NBA_2026_games-january.html
2026-01-15,2026-01-16 03:00:00+00:00,New York Knicks,Golden State Warriors,113,126,1,13,https://www.basketball-reference.com/leagues/NBA_2026_games-january.html
2026-01-15,2026-01-16 00:30:00+00:00,Oklahoma City Thunder,Houston Rockets,111,91,0,-20,https://www.basketball-reference.com/leagues/NBA_2026_games-january.html
2026-01-15,2026-01-16 00:00:00+00:00,Phoenix Suns,Detroit Pistons,105,108,1,3,https://www.basketball-reference.com/leagues/NBA_2026_games-january.html
2026-01-15,2026-01-15 19:00:00+00:00,Memphis Grizzlies,Orlando Magic,111,118,1,7,https://www.basketball-reference.com/leagues/NBA_2026_games-january.html
2026-01-15,2026-01-16 00:30:00+00:00,Boston Celtics,Miami Heat,119,114,0,-5,https://www.basketball-reference.com/leagues/NBA_2026_games-january.html
2026-01-16,2026-01-17 03:00:00+00:00,Washington Wizards,Sacramento Kings,115,128,1,13,https://www.basketball-reference.com/leagues/NBA_2026_games-january.html
2026-01-16,2026-01-17 00:00:00+00:00,New Orleans Pelicans,Indiana Pacers,119,127,1,8,https://www.basketball-reference.com/leagues/NBA_2026_games-january.html
2026-01-16,2026-01-17 00:00:00+00:00,Cleveland Cavaliers,Philadelphia 76ers,117,115,0,-2,https://www.basketball-reference.com/leagues/NBA_2026_games-january.html
2026-01-16,2026-01-17 00:30:00+00:00,Chicago Bulls,Brooklyn Nets,109,112,1,3,https://www.basketball-reference.com/leagues/NBA_2026_games-january.html
2026-01-16,2026-01-17 00:30:00+00:00,Los Angeles Clippers,Toronto Raptors,121,117,0,-4,https://www.basketball-reference.com/leagues/NBA_2026_games-january.html
2026-01-16,2026-01-17 02:30:00+00:00,Minnesota Timberwolves,Houston Rockets,105,110,1,5,https://www.basketball-reference.com/leagues/NBA_2026_games-january.html
2026-01-17,2026-01-18 02:00:00+00:00,Washington Wizards,Denver Nuggets,115,121,1,6,https://www.basketball-reference.com/leagues/NBA_2026_games-january.html
2026-01-17,2026-01-18 01:30:00+00:00,Charlotte Hornets,Golden State Warriors,116,136,1,20,https://www.basketball-reference.com/leagues/NBA_2026_games-january.html
2026-01-17,2026-01-18 03:00:00+00:00,Los Angeles Lakers,Portland Trail Blazers,116,132,1,16,https://www.basketball-reference.com/leagues/NBA_2026_games-january.html
2026-01-17,2026-01-18 01:00:00+00:00,Minnesota Timberwolves,San Antonio Spurs,123,126,1,3,https://www.basketball-reference.com/leagues/NBA_2026_games-january.html
2026-01-17,2026-01-17 22:00:00+00:00,Utah Jazz,Dallas Mavericks,120,138,1,18,https://www.basketball-reference.com/leagues/NBA_2026_games-january.html
2026-01-17,2026-01-18 00:30:00+00:00,Phoenix Suns,New York Knicks,106,99,0,-7,https://www.basketball-reference.com/leagues/NBA_2026_games-january.html
2026-01-17,2026-01-18 00:30:00+00:00,Indiana Pacers,Detroit Pistons,78,121,1,43,https://www.basketball-reference.com/leagues/NBA_2026_games-january.html
2026-01-17,2026-01-18 00:30:00+00:00,Boston Celtics,Atlanta Hawks,132,106,0,-26,https://www.basketball-reference.com/leagues/NBA_2026_games-january.html
2026-01-17,2026-01-18 01:00:00+00:00,Oklahoma City Thunder,Miami Heat,120,122,1,2,https://www.basketball-reference.com/leagues/NBA_2026_games-january.html
2026-01-18,2026-01-18 17:00:00+00:00,Orlando Magic,Memphis Grizzlies,109,126,1,17,https://www.basketball-reference.com/leagues/NBA_2026_games-january.html
2026-01-18,2026-01-19 00:00:00+00:00,Brooklyn Nets,Chicago Bulls,102,124,1,22,https://www.basketball-reference.com/leagues/NBA_2026_games-january.html
2026-01-18,2026-01-19 00:00:00+00:00,New Orleans Pelicans,Houston Rockets,110,119,1,9,https://www.basketball-reference.com/leagues/NBA_2026_games-january.html
2026-01-18,2026-01-19 01:00:00+00:00,Charlotte Hornets,Denver Nuggets,110,87,0,-23,https://www.basketball-reference.com/leagues/NBA_2026_games-january.html
2026-01-18,2026-01-19 02:00:00+00:00,Portland Trail Blazers,Sacramento Kings,117,110,0,-7,https://www.basketball-reference.com/leagues/NBA_2026_games-january.html
2026-01-18,2026-01-19 02:30:00+00:00,Toronto Raptors,Los Angeles Lakers,93,110,1,17,https://www.basketball-reference.com/leagues/NBA_2026_games-january.html
2026-01-19,2026-01-20 03:00:00+00:00,Miami Heat,Golden State Warriors,112,135,1,23,https://www.basketball-reference.com/leagues/NBA_2026_games-january.html
2026-01-19,2026-01-20 00:30:00+00:00,Phoenix Suns,Brooklyn Nets,126,117,0,-9,https://www.basketball-reference.com/leagues/NBA_2026_games-january.html
2026-01-19,2026-01-20 00:00:00+00:00,Indiana Pacers,Philadelphia 76ers,104,113,1,9,https://www.basketball-reference.com/leagues/NBA_2026_games-january.html
2026-01-19,2026-01-19 22:00:00+00:00,Utah Jazz,San Antonio Spurs,110,123,1,13,https://www.basketball-reference.com/leagues/NBA_2026_games-january.html
2026-01-19,2026-01-20 01:00:00+00:00,Boston Celtics,Detroit Pistons,103,104,1,1,https://www.basketball-reference.com/leagues/NBA_2026_games-january.html
2026-01-19,2026-01-19 20:00:00+00:00,Los Angeles Clippers,Washington Wizards,110,106,0,-4,https://www.basketball-reference.com/leagues/NBA_2026_games-january.html
2026-01-19,2026-01-19 19:30:00+00:00,Oklahoma City Thunder,Cleveland Cavaliers,136,104,0,-32,https://www.basketball-reference.com/leagues/NBA_2026_games-january.html
2026-01-19,2026-01-19 18:00:00+00:00,Milwaukee Bucks,Atlanta Hawks,112,110,0,-2,https://www.basketball-reference.com/leagues/NBA_2026_games-january.html
2026-01-19,2026-01-19 22:00:00+00:00,Dallas Mavericks,New York Knicks,114,97,0,-17,https://www.basketball-reference.com/leagues/NBA_2026_games-january.html
2026-01-20,2026-01-21 03:00:00+00:00,Toronto Raptors,Golden State Warriors,145,127,0,-18,https://www.basketball-reference.com/leagues/NBA_2026_games-january.html
2026-01-20,2026-01-21 03:00:00+00:00,Los Angeles Lakers,Denver Nuggets,115,107,0,-8,https://www.basketball-reference.com/leagues/NBA_2026_games-january.html
2026-01-20,2026-01-21 02:00:00+00:00,Minnesota Timberwolves,Utah Jazz,122,127,1,5,https://www.basketball-reference.com/leagues/NBA_2026_games-january.html
2026-01-20,2026-01-21 03:00:00+00:00,Miami Heat,Sacramento Kings,130,117,0,-13,https://www.basketball-reference.com/leagues/NBA_2026_games-january.html
2026-01-20,2026-01-21 01:00:00+00:00,Los Angeles Clippers,Chicago Bulls,110,138,1,28,https://www.basketball-reference.com/leagues/NBA_2026_games-january.html
2026-01-20,2026-01-21 00:00:00+00:00,Phoenix Suns,Philadelphia 76ers,116,110,0,-6,https://www.basketball-reference.com/leagues/NBA_2026_games-january.html
2026-01-20,2026-01-21 01:00:00+00:00,San Antonio Spurs,Houston Rockets,106,111,1,5,https://www.basketball-reference.com/leagues/NBA_2026_games-january.html
2026-01-21,2026-01-22 00:00:00+00:00,Cleveland Cavaliers,Charlotte Hornets,94,87,0,-7,https://www.basketball-reference.com/leagues/NBA_2026_games-january.html
2026-01-21,2026-01-22 00:30:00+00:00,Indiana Pacers,Boston Celtics,104,119,1,15,https://www.basketball-reference.com/leagues/NBA_2026_games-january.html
2026-01-21,2026-01-22 00:30:00+00:00,Brooklyn Nets,New York Knicks,66,120,1,54,https://www.basketball-reference.com/leagues/NBA_2026_games-january.html
2026-01-21,2026-01-22 01:00:00+00:00,Atlanta Hawks,Memphis Grizzlies,124,122,0,-2,https://www.basketball-reference.com/leagues/NBA_2026_games-january.html
2026-01-21,2026-01-22 01:00:00+00:00,Detroit Pistons,New Orleans Pelicans,112,104,0,-8,https://www.basketball-reference.com/leagues/NBA_2026_games-january.html
2026-01-21,2026-01-22 02:30:00+00:00,Oklahoma City Thunder,Milwaukee Bucks,122,102,0,-20,https://www.basketball-reference.com/leagues/NBA_2026_games-january.html
2026-01-21,2026-01-22 03:00:00+00:00,Toronto Raptors,Sacramento Kings,122,109,0,-13,https://www.basketball-reference.com/leagues/NBA_2026_games-january.html
2026-01-22,2026-01-23 03:00:00+00:00,Los Angeles Lakers,Los Angeles Clippers,104,112,1,8,https://www.basketball-reference.com/leagues/NBA_2026_games-january.html
2026-01-22,2026-01-23 03:00:00+00:00,Miami Heat,Portland Trail Blazers,110,127,1,17,https://www.basketball-reference.com/leagues/NBA_2026_games-january.html
2026-01-22,2026-01-23 02:00:00+00:00,San Antonio Spurs,Utah Jazz,126,109,0,-17,https://www.basketball-reference.com/leagues/NBA_2026_games-january.html
2026-01-22,2026-01-23 01:00:00+00:00,Chicago Bulls,Minnesota Timberwolves,120,115,0,-5,https://www.basketball-reference.com/leagues/NBA_2026_games-january.html
2026-01-22,2026-01-23 00:30:00+00:00,Golden State Warriors,Dallas Mavericks,115,123,1,8,https://www.basketball-reference.com/leagues/NBA_2026_games-january.html
2026-01-22,2026-01-23 00:00:00+00:00,Denver Nuggets,Washington Wizards,107,97,0,-10,https://www.basketball-reference.com/leagues/NBA_2026_games-january.html
2026-01-22,2026-01-23 00:00:00+00:00,Houston Rockets,Philadelphia 76ers,122,128,1,6,https://www.basketball-reference.com/leagues/NBA_2026_games-january.html
2026-01-22,2026-01-23 00:00:00+00:00,Charlotte Hornets,Orlando Magic,124,97,0,-27,https://www.basketball-reference.com/leagues/NBA_2026_games-january.html
2026-01-23,2026-01-24 03:00:00+00:00,Toronto Raptors,Portland Trail Blazers,110,98,0,-12,https://www.basketball-reference.com/leagues/NBA_2026_games-january.html
2026-01-23,2026-01-24 01:00:00+00:00,Indiana Pacers,Oklahoma City Thunder,117,114,0,-3,https://www.basketball-reference.com/leagues/NBA_2026_games-january.html
2026-01-23,2026-01-24 01:00:00+00:00,New Orleans Pelicans,Memphis Grizzlies,133,127,0,-6,https://www.basketball-reference.com/leagues/NBA_2026_games-january.html
2026-01-23,2026-01-24 02:30:00+00:00,Denver Nuggets,Milwaukee Bucks,102,100,0,-2,https://www.basketball-reference.com/leagues/NBA_2026_games-january.html
2026-01-23,2026-01-24 00:30:00+00:00,Boston Celtics,Brooklyn Nets,130,126,0,-4,https://www.basketball-reference.com/leagues/NBA_2026_games-january.html
2026-01-23,2026-01-24 00:30:00+00:00,Phoenix Suns,Atlanta Hawks,103,110,1,7,https://www.basketball-reference.com/leagues/NBA_2026_games-january.html
2026-01-23,2026-01-24 00:00:00+00:00,Houston Rockets,Detroit Pistons,111,104,0,-7,https://www.basketball-reference.com/leagues/NBA_2026_games-january.html
2026-01-23,2026-01-24 00:30:00+00:00,Sacramento Kings,Cleveland Cavaliers,118,123,1,5,https://www.basketball-reference.com/leagues/NBA_2026_games-january.html
2026-01-24,2026-01-24 17:00:00+00:00,Washington Wizards,Charlotte Hornets,115,119,1,4,https://www.basketball-reference.com/leagues/NBA_2026_games-january.html
2026-01-24,2026-01-24 20:00:00+00:00,New York Knicks,Philadelphia 76ers,112,109,0,-3,https://www.basketball-reference.com/leagues/NBA_2026_games-january.html
2026-01-24,2026-01-25 00:00:00+00:00,Cleveland Cavaliers,Orlando Magic,119,105,0,-14,https://www.basketball-reference.com/leagues/NBA_2026_games-january.html
2026-01-24,2026-01-25 01:00:00+00:00,Boston Celtics,Chicago Bulls,111,114,1,3,https://www.basketball-reference.com/leagues/NBA_2026_games-january.html
2026-01-24,2026-01-25 01:30:00+00:00,Los Angeles Lakers,Dallas Mavericks,116,110,0,-6,https://www.basketball-reference.com/leagues/NBA_2026_games-january.html
2026-01-24,2026-01-25 02:30:00+00:00,Miami Heat,Utah Jazz,147,116,0,-31,https://www.basketball-reference.com/leagues/NBA_2026_games-january.html
2026-01-25,2026-01-26 01:00:00+00:00,Miami Heat,Phoenix Suns,111,102,0,-9,https://www.basketball-reference.com/leagues/NBA_2026_games-january.html
2026-01-25,2026-01-26 02:00:00+00:00,Brooklyn Nets,Los Angeles Clippers,89,126,1,37,https://www.basketball-reference.com/leagues/NBA_2026_games-january.html
2026-01-25,2026-01-26 00:00:00+00:00,New Orleans Pelicans,San Antonio Spurs,104,95,0,-9,https://www.basketball-reference.com/leagues/NBA_2026_games-january.html
2026-01-25,2026-01-26 00:00:00+00:00,Toronto Raptors,Oklahoma City Thunder,103,101,0,-2,https://www.basketball-reference.com/leagues/NBA_2026_games-january.html
2026-01-25,2026-01-25 22:30:00+00:00,Golden State Warriors,Minnesota Timberwolves,111,85,0,-26,https://www.basketball-reference.com/leagues/NBA_2026_games-january.html
2026-01-25,2026-01-25 20:00:00+00:00,Sacramento Kings,Detroit Pistons,116,139,1,23,https://www.basketball-reference.com/leagues/NBA_2026_games-january.html
2026-01-26,2026-01-26 18:30:00+00:00,Indiana Pacers,Atlanta Hawks,116,132,1,16,https://www.basketball-reference.com/leagues/NBA_2026_games-january.html
2026-01-26,2026-01-26 20:00:00+00:00,Philadelphia 76ers,Charlotte Hornets,93,130,1,37,https://www.basketball-reference.com/leagues/NBA_2026_games-january.html
2026-01-26,2026-01-27 00:00:00+00:00,Orlando Magic,Cleveland Cavaliers,98,114,1,16,https://www.basketball-reference.com/leagues/NBA_2026_games-january.html
2026-01-26,2026-01-27 01:00:00+00:00,Portland Trail Blazers,Boston Celtics,94,102,1,8,https://www.basketball-reference.com/leagues/NBA_2026_games-january.html
2026-01-26,2026-01-27 01:00:00+00:00,Los Angeles Lakers,Chicago Bulls,129,118,0,-11,https://www.basketball-reference.com/leagues/NBA_2026_games-january.html
2026-01-26,2026-01-27 01:00:00+00:00,Memphis Grizzlies,Houston Rockets,99,108,1,9,https://www.basketball-reference.com/leagues/NBA_2026_games-january.html
2026-01-26,2026-01-27 02:30:00+00:00,Golden State Warriors,Minnesota Timberwolves,83,108,1,25,https://www.basketball-reference.com/leagues/NBA_2026_games-january.html
2026-01-27,2026-01-28 03:00:00+00:00,Los Angeles Clippers,Utah Jazz,115,103,0,-12,https://www.basketball-reference.com/leagues/NBA_2026_games-january.html
2026-01-27,2026-01-28 02:00:00+00:00,Brooklyn Nets,Phoenix Suns,102,106,1,4,https://www.basketball-reference.com/leagues/NBA_2026_games-january.html
2026-01-27,2026-01-28 02:00:00+00:00,Detroit Pistons,Denver Nuggets,109,107,0,-2,https://www.basketball-reference.com/leagues/NBA_2026_games-january.html
2026-01-27,2026-01-28 00:00:00+00:00,Portland Trail Blazers,Washington Wizards,111,115,1,4,https://www.basketball-reference.com/leagues/NBA_2026_games-january.html
2026-01-27,2026-01-28 01:00:00+00:00,New Orleans Pelicans,Oklahoma City Thunder,95,104,1,9,https://www.basketball-reference.com/leagues/NBA_2026_games-january.html
2026-01-27,2026-01-28 00:30:00+00:00,Sacramento Kings,New York Knicks,87,103,1,16,https://www.basketball-reference.com/leagues/NBA_2026_games-january.html
2026-01-27,2026-01-28 01:00:00+00:00,Milwaukee Bucks,Philadelphia 76ers,122,139,1,17,https://www.basketball-reference.com/leagues/NBA_2026_games-january.html
2026-01-28,2026-01-29 01:30:00+00:00,Minnesota Timberwolves,Dallas Mavericks,118,105,0,-13,https://www.basketball-reference.com/leagues/NBA_2026_games-january.html
2026-01-28,2026-01-29 02:30:00+00:00,San Antonio Spurs,Houston Rockets,111,99,0,-12,https://www.basketball-reference.com/leagues/NBA_2026_games-january.html
2026-01-28,2026-01-29 02:00:00+00:00,Golden State Warriors,Utah Jazz,140,124,0,-16,https://www.basketball-reference.com/leagues/NBA_2026_games-january.html
2026-01-28,2026-01-29 01:00:00+00:00,Charlotte Hornets,Memphis Grizzlies,112,97,0,-15,https://www.basketball-reference.com/leagues/NBA_2026_games-january.html
2026-01-28,2026-01-29 00:30:00+00:00,Atlanta Hawks,Boston Celtics,117,106,0,-11,https://www.basketball-reference.com/leagues/NBA_2026_games-january.html
2026-01-28,2026-01-29 00:30:00+00:00,Orlando Magic,Miami Heat,133,124,0,-9,https://www.basketball-reference.com/leagues/NBA_2026_games-january.html
2026-01-28,2026-01-29 00:00:00+00:00,Chicago Bulls,Indiana Pacers,110,113,1,3,https://www.basketball-reference.com/leagues/NBA_2026_games-january.html
2026-01-28,2026-01-29 00:00:00+00:00,Los Angeles Lakers,Cleveland Cavaliers,99,129,1,30,https://www.basketball-reference.com/leagues/NBA_2026_games-january.html
2026-01-28,2026-01-29 00:30:00+00:00,New York Knicks,Toronto Raptors,119,92,0,-27,https://www.basketball-reference.com/leagues/NBA_2026_games-january.html
2026-01-29,2026-01-30 00:00:00+00:00,Sacramento Kings,Philadelphia 76ers,111,113,1,2,https://www.basketball-reference.com/leagues/NBA_2026_games-january.html
2026-01-29,2026-01-30 00:00:00+00:00,Milwaukee Bucks,Washington Wizards,99,109,1,10,https://www.basketball-reference.com/leagues/NBA_2026_games-january.html
2026-01-29,2026-01-30 01:00:00+00:00,Houston Rockets,Atlanta Hawks,104,86,0,-18,https://www.basketball-reference.com/leagues/NBA_2026_games-january.html
2026-01-29,2026-01-30 01:00:00+00:00,Miami Heat,Chicago Bulls,116,113,0,-3,https://www.basketball-reference.com/leagues/NBA_2026_games-january.html
2026-01-29,2026-01-30 01:30:00+00:00,Charlotte Hornets,Dallas Mavericks,123,121,0,-2,https://www.basketball-reference.com/leagues/NBA_2026_games-january.html
2026-01-29,2026-01-30 02:00:00+00:00,Brooklyn Nets,Denver Nuggets,103,107,1,4,https://www.basketball-reference.com/leagues/NBA_2026_games-january.html
2026-01-29,2026-01-30 02:00:00+00:00,Detroit Pistons,Phoenix Suns,96,114,1,18,https://www.basketball-reference.com/leagues/NBA_2026_games-january.html
2026-01-29,2026-01-30 02:30:00+00:00,Oklahoma City Thunder,Minnesota Timberwolves,111,123,1,12,https://www.basketball-reference.com/leagues/NBA_2026_games-january.html
2026-01-30,2026-01-31 03:00:00+00:00,Detroit Pistons,Golden State Warriors,131,124,0,-7,https://www.basketball-reference.com/leagues/NBA_2026_games-january.html
2026-01-30,2026-01-31 02:00:00+00:00,Cleveland Cavaliers,Phoenix Suns,113,126,1,13,https://www.basketball-reference.com/leagues/NBA_2026_games-january.html
2026-01-30,2026-01-31 02:00:00+00:00,Los Angeles Clippers,Denver Nuggets,109,122,1,13,https://www.basketball-reference.com/leagues/NBA_2026_games-january.html
2026-01-30,2026-01-31 00:30:00+00:00,Toronto Raptors,Orlando Magic,120,130,1,10,https://www.basketball-reference.com/leagues/NBA_2026_games-january.html
2026-01-30,2026-01-31 02:30:00+00:00,Brooklyn Nets,Utah Jazz,109,99,0,-10,https://www.basketball-reference.com/leagues/NBA_2026_games-january.html
2026-01-30,2026-01-31 00:30:00+00:00,Memphis Grizzlies,New Orleans Pelicans,106,114,1,8,https://www.basketball-reference.com/leagues/NBA_2026_games-january.html
2026-01-30,2026-01-31 00:30:00+00:00,Sacramento Kings,Boston Celtics,93,112,1,19,https://www.basketball-reference.com/leagues/NBA_2026_games-january.html
2026-01-30,2026-01-31 00:00:00+00:00,Los Angeles Lakers,Washington Wizards,142,111,0,-31,https://www.basketball-reference.com/leagues/NBA_2026_games-january.html
2026-01-30,2026-01-31 00:30:00+00:00,Portland Trail Blazers,New York Knicks,97,127,1,30,https://www.basketball-reference.com/leagues/NBA_2026_games-january.html
2026-01-31,2026-01-31 17:00:00+00:00,San Antonio Spurs,Charlotte Hornets,106,111,1,5,https://www.basketball-reference.com/leagues/NBA_2026_games-january.html
2026-01-31,2026-02-01 00:00:00+00:00,Atlanta Hawks,Indiana Pacers,124,129,1,5,https://www.basketball-reference.com/leagues/NBA_2026_games-january.html
2026-01-31,2026-02-01 00:30:00+00:00,New Orleans Pelicans,Philadelphia 76ers,114,124,1,10,https://www.basketball-reference.com/leagues/NBA_2026_games-january.html
2026-01-31,2026-02-01 01:00:00+00:00,Minnesota Timberwolves,Memphis Grizzlies,131,114,0,-17,https://www.basketball-reference.com/leagues/NBA_2026_games-january.html
2026-01-31,2026-02-01 01:00:00+00:00,Chicago Bulls,Miami Heat,125,118,0,-7,https://www.basketball-reference.com/leagues/NBA_2026_games-january.html
2026-01-31,2026-02-01 01:30:00+00:00,Dallas Mavericks,Houston Rockets,107,111,1,4,https://www.basketball-reference.com/leagues/NBA_2026_games-january.html
2026-02-01,2026-02-02 02:30:00+00:00,Oklahoma City Thunder,Denver Nuggets,121,111,0,-10,https://www.basketball-reference.com/leagues/NBA_2026_games-february.html
2026-02-01,2026-02-02 02:00:00+00:00,Orlando Magic,San Antonio Spurs,103,112,1,9,https://www.basketball-reference.com/leagues/NBA_2026_games-february.html
2026-02-01,2026-02-02 02:00:00+00:00,Cleveland Cavaliers,Portland Trail Blazers,130,111,0,-19,https://www.basketball-reference.com/leagues/NBA_2026_games-february.html
2026-02-01,2026-02-02 01:00:00+00:00,Los Angeles Clippers,Phoenix Suns,117,93,0,-24,https://www.basketball-reference.com/leagues/NBA_2026_games-february.html
2026-02-01,2026-02-02 00:00:00+00:00,Los Angeles Lakers,New York Knicks,100,112,1,12,https://www.basketball-reference.com/leagues/NBA_2026_games-february.html
2026-02-01,2026-02-01 20:30:00+00:00,Milwaukee Bucks,Boston Celtics,79,107,1,28,https://www.basketball-reference.com/leagues/NBA_2026_games-february.html
2026-02-01,2026-02-01 23:00:00+00:00,Utah Jazz,Toronto Raptors,100,107,1,7,https://www.basketball-reference.com/leagues/NBA_2026_games-february.html
2026-02-01,2026-02-01 23:00:00+00:00,Chicago Bulls,Miami Heat,91,134,1,43,https://www.basketball-reference.com/leagues/NBA_2026_games-february.html
2026-02-01,2026-02-01 23:00:00+00:00,Brooklyn Nets,Detroit Pistons,77,130,1,53,https://www.basketball-reference.com/leagues/NBA_2026_games-february.html
2026-02-01,2026-02-01 23:00:00+00:00,Sacramento Kings,Washington Wizards,112,116,1,4,https://www.basketball-reference.com/leagues/NBA_2026_games-february.html
2026-02-02,2026-02-03 03:00:00+00:00,Philadelphia 76ers,Los Angeles Clippers,128,113,0,-15,https://www.basketball-reference.com/leagues/NBA_2026_games-february.html
2026-02-02,2026-02-03 00:30:00+00:00,Minnesota Timberwolves,Memphis Grizzlies,128,137,1,9,https://www.basketball-reference.com/leagues/NBA_2026_games-february.html
2026-02-02,2026-02-02 20:00:00+00:00,New Orleans Pelicans,Charlotte Hornets,95,102,1,7,https://www.basketball-reference.com/leagues/NBA_2026_games-february.html
2026-02-02,2026-02-03 00:00:00+00:00,Houston Rockets,Indiana Pacers,118,114,0,-4,https://www.basketball-reference.com/leagues/NBA_2026_games-february.html
2026-02-03,2026-02-04 00:00:00+00:00,Denver Nuggets,Detroit Pistons,121,124,1,3,https://www.basketball-reference.com/leagues/NBA_2026_games-february.html
2026-02-03,2026-02-04 00:00:00+00:00,Utah Jazz,Indiana Pacers,131,122,0,-9,https://www.basketball-reference.com/leagues/NBA_2026_games-february.html
2026-02-03,2026-02-04 00:00:00+00:00,New York Knicks,Washington Wizards,132,101,0,-31,https://www.basketball-reference.com/leagues/NBA_2026_games-february.html
2026-02-03,2026-02-04 00:30:00+00:00,Los Angeles Lakers,Brooklyn Nets,125,109,0,-16,https://www.basketball-reference.com/leagues/NBA_2026_games-february.html
2026-02-03,2026-02-04 00:30:00+00:00,Atlanta Hawks,Miami Heat,127,115,0,-12,https://www.basketball-reference.com/leagues/NBA_2026_games-february.html
2026-02-03,2026-02-04 01:00:00+00:00,Boston Celtics,Dallas Mavericks,110,100,0,-10,https://www.basketball-reference.com/leagues/NBA_2026_games-february.html
2026-02-03,2026-02-04 01:00:00+00:00,Chicago Bulls,Milwaukee Bucks,115,131,1,16,https://www.basketball-reference.com/leagues/NBA_2026_games-february.html
2026-02-03,2026-02-04 01:00:00+00:00,Orlando Magic,Oklahoma City Thunder,92,128,1,36,https://www.basketball-reference.com/leagues/NBA_2026_games-february.html
2026-02-03,2026-02-04 03:00:00+00:00,Philadelphia 76ers,Golden State Warriors,113,94,0,-19,https://www.basketball-reference.com/leagues/NBA_2026_games-february.html
2026-02-03,2026-02-04 04:00:00+00:00,Phoenix Suns,Portland Trail Blazers,130,125,0,-5,https://www.basketball-reference.com/leagues/NBA_2026_games-february.html
2026-02-04,2026-02-05 03:00:00+00:00,Memphis Grizzlies,Sacramento Kings,129,125,0,-4,https://www.basketball-reference.com/leagues/NBA_2026_games-february.html
2026-02-04,2026-02-05 02:30:00+00:00,Oklahoma City Thunder,San Antonio Spurs,106,116,1,10,https://www.basketball-reference.com/leagues/NBA_2026_games-february.html
2026-02-04,2026-02-05 01:00:00+00:00,New Orleans Pelicans,Milwaukee Bucks,137,141,1,4,https://www.basketball-reference.com/leagues/NBA_2026_games-february.html
2026-02-04,2026-02-05 03:30:00+00:00,Cleveland Cavaliers,Los Angeles Clippers,124,91,0,-33,https://www.basketball-reference.com/leagues/NBA_2026_games-february.html
2026-02-04,2026-02-05 00:30:00+00:00,Minnesota Timberwolves,Toronto Raptors,128,126,0,-2,https://www.basketball-reference.com/leagues/NBA_2026_games-february.html
2026-02-04,2026-02-05 00:00:00+00:00,Denver Nuggets,New York Knicks,127,134,1,7,https://www.basketball-reference.com/leagues/NBA_2026_games-february.html
2026-02-04,2026-02-05 01:00:00+00:00,Boston Celtics,Houston Rockets,114,93,0,-21,https://www.basketball-reference.com/leagues/NBA_2026_games-february.html
2026-02-05,2026-02-06 03:00:00+00:00,Philadelphia 76ers,Los Angeles Lakers,115,119,1,4,https://www.basketball-reference.com/leagues/NBA_2026_games-february.html
2026-02-05,2026-02-06 01:30:00+00:00,San Antonio Spurs,Dallas Mavericks,135,123,0,-12,https://www.basketball-reference.com/leagues/NBA_2026_games-february.html
2026-02-05,2026-02-06 01:00:00+00:00,Charlotte Hornets,Houston Rockets,109,99,0,-10,https://www.basketball-reference.com/leagues/NBA_2026_games-february.html
2026-02-05,2026-02-06 03:00:00+00:00,Golden State Warriors,Phoenix Suns,101,97,0,-4,https://www.basketball-reference.com/leagues/NBA_2026_games-february.html
2026-02-05,2026-02-06 00:30:00+00:00,Utah Jazz,Atlanta Hawks,119,121,1,2,https://www.basketball-reference.com/leagues/NBA_2026_games-february.html
2026-02-05,2026-02-06 00:00:00+00:00,Brooklyn Nets,Orlando Magic,98,118,1,20,https://www.basketball-reference.com/leagues/NBA_2026_games-february.html
2026-02-05,2026-02-06 00:00:00+00:00,Washington Wizards,Detroit Pistons,126,117,0,-9,https://www.basketball-reference.com/leagues/NBA_2026_games-february.html
2026-02-05,2026-02-06 00:30:00+00:00,Chicago Bulls,Toronto Raptors,107,123,1,16,https://www.basketball-reference.com/leagues/NBA_2026_games-february.html
2026-02-06,2026-02-07 00:30:00+00:00,Miami Heat,Boston Celtics,96,98,1,2,https://www.basketball-reference.com/leagues/NBA_2026_games-february.html
2026-02-06,2026-02-07 00:30:00+00:00,New York Knicks,Detroit Pistons,80,118,1,38,https://www.basketball-reference.com/leagues/NBA_2026_games-february.html
2026-02-06,2026-02-07 01:00:00+00:00,Indiana Pacers,Milwaukee Bucks,99,105,1,6,https://www.basketball-reference.com/leagues/NBA_2026_games-february.html
2026-02-06,2026-02-07 01:00:00+00:00,New Orleans Pelicans,Minnesota Timberwolves,119,115,0,-4,https://www.basketball-reference.com/leagues/NBA_2026_games-february.html
2026-02-06,2026-02-07 03:00:00+00:00,Memphis Grizzlies,Portland Trail Blazers,115,135,1,20,https://www.basketball-reference.com/leagues/NBA_2026_games-february.html
2026-02-06,2026-02-07 03:00:00+00:00,Los Angeles Clippers,Sacramento Kings,114,111,0,-3,https://www.basketball-reference.com/leagues/NBA_2026_games-february.html
2026-02-07,2026-02-08 02:00:00+00:00,Philadelphia 76ers,Phoenix Suns,109,103,0,-6,https://www.basketball-reference.com/leagues/NBA_2026_games-february.html
2026-02-07,2026-02-08 03:00:00+00:00,Cleveland Cavaliers,Sacramento Kings,132,126,0,-6,https://www.basketball-reference.com/leagues/NBA_2026_games-february.html
2026-02-07,2026-02-08 03:00:00+00:00,Memphis Grizzlies,Portland Trail Blazers,115,122,1,7,https://www.basketball-reference.com/leagues/NBA_2026_games-february.html
2026-02-07,2026-02-08 01:30:00+00:00,Golden State Warriors,Los Angeles Lakers,99,105,1,6,https://www.basketball-reference.com/leagues/NBA_2026_games-february.html
2026-02-07,2026-02-08 01:00:00+00:00,Denver Nuggets,Chicago Bulls,136,120,0,-16,https://www.basketball-reference.com/leagues/NBA_2026_games-february.html
2026-02-07,2026-02-08 00:00:00+00:00,Utah Jazz,Orlando Magic,117,120,1,3,https://www.basketball-reference.com/leagues/NBA_2026_games-february.html
2026-02-07,2026-02-07 23:00:00+00:00,Dallas Mavericks,San Antonio Spurs,125,138,1,13,https://www.basketball-reference.com/leagues/NBA_2026_games-february.html
2026-02-07,2026-02-07 20:30:00+00:00,Houston Rockets,Oklahoma City Thunder,112,106,0,-6,https://www.basketball-reference.com/leagues/NBA_2026_games-february.html
2026-02-07,2026-02-07 20:00:00+00:00,Washington Wizards,Brooklyn Nets,113,127,1,14,https://www.basketball-reference.com/leagues/NBA_2026_games-february.html
2026-02-07,2026-02-08 00:30:00+00:00,Charlotte Hornets,Atlanta Hawks,126,119,0,-7,https://www.basketball-reference.com/leagues/NBA_2026_games-february.html
2026-02-08,2026-02-08 17:30:00+00:00,New York Knicks,Boston Celtics,111,89,0,-22,https://www.basketball-reference.com/leagues/NBA_2026_games-february.html
2026-02-08,2026-02-08 19:00:00+00:00,Miami Heat,Washington Wizards,132,101,0,-31,https://www.basketball-reference.com/leagues/NBA_2026_games-february.html
2026-02-08,2026-02-08 20:00:00+00:00,Los Angeles Clippers,Minnesota Timberwolves,115,96,0,-19,https://www.basketball-reference.com/leagues/NBA_2026_games-february.html
2026-02-08,2026-02-08 20:00:00+00:00,Indiana Pacers,Toronto Raptors,104,122,1,18,https://www.basketball-reference.com/leagues/NBA_2026_games-february.html
2026-02-09,2026-02-10 03:00:00+00:00,Philadelphia 76ers,Portland Trail Blazers,118,135,1,17,https://www.basketball-reference.com/leagues/NBA_2026_games-february.html
2026-02-09,2026-02-10 03:00:00+00:00,Oklahoma City Thunder,Los Angeles Lakers,119,110,0,-9,https://www.basketball-reference.com/leagues/NBA_2026_games-february.html
2026-02-09,2026-02-10 03:00:00+00:00,Memphis Grizzlies,Golden State Warriors,113,114,1,1,https://www.basketball-reference.com/leagues/NBA_2026_games-february.html
2026-02-09,2026-02-10 02:00:00+00:00,Cleveland Cavaliers,Denver Nuggets,119,117,0,-2,https://www.basketball-reference.com/leagues/NBA_2026_games-february.html
2026-02-09,2026-02-10 01:00:00+00:00,Sacramento Kings,New Orleans Pelicans,94,120,1,26,https://www.basketball-reference.com/leagues/NBA_2026_games-february.html
2026-02-09,2026-02-10 00:30:00+00:00,Milwaukee Bucks,Orlando Magic,99,118,1,19,https://www.basketball-reference.com/leagues/NBA_2026_games-february.html
2026-02-09,2026-02-10 00:30:00+00:00,Utah Jazz,Miami Heat,115,111,0,-4,https://www.basketball-reference.com/leagues/NBA_2026_games-february.html
2026-02-09,2026-02-10 00:30:00+00:00,Chicago Bulls,Brooklyn Nets,115,123,1,8,https://www.basketball-reference.com/leagues/NBA_2026_games-february.html
2026-02-09,2026-02-10 00:00:00+00:00,Detroit Pistons,Charlotte Hornets,110,104,0,-6,https://www.basketball-reference.com/leagues/NBA_2026_games-february.html
2026-02-09,2026-02-10 01:00:00+00:00,Atlanta Hawks,Minnesota Timberwolves,116,138,1,22,https://www.basketball-reference.com/leagues/NBA_2026_games-february.html
2026-02-10,2026-02-11 00:30:00+00:00,Indiana Pacers,New York Knicks,137,134,0,-3,https://www.basketball-reference.com/leagues/NBA_2026_games-february.html
2026-02-10,2026-02-11 01:00:00+00:00,Los Angeles Clippers,Houston Rockets,95,102,1,7,https://www.basketball-reference.com/leagues/NBA_2026_games-february.html
2026-02-10,2026-02-11 02:00:00+00:00,Dallas Mavericks,Phoenix Suns,111,120,1,9,https://www.basketball-reference.com/leagues/NBA_2026_games-february.html
2026-02-10,2026-02-11 03:30:00+00:00,San Antonio Spurs,Los Angeles Lakers,136,108,0,-28,https://www.basketball-reference.com/leagues/NBA_2026_games-february.html
2026-02-11,2026-02-12 01:00:00+00:00,Portland Trail Blazers,Minnesota Timberwolves,109,133,1,24,https://www.basketball-reference.com/leagues/NBA_2026_games-february.html
2026-02-11,2026-02-12 02:00:00+00:00,Sacramento Kings,Utah Jazz,93,121,1,28,https://www.basketball-reference.com/leagues/NBA_2026_games-february.html
2026-02-11,2026-02-12 02:00:00+00:00,Oklahoma City Thunder,Phoenix Suns,136,109,0,-27,https://www.basketball-reference.com/leagues/NBA_2026_games-february.html
2026-02-11,2026-02-12 02:00:00+00:00,Memphis Grizzlies,Denver Nuggets,116,122,1,6,https://www.basketball-reference.com/leagues/NBA_2026_games-february.html
2026-02-11,2026-02-12 01:00:00+00:00,Miami Heat,New Orleans Pelicans,123,111,0,-12,https://www.basketball-reference.com/leagues/NBA_2026_games-february.html
2026-02-11,2026-02-12 01:00:00+00:00,Los Angeles Clippers,Houston Rockets,105,102,0,-3,https://www.basketball-reference.com/leagues/NBA_2026_games-february.html
2026-02-11,2026-02-12 03:00:00+00:00,San Antonio Spurs,Golden State Warriors,126,113,0,-13,https://www.basketball-reference.com/leagues/NBA_2026_games-february.html
2026-02-11,2026-02-12 00:30:00+00:00,New York Knicks,Philadelphia 76ers,138,89,0,-49,https://www.basketball-reference.com/leagues/NBA_2026_games-february.html
2026-02-11,2026-02-12 00:30:00+00:00,Indiana Pacers,Brooklyn Nets,115,110,0,-5,https://www.basketball-reference.com/leagues/NBA_2026_games-february.html
2026-02-11,2026-02-12 00:30:00+00:00,Chicago Bulls,Boston Celtics,105,124,1,19,https://www.basketball-reference.com/leagues/NBA_2026_games-february.html
2026-02-11,2026-02-12 00:00:00+00:00,Milwaukee Bucks,Orlando Magic,116,108,0,-8,https://www.basketball-reference.com/leagues/NBA_2026_games-february.html
2026-02-11,2026-02-12 00:00:00+00:00,Washington Wizards,Cleveland Cavaliers,113,138,1,25,https://www.basketball-reference.com/leagues/NBA_2026_games-february.html
2026-02-11,2026-02-12 00:00:00+00:00,Atlanta Hawks,Charlotte Hornets,107,110,1,3,https://www.basketball-reference.com/leagues/NBA_2026_games-february.html
2026-02-11,2026-02-12 00:30:00+00:00,Detroit Pistons,Toronto Raptors,113,95,0,-18,https://www.basketball-reference.com/leagues/NBA_2026_games-february.html
2026-02-12,2026-02-13 02:00:00+00:00,Portland Trail Blazers,Utah Jazz,135,119,0,-16,https://www.basketball-reference.com/leagues/NBA_2026_games-february.html
2026-02-12,2026-02-13 03:00:00+00:00,Dallas Mavericks,Los Angeles Lakers,104,124,1,20,https://www.basketball-reference.com/leagues/NBA_2026_games-february.html
2026-02-12,2026-02-13 00:30:00+00:00,Milwaukee Bucks,Oklahoma City Thunder,110,93,0,-17,https://www.basketball-reference.com/leagues/NBA_2026_games-february.html
2026-02-19,2026-02-20 03:00:00+00:00,Boston Celtics,Golden State Warriors,121,110,0,-11,https://www.basketball-reference.com/leagues/NBA_2026_games-february.html
2026-02-19,2026-02-20 01:30:00+00:00,Phoenix Suns,San Antonio Spurs,94,121,1,27,https://www.basketball-reference.com/leagues/NBA_2026_games-february.html
2026-02-19,2026-02-20 03:30:00+00:00,Denver Nuggets,Los Angeles Clippers,114,115,1,1,https://www.basketball-reference.com/leagues/NBA_2026_games-february.html
2026-02-19,2026-02-20 03:00:00+00:00,Orlando Magic,Sacramento Kings,131,94,0,-37,https://www.basketball-reference.com/leagues/NBA_2026_games-february.html
2026-02-19,2026-02-20 01:00:00+00:00,Toronto Raptors,Chicago Bulls,110,101,0,-9,https://www.basketball-reference.com/leagues/NBA_2026_games-february.html
2026-02-19,2026-02-20 00:00:00+00:00,Atlanta Hawks,Philadelphia 76ers,117,107,0,-10,https://www.basketball-reference.com/leagues/NBA_2026_games-february.html
2026-02-19,2026-02-20 00:00:00+00:00,Indiana Pacers,Washington Wizards,105,112,1,7,https://www.basketball-reference.com/leagues/NBA_2026_games-february.html
2026-02-19,2026-02-20 00:30:00+00:00,Detroit Pistons,New York Knicks,126,111,0,-15,https://www.basketball-reference.com/leagues/NBA_2026_games-february.html
2026-02-19,2026-02-20 00:00:00+00:00,Brooklyn Nets,Cleveland Cavaliers,84,112,1,28,https://www.basketball-reference.com/leagues/NBA_2026_games-february.html
2026-02-19,2026-02-20 00:00:00+00:00,Houston Rockets,Charlotte Hornets,105,101,0,-4,https://www.basketball-reference.com/leagues/NBA_2026_games-february.html
2026-02-20,2026-02-21 00:00:00+00:00,Cleveland Cavaliers,Charlotte Hornets,118,113,0,-5,https://www.basketball-reference.com/leagues/NBA_2026_games-february.html
2026-02-20,2026-02-21 00:00:00+00:00,Utah Jazz,Memphis Grizzlies,114,123,1,9,https://www.basketball-reference.com/leagues/NBA_2026_games-february.html
2026-02-20,2026-02-21 00:00:00+00:00,Indiana Pacers,Washington Wizards,118,131,1,13,https://www.basketball-reference.com/leagues/NBA_2026_games-february.html
2026-02-20,2026-02-21 00:30:00+00:00,Miami Heat,Atlanta Hawks,128,97,0,-31,https://www.basketball-reference.com/leagues/NBA_2026_games-february.html
2026-02-20,2026-02-21 00:30:00+00:00,Dallas Mavericks,Minnesota Timberwolves,111,122,1,11,https://www.basketball-reference.com/leagues/NBA_2026_games-february.html
2026-02-20,2026-02-21 01:00:00+00:00,Milwaukee Bucks,New Orleans Pelicans,139,118,0,-21,https://www.basketball-reference.com/leagues/NBA_2026_games-february.html
2026-02-20,2026-02-21 01:00:00+00:00,Brooklyn Nets,Oklahoma City Thunder,86,105,1,19,https://www.basketball-reference.com/leagues/NBA_2026_games-february.html
2026-02-20,2026-02-21 03:00:00+00:00,Los Angeles Clippers,Los Angeles Lakers,122,125,1,3,https://www.basketball-reference.com/leagues/NBA_2026_games-february.html
2026-02-20,2026-02-21 03:00:00+00:00,Denver Nuggets,Portland Trail Blazers,157,103,0,-54,https://www.basketball-reference.com/leagues/NBA_2026_games-february.html
2026-02-21,2026-02-22 01:00:00+00:00,Sacramento Kings,San Antonio Spurs,122,139,1,17,https://www.basketball-reference.com/leagues/NBA_2026_games-february.html
2026-02-21,2026-02-22 01:00:00+00:00,Memphis Grizzlies,Miami Heat,120,136,1,16,https://www.basketball-reference.com/leagues/NBA_2026_games-february.html
2026-02-21,2026-02-22 01:30:00+00:00,Houston Rockets,New York Knicks,106,108,1,2,https://www.basketball-reference.com/leagues/NBA_2026_games-february.html
2026-02-21,2026-02-22 00:00:00+00:00,Philadelphia 76ers,New Orleans Pelicans,111,126,1,15,https://www.basketball-reference.com/leagues/NBA_2026_games-february.html
2026-02-21,2026-02-21 22:00:00+00:00,Orlando Magic,Phoenix Suns,110,113,1,3,https://www.basketball-reference.com/leagues/NBA_2026_games-february.html
2026-02-21,2026-02-22 01:00:00+00:00,Detroit Pistons,Chicago Bulls,126,110,0,-16,https://www.basketball-reference.com/leagues/NBA_2026_games-february.html
2026-02-22,2026-02-23 02:00:00+00:00,Orlando Magic,Los Angeles Clippers,111,109,0,-2,https://www.basketball-reference.com/leagues/NBA_2026_games-february.html
2026-02-22,2026-02-23 01:00:00+00:00,Portland Trail Blazers,Phoenix Suns,92,77,0,-15,https://www.basketball-reference.com/leagues/NBA_2026_games-february.html
2026-02-22,2026-02-23 01:00:00+00:00,New York Knicks,Chicago Bulls,105,99,0,-6,https://www.basketball-reference.com/leagues/NBA_2026_games-february.html
2026-02-22,2026-02-22 23:30:00+00:00,Boston Celtics,Los Angeles Lakers,111,89,0,-22,https://www.basketball-reference.com/leagues/NBA_2026_games-february.html
2026-02-22,2026-02-22 23:00:00+00:00,Charlotte Hornets,Washington Wizards,129,112,0,-17,https://www.basketball-reference.com/leagues/NBA_2026_games-february.html
2026-02-22,2026-02-23 00:00:00+00:00,Philadelphia 76ers,Minnesota Timberwolves,135,108,0,-27,https://www.basketball-reference.com/leagues/NBA_2026_games-february.html
2026-02-22,2026-02-22 20:30:00+00:00,Toronto Raptors,Milwaukee Bucks,122,94,0,-28,https://www.basketball-reference.com/leagues/NBA_2026_games-february.html
2026-02-22,2026-02-22 20:30:00+00:00,Denver Nuggets,Golden State Warriors,117,128,1,11,https://www.basketball-reference.com/leagues/NBA_2026_games-february.html
2026-02-22,2026-02-22 20:30:00+00:00,Brooklyn Nets,Atlanta Hawks,104,115,1,11,https://www.basketball-reference.com/leagues/NBA_2026_games-february.html
2026-02-22,2026-02-22 18:00:00+00:00,Cleveland Cavaliers,Oklahoma City Thunder,113,121,1,8,https://www.basketball-reference.com/leagues/NBA_2026_games-february.html
2026-02-22,2026-02-22 22:00:00+00:00,Dallas Mavericks,Indiana Pacers,134,130,0,-4,https://www.basketball-reference.com/leagues/NBA_2026_games-february.html
2026-02-23,2026-02-24 00:00:00+00:00,San Antonio Spurs,Detroit Pistons,114,103,0,-11,https://www.basketball-reference.com/leagues/NBA_2026_games-february.html
2026-02-23,2026-02-24 01:00:00+00:00,Sacramento Kings,Memphis Grizzlies,123,114,0,-9,https://www.basketball-reference.com/leagues/NBA_2026_games-february.html
2026-02-23,2026-02-24 02:30:00+00:00,Utah Jazz,Houston Rockets,105,125,1,20,https://www.basketball-reference.com/leagues/NBA_2026_games-february.html
2026-02-24,2026-02-25 01:00:00+00:00,Golden State Warriors,New Orleans Pelicans,109,113,1,4,https://www.basketball-reference.com/leagues/NBA_2026_games-february.html
2026-02-24,2026-02-25 03:30:00+00:00,Orlando Magic,Los Angeles Lakers,110,109,0,-1,https://www.basketball-reference.com/leagues/NBA_2026_games-february.html
2026-02-24,2026-02-25 03:00:00+00:00,Minnesota Timberwolves,Portland Trail Blazers,124,121,0,-3,https://www.basketball-reference.com/leagues/NBA_2026_games-february.html
2026-02-24,2026-02-25 02:00:00+00:00,Boston Celtics,Phoenix Suns,97,81,0,-16,https://www.basketball-reference.com/leagues/NBA_2026_games-february.html
2026-02-24,2026-02-25 01:00:00+00:00,Miami Heat,Milwaukee Bucks,117,128,1,11,https://www.basketball-reference.com/leagues/NBA_2026_games-february.html
2026-02-24,2026-02-25 00:30:00+00:00,Oklahoma City Thunder,Toronto Raptors,116,107,0,-9,https://www.basketball-reference.com/leagues/NBA_2026_games-february.html
2026-02-24,2026-02-25 00:30:00+00:00,New York Knicks,Cleveland Cavaliers,94,109,1,15,https://www.basketball-reference.com/leagues/NBA_2026_games-february.html
2026-02-24,2026-02-25 00:30:00+00:00,Dallas Mavericks,Brooklyn Nets,123,114,0,-9,https://www.basketball-reference.com/leagues/NBA_2026_games-february.html
2026-02-24,2026-02-25 00:30:00+00:00,Washington Wizards,Atlanta Hawks,98,119,1,21,https://www.basketball-reference.com/leagues/NBA_2026_games-february.html
2026-02-24,2026-02-25 00:00:00+00:00,Philadelphia 76ers,Indiana Pacers,135,114,0,-21,https://www.basketball-reference.com/leagues/NBA_2026_games-february.html
2026-02-24,2026-02-25 01:00:00+00:00,Charlotte Hornets,Chicago Bulls,131,99,0,-32,https://www.basketball-reference.com/leagues/NBA_2026_games-february.html
2026-02-25,2026-02-26 00:30:00+00:00,Oklahoma City Thunder,Detroit Pistons,116,124,1,8,https://www.basketball-reference.com/leagues/NBA_2026_games-february.html
2026-02-25,2026-02-26 00:30:00+00:00,Golden State Warriors,Memphis Grizzlies,133,112,0,-21,https://www.basketball-reference.com/leagues/NBA_2026_games-february.html
2026-02-25,2026-02-26 00:30:00+00:00,San Antonio Spurs,Toronto Raptors,110,107,0,-3,https://www.basketball-reference.com/leagues/NBA_2026_games-february.html
2026-02-25,2026-02-26 01:00:00+00:00,Sacramento Kings,Houston Rockets,97,128,1,31,https://www.basketball-reference.com/leagues/NBA_2026_games-february.html
2026-02-25,2026-02-26 01:00:00+00:00,Cleveland Cavaliers,Milwaukee Bucks,116,118,1,2,https://www.basketball-reference.com/leagues/NBA_2026_games-february.html
2026-02-25,2026-02-26 03:00:00+00:00,Boston Celtics,Denver Nuggets,84,103,1,19,https://www.basketball-reference.com/leagues/NBA_2026_games-february.html
2026-02-26,2026-02-27 01:30:00+00:00,Sacramento Kings,Dallas Mavericks,130,121,0,-9,https://www.basketball-reference.com/leagues/NBA_2026_games-february.html
2026-02-26,2026-02-27 03:00:00+00:00,Minnesota Timberwolves,Los Angeles Clippers,94,88,0,-6,https://www.basketball-reference.com/leagues/NBA_2026_games-february.html
2026-02-26,2026-02-27 02:00:00+00:00,New Orleans Pelicans,Utah Jazz,129,118,0,-11,https://www.basketball-reference.com/leagues/NBA_2026_games-february.html
2026-02-26,2026-02-27 02:00:00+00:00,Los Angeles Lakers,Phoenix Suns,110,113,1,3,https://www.basketball-reference.com/leagues/NBA_2026_games-february.html
2026-02-26,2026-02-27 01:00:00+00:00,Portland Trail Blazers,Chicago Bulls,121,112,0,-9,https://www.basketball-reference.com/leagues/NBA_2026_games-february.html
2026-02-26,2026-02-27 00:30:00+00:00,Houston Rockets,Orlando Magic,113,108,0,-5,https://www.basketball-reference.com/leagues/NBA_2026_games-february.html
2026-02-26,2026-02-27 00:30:00+00:00,San Antonio Spurs,Brooklyn Nets,126,110,0,-16,https://www.basketball-reference.com/leagues/NBA_2026_games-february.html
2026-02-26,2026-02-27 00:30:00+00:00,Washington Wizards,Atlanta Hawks,96,126,1,30,https://www.basketball-reference.com/leagues/NBA_2026_games-february.html
2026-02-26,2026-02-27 00:00:00+00:00,Miami Heat,Philadelphia 76ers,117,124,1,7,https://www.basketball-reference.com/leagues/NBA_2026_games-february.html
2026-02-26,2026-02-27 00:00:00+00:00,Charlotte Hornets,Indiana Pacers,133,109,0,-24,https://www.basketball-reference.com/leagues/NBA_2026_games-february.html
2026-02-27,2026-02-28 00:00:00+00:00,Cleveland Cavaliers,Detroit Pistons,119,122,1,3,https://www.basketball-reference.com/leagues/NBA_2026_games-february.html
2026-02-27,2026-02-28 00:30:00+00:00,Brooklyn Nets,Boston Celtics,111,148,1,37,https://www.basketball-reference.com/leagues/NBA_2026_games-february.html
2026-02-27,2026-02-28 01:00:00+00:00,New York Knicks,Milwaukee Bucks,127,98,0,-29,https://www.basketball-reference.com/leagues/NBA_2026_games-february.html
2026-02-27,2026-02-28 01:30:00+00:00,Memphis Grizzlies,Dallas Mavericks,124,105,0,-19,https://www.basketball-reference.com/leagues/NBA_2026_games-february.html
2026-02-27,2026-02-28 02:30:00+00:00,Denver Nuggets,Oklahoma City Thunder,121,127,1,6,https://www.basketball-reference.com/leagues/NBA_2026_games-february.html
2026-02-28,2026-02-28 18:00:00+00:00,Portland Trail Blazers,Charlotte Hornets,93,109,1,16,https://www.basketball-reference.com/leagues/NBA_2026_games-february.html
2026-02-28,2026-02-28 20:30:00+00:00,Houston Rockets,Miami Heat,105,115,1,10,https://www.basketball-reference.com/leagues/NBA_2026_games-february.html
2026-02-28,2026-03-01 00:00:00+00:00,Toronto Raptors,Washington Wizards,134,125,0,-9,https://www.basketball-reference.com/leagues/NBA_2026_games-february.html
2026-02-28,2026-03-01 01:30:00+00:00,Los Angeles Lakers,Golden State Warriors,129,101,0,-28,https://www.basketball-reference.com/leagues/NBA_2026_games-february.html
2026-02-28,2026-03-01 02:30:00+00:00,New Orleans Pelicans,Utah Jazz,115,105,0,-10,https://www.basketball-reference.com/leagues/NBA_2026_games-february.html
2026-03-01,2026-03-02 01:00:00+00:00,Philadelphia 76ers,Boston Celtics,98,114,1,16,https://www.basketball-reference.com/leagues/NBA_2026_games-march.html
2026-03-01,2026-03-01 23:00:00+00:00,Detroit Pistons,Orlando Magic,106,92,0,-14,https://www.basketball-reference.com/leagues/NBA_2026_games-march.html
2026-03-01,2026-03-02 02:30:00+00:00,Sacramento Kings,Los Angeles Lakers,104,128,1,24,https://www.basketball-reference.com/leagues/NBA_2026_games-march.html
2026-03-01,2026-03-02 01:00:00+00:00,Oklahoma City Thunder,Dallas Mavericks,100,87,0,-13,https://www.basketball-reference.com/leagues/NBA_2026_games-march.html
2026-03-01,2026-03-01 23:00:00+00:00,Portland Trail Blazers,Atlanta Hawks,101,135,1,34,https://www.basketball-reference.com/leagues/NBA_2026_games-march.html
2026-03-01,2026-03-02 02:00:00+00:00,New Orleans Pelicans,Los Angeles Clippers,117,137,1,20,https://www.basketball-reference.com/leagues/NBA_2026_games-march.html
2026-03-01,2026-03-01 20:30:00+00:00,Minnesota Timberwolves,Denver Nuggets,117,108,0,-9,https://www.basketball-reference.com/leagues/NBA_2026_games-march.html
2026-03-01,2026-03-01 20:30:00+00:00,Milwaukee Bucks,Chicago Bulls,97,120,1,23,https://www.basketball-reference.com/leagues/NBA_2026_games-march.html
2026-03-01,2026-03-01 20:30:00+00:00,Cleveland Cavaliers,Brooklyn Nets,106,102,0,-4,https://www.basketball-reference.com/leagues/NBA_2026_games-march.html
2026-03-01,2026-03-01 18:00:00+00:00,San Antonio Spurs,New York Knicks,89,114,1,25,https://www.basketball-reference.com/leagues/NBA_2026_games-march.html
2026-03-01,2026-03-01 22:00:00+00:00,Memphis Grizzlies,Indiana Pacers,125,106,0,-19,https://www.basketball-reference.com/leagues/NBA_2026_games-march.html
2026-03-02,2026-03-03 00:00:00+00:00,Houston Rockets,Washington Wizards,123,118,0,-5,https://www.basketball-reference.com/leagues/NBA_2026_games-march.html
2026-03-02,2026-03-03 00:30:00+00:00,Boston Celtics,Milwaukee Bucks,108,81,0,-27,https://www.basketball-reference.com/leagues/NBA_2026_games-march.html
2026-03-02,2026-03-03 02:00:00+00:00,Denver Nuggets,Utah Jazz,128,125,0,-3,https://www.basketball-reference.com/leagues/NBA_2026_games-march.html
2026-03-02,2026-03-03 03:00:00+00:00,Los Angeles Clippers,Golden State Warriors,114,101,0,-13,https://www.basketball-reference.com/leagues/NBA_2026_games-march.html
2026-03-03,2026-03-04 04:00:00+00:00,Phoenix Suns,Sacramento Kings,114,103,0,-11,https://www.basketball-reference.com/leagues/NBA_2026_games-march.html
2026-03-03,2026-03-04 03:30:00+00:00,New Orleans Pelicans,Los Angeles Lakers,101,110,1,9,https://www.basketball-reference.com/leagues/NBA_2026_games-march.html
2026-03-03,2026-03-04 01:00:00+00:00,San Antonio Spurs,Philadelphia 76ers,131,91,0,-40,https://www.basketball-reference.com/leagues/NBA_2026_games-march.html
2026-03-03,2026-03-04 01:00:00+00:00,Memphis Grizzlies,Minnesota Timberwolves,110,117,1,7,https://www.basketball-reference.com/leagues/NBA_2026_games-march.html
2026-03-03,2026-03-04 01:00:00+00:00,Oklahoma City Thunder,Chicago Bulls,116,108,0,-8,https://www.basketball-reference.com/leagues/NBA_2026_games-march.html
2026-03-03,2026-03-04 00:00:00+00:00,Detroit Pistons,Cleveland Cavaliers,109,113,1,4,https://www.basketball-reference.com/leagues/NBA_2026_games-march.html
2026-03-03,2026-03-04 00:30:00+00:00,Brooklyn Nets,Miami Heat,98,124,1,26,https://www.basketball-reference.com/leagues/NBA_2026_games-march.html
2026-03-03,2026-03-04 00:00:00+00:00,Washington Wizards,Orlando Magic,109,126,1,17,https://www.basketball-reference.com/leagues/NBA_2026_games-march.html
2026-03-03,2026-03-04 00:00:00+00:00,Dallas Mavericks,Charlotte Hornets,90,117,1,27,https://www.basketball-reference.com/leagues/NBA_2026_games-march.html
2026-03-03,2026-03-04 00:30:00+00:00,New York Knicks,Toronto Raptors,111,95,0,-16,https://www.basketball-reference.com/leagues/NBA_2026_games-march.html
2026-03-04,2026-03-05 02:30:00+00:00,Atlanta Hawks,Milwaukee Bucks,131,113,0,-18,https://www.basketball-reference.com/leagues/NBA_2026_games-march.html
2026-03-04,2026-03-05 03:30:00+00:00,Indiana Pacers,Los Angeles Clippers,107,130,1,23,https://www.basketball-reference.com/leagues/NBA_2026_games-march.html
2026-03-04,2026-03-05 01:00:00+00:00,Portland Trail Blazers,Memphis Grizzlies,122,114,0,-8,https://www.basketball-reference.com/leagues/NBA_2026_games-march.html
2026-03-04,2026-03-05 00:30:00+00:00,Utah Jazz,Philadelphia 76ers,102,106,1,4,https://www.basketball-reference.com/leagues/NBA_2026_games-march.html
2026-03-04,2026-03-05 00:30:00+00:00,Charlotte Hornets,Boston Celtics,118,89,0,-29,https://www.basketball-reference.com/leagues/NBA_2026_games-march.html
2026-03-04,2026-03-05 00:00:00+00:00,Oklahoma City Thunder,New York Knicks,103,100,0,-3,https://www.basketball-reference.com/leagues/NBA_2026_games-march.html
2026-03-05,2026-03-06 03:00:00+00:00,Los Angeles Lakers,Denver Nuggets,113,120,1,7,https://www.basketball-reference.com/leagues/NBA_2026_games-march.html
2026-03-05,2026-03-06 02:00:00+00:00,Chicago Bulls,Phoenix Suns,105,103,0,-2,https://www.basketball-reference.com/leagues/NBA_2026_games-march.html
2026-03-05,2026-03-06 01:00:00+00:00,Detroit Pistons,San Antonio Spurs,106,121,1,15,https://www.basketball-reference.com/leagues/NBA_2026_games-march.html
2026-03-05,2026-03-06 01:00:00+00:00,Toronto Raptors,Minnesota Timberwolves,107,115,1,8,https://www.basketball-reference.com/leagues/NBA_2026_games-march.html
2026-03-05,2026-03-06 03:00:00+00:00,New Orleans Pelicans,Sacramento Kings,133,123,0,-10,https://www.basketball-reference.com/leagues/NBA_2026_games-march.html
2026-03-05,2026-03-06 00:30:00+00:00,Golden State Warriors,Houston Rockets,115,113,0,-2,https://www.basketball-reference.com/leagues/NBA_2026_games-march.html
2026-03-05,2026-03-06 00:00:00+00:00,Utah Jazz,Washington Wizards,122,112,0,-10,https://www.basketball-reference.com/leagues/NBA_2026_games-march.html
2026-03-05,2026-03-06 00:00:00+00:00,Dallas Mavericks,Orlando Magic,114,115,1,1,https://www.basketball-reference.com/leagues/NBA_2026_games-march.html
2026-03-05,2026-03-06 00:30:00+00:00,Brooklyn Nets,Miami Heat,110,126,1,16,https://www.basketball-reference.com/leagues/NBA_2026_games-march.html
2026-03-06,2026-03-07 00:00:00+00:00,Dallas Mavericks,Boston Celtics,100,120,1,20,https://www.basketball-reference.com/leagues/NBA_2026_games-march.html
2026-03-06,2026-03-07 00:00:00+00:00,Miami Heat,Charlotte Hornets,128,120,0,-8,https://www.basketball-reference.com/leagues/NBA_2026_games-march.html
2026-03-06,2026-03-07 01:00:00+00:00,Portland Trail Blazers,Houston Rockets,99,106,1,7,https://www.basketball-reference.com/leagues/NBA_2026_games-march.html
2026-03-06,2026-03-07 02:00:00+00:00,New York Knicks,Denver Nuggets,142,103,0,-39,https://www.basketball-reference.com/leagues/NBA_2026_games-march.html
2026-03-06,2026-03-07 02:00:00+00:00,New Orleans Pelicans,Phoenix Suns,116,118,1,2,https://www.basketball-reference.com/leagues/NBA_2026_games-march.html
2026-03-06,2026-03-07 02:30:00+00:00,Los Angeles Clippers,San Antonio Spurs,112,116,1,4,https://www.basketball-reference.com/leagues/NBA_2026_games-march.html
2026-03-06,2026-03-07 03:30:00+00:00,Indiana Pacers,Los Angeles Lakers,117,128,1,11,https://www.basketball-reference.com/leagues/NBA_2026_games-march.html
2026-03-07,2026-03-08 01:00:00+00:00,Utah Jazz,Milwaukee Bucks,99,113,1,14,https://www.basketball-reference.com/leagues/NBA_2026_games-march.html
2026-03-07,2026-03-08 01:30:00+00:00,Golden State Warriors,Oklahoma City Thunder,97,104,1,7,https://www.basketball-reference.com/leagues/NBA_2026_games-march.html
2026-03-07,2026-03-08 01:00:00+00:00,Los Angeles Clippers,Memphis Grizzlies,123,120,0,-3,https://www.basketball-reference.com/leagues/NBA_2026_games-march.html
2026-03-07,2026-03-07 20:00:00+00:00,Orlando Magic,Minnesota Timberwolves,119,92,0,-27,https://www.basketball-reference.com/leagues/NBA_2026_games-march.html
2026-03-07,2026-03-07 23:00:00+00:00,Philadelphia 76ers,Atlanta Hawks,116,125,1,9,https://www.basketball-reference.com/leagues/NBA_2026_games-march.html
2026-03-07,2026-03-07 23:00:00+00:00,Brooklyn Nets,Detroit Pistons,107,105,0,-2,https://www.basketball-reference.com/leagues/NBA_2026_games-march.html
2026-03-08,2026-03-09 02:00:00+00:00,Charlotte Hornets,Phoenix Suns,99,111,1,12,https://www.basketball-reference.com/leagues/NBA_2026_games-march.html
2026-03-08,2026-03-09 01:00:00+00:00,Indiana Pacers,Portland Trail Blazers,111,131,1,20,https://www.basketball-reference.com/leagues/NBA_2026_games-march.html
2026-03-08,2026-03-09 00:00:00+00:00,Houston Rockets,San Antonio Spurs,120,145,1,25,https://www.basketball-reference.com/leagues/NBA_2026_games-march.html
2026-03-08,2026-03-09 00:00:00+00:00,Orlando Magic,Milwaukee Bucks,130,91,0,-39,https://www.basketball-reference.com/leagues/NBA_2026_games-march.html
2026-03-08,2026-03-09 01:00:00+00:00,Chicago Bulls,Sacramento Kings,110,126,1,16,https://www.basketball-reference.com/leagues/NBA_2026_games-march.html
2026-03-08,2026-03-08 22:00:00+00:00,Dallas Mavericks,Toronto Raptors,92,122,1,30,https://www.basketball-reference.com/leagues/NBA_2026_games-march.html
2026-03-08,2026-03-08 22:00:00+00:00,Detroit Pistons,Miami Heat,110,121,1,11,https://www.basketball-reference.com/leagues/NBA_2026_games-march.html
2026-03-08,2026-03-08 19:30:00+00:00,New York Knicks,Los Angeles Lakers,97,110,1,13,https://www.basketball-reference.com/leagues/NBA_2026_games-march.html
2026-03-08,2026-03-08 17:00:00+00:00,Boston Celtics,Cleveland Cavaliers,109,98,0,-11,https://www.basketball-reference.com/leagues/NBA_2026_games-march.html
2026-03-08,2026-03-08 23:00:00+00:00,Washington Wizards,New Orleans Pelicans,118,138,1,20,https://www.basketball-reference.com/leagues/NBA_2026_games-march.html
2026-03-09,2026-03-09 23:00:00+00:00,Philadelphia 76ers,Cleveland Cavaliers,101,115,1,14,https://www.basketball-reference.com/leagues/NBA_2026_games-march.html
2026-03-09,2026-03-09 23:30:00+00:00,Memphis Grizzlies,Brooklyn Nets,115,126,1,11,https://www.basketball-reference.com/leagues/NBA_2026_games-march.html
2026-03-09,2026-03-09 23:30:00+00:00,Denver Nuggets,Oklahoma City Thunder,126,129,1,3,https://www.basketball-reference.com/leagues/NBA_2026_games-march.html
2026-03-09,2026-03-10 01:00:00+00:00,Golden State Warriors,Utah Jazz,116,119,1,3,https://www.basketball-reference.com/leagues/NBA_2026_games-march.html
2026-03-09,2026-03-10 02:00:00+00:00,New York Knicks,Los Angeles Clippers,118,126,1,8,https://www.basketball-reference.com/leagues/NBA_2026_games-march.html
2026-03-10,2026-03-11 02:00:00+00:00,Chicago Bulls,Golden State Warriors,130,124,0,-6,https://www.basketball-reference.com/leagues/NBA_2026_games-march.html
2026-03-10,2026-03-11 02:00:00+00:00,Indiana Pacers,Sacramento Kings,109,114,1,5,https://www.basketball-reference.com/leagues/NBA_2026_games-march.html
2026-03-10,2026-03-11 03:00:00+00:00,Minnesota Timberwolves,Los Angeles Lakers,106,120,1,14,https://www.basketball-reference.com/leagues/NBA_2026_games-march.html
2026-03-10,2026-03-11 02:00:00+00:00,Charlotte Hornets,Portland Trail Blazers,103,101,0,-2,https://www.basketball-reference.com/leagues/NBA_2026_games-march.html
2026-03-10,2026-03-11 00:00:00+00:00,Boston Celtics,San Antonio Spurs,116,125,1,9,https://www.basketball-reference.com/leagues/NBA_2026_games-march.html
2026-03-10,2026-03-10 23:30:00+00:00,Dallas Mavericks,Atlanta Hawks,112,124,1,12,https://www.basketball-reference.com/leagues/NBA_2026_games-march.html
2026-03-10,2026-03-11 00:00:00+00:00,Toronto Raptors,Houston Rockets,99,113,1,14,https://www.basketball-reference.com/leagues/NBA_2026_games-march.html
2026-03-10,2026-03-10 23:30:00+00:00,Washington Wizards,Miami Heat,129,150,1,21,https://www.basketball-reference.com/leagues/NBA_2026_games-march.html
2026-03-10,2026-03-10 23:30:00+00:00,Detroit Pistons,Brooklyn Nets,138,100,0,-38,https://www.basketball-reference.com/leagues/NBA_2026_games-march.html
2026-03-10,2026-03-10 23:00:00+00:00,Memphis Grizzlies,Philadelphia 76ers,129,139,1,10,https://www.basketball-reference.com/leagues/NBA_2026_games-march.html
2026-03-10,2026-03-11 00:00:00+00:00,Phoenix Suns,Milwaukee Bucks,129,114,0,-15,https://www.basketball-reference.com/leagues/NBA_2026_games-march.html
2026-03-11,2026-03-11 23:30:00+00:00,Cleveland Cavaliers,Orlando Magic,122,128,1,6,https://www.basketball-reference.com/leagues/NBA_2026_games-march.html
2026-03-11,2026-03-12 00:00:00+00:00,Toronto Raptors,New Orleans Pelicans,111,122,1,11,https://www.basketball-reference.com/leagues/NBA_2026_games-march.html
2026-03-11,2026-03-12 01:00:00+00:00,New York Knicks,Utah Jazz,134,117,0,-17,https://www.basketball-reference.com/leagues/NBA_2026_games-march.html
2026-03-11,2026-03-12 02:00:00+00:00,Houston Rockets,Denver Nuggets,93,129,1,36,https://www.basketball-reference.com/leagues/NBA_2026_games-march.html
2026-03-11,2026-03-12 02:00:00+00:00,Charlotte Hornets,Sacramento Kings,117,109,0,-8,https://www.basketball-reference.com/leagues/NBA_2026_games-march.html
2026-03-11,2026-03-12 02:30:00+00:00,Minnesota Timberwolves,Los Angeles Clippers,128,153,1,25,https://www.basketball-reference.com/leagues/NBA_2026_games-march.html
2026-03-12,2026-03-13 00:00:00+00:00,Dallas Mavericks,Memphis Grizzlies,120,112,0,-8,https://www.basketball-reference.com/leagues/NBA_2026_games-march.html
2026-03-12,2026-03-13 01:30:00+00:00,Boston Celtics,Oklahoma City Thunder,102,104,1,2,https://www.basketball-reference.com/leagues/NBA_2026_games-march.html
2026-03-12,2026-03-13 01:00:00+00:00,Denver Nuggets,San Antonio Spurs,136,131,0,-5,https://www.basketball-reference.com/leagues/NBA_2026_games-march.html
2026-03-12,2026-03-12 23:30:00+00:00,Milwaukee Bucks,Miami Heat,105,112,1,7,https://www.basketball-reference.com/leagues/NBA_2026_games-march.html
2026-03-12,2026-03-13 02:30:00+00:00,Chicago Bulls,Los Angeles Lakers,130,142,1,12,https://www.basketball-reference.com/leagues/NBA_2026_games-march.html
2026-03-12,2026-03-12 23:00:00+00:00,Washington Wizards,Orlando Magic,131,136,1,5,https://www.basketball-reference.com/leagues/NBA_2026_games-march.html
2026-03-12,2026-03-12 23:00:00+00:00,Phoenix Suns,Indiana Pacers,123,108,0,-15,https://www.basketball-reference.com/leagues/NBA_2026_games-march.html
2026-03-12,2026-03-12 23:00:00+00:00,Philadelphia 76ers,Detroit Pistons,109,131,1,22,https://www.basketball-reference.com/leagues/NBA_2026_games-march.html
2026-03-12,2026-03-12 23:30:00+00:00,Brooklyn Nets,Atlanta Hawks,97,108,1,11,https://www.basketball-reference.com/leagues/NBA_2026_games-march.html
2026-03-13,2026-03-14 02:30:00+00:00,Chicago Bulls,Los Angeles Clippers,108,119,1,11,https://www.basketball-reference.com/leagues/NBA_2026_games-march.html
2026-03-13,2026-03-14 02:00:00+00:00,Minnesota Timberwolves,Golden State Warriors,127,117,0,-10,https://www.basketball-reference.com/leagues/NBA_2026_games-march.html
2026-03-13,2026-03-14 02:00:00+00:00,Utah Jazz,Portland Trail Blazers,114,124,1,10,https://www.basketball-reference.com/leagues/NBA_2026_games-march.html
2026-03-13,2026-03-14 00:00:00+00:00,New Orleans Pelicans,Houston Rockets,105,107,1,2,https://www.basketball-reference.com/leagues/NBA_2026_games-march.html
2026-03-13,2026-03-13 23:30:00+00:00,Cleveland Cavaliers,Dallas Mavericks,138,105,0,-33,https://www.basketball-reference.com/leagues/NBA_2026_games-march.html
2026-03-13,2026-03-13 23:30:00+00:00,New York Knicks,Indiana Pacers,101,92,0,-9,https://www.basketball-reference.com/leagues/NBA_2026_games-march.html
2026-03-13,2026-03-13 23:30:00+00:00,Memphis Grizzlies,Detroit Pistons,110,126,1,16,https://www.basketball-reference.com/leagues/NBA_2026_games-march.html
2026-03-13,2026-03-13 23:30:00+00:00,Phoenix Suns,Toronto Raptors,115,122,1,7,https://www.basketball-reference.com/leagues/NBA_2026_games-march.html
2026-03-14,2026-03-14 17:00:00+00:00,Brooklyn Nets,Philadelphia 76ers,97,104,1,7,https://www.basketball-reference.com/leagues/NBA_2026_games-march.html
2026-03-14,2026-03-14 19:00:00+00:00,Milwaukee Bucks,Atlanta Hawks,99,122,1,23,https://www.basketball-reference.com/leagues/NBA_2026_games-march.html
2026-03-14,2026-03-14 19:30:00+00:00,Charlotte Hornets,San Antonio Spurs,102,115,1,13,https://www.basketball-reference.com/leagues/NBA_2026_games-march.html
2026-03-14,2026-03-14 22:00:00+00:00,Washington Wizards,Boston Celtics,100,111,1,11,https://www.basketball-reference.com/leagues/NBA_2026_games-march.html
2026-03-14,2026-03-15 00:00:00+00:00,Orlando Magic,Miami Heat,121,117,0,-4,https://www.basketball-reference.com/leagues/NBA_2026_games-march.html
2026-03-14,2026-03-15 00:30:00+00:00,Denver Nuggets,Los Angeles Lakers,125,127,1,2,https://www.basketball-reference.com/leagues/NBA_2026_games-march.html
2026-03-14,2026-03-15 02:30:00+00:00,Sacramento Kings,Los Angeles Clippers,118,109,0,-9,https://www.basketball-reference.com/leagues/NBA_2026_games-march.html
2026-03-15,2026-03-16 02:00:00+00:00,Utah Jazz,Sacramento Kings,111,116,1,5,https://www.basketball-reference.com/leagues/NBA_2026_games-march.html
2026-03-15,2026-03-16 00:00:00+00:00,Golden State Warriors,New York Knicks,107,110,1,3,https://www.basketball-reference.com/leagues/NBA_2026_games-march.html
2026-03-15,2026-03-15 22:00:00+00:00,Portland Trail Blazers,Philadelphia 76ers,103,109,1,6,https://www.basketball-reference.com/leagues/NBA_2026_games-march.html
2026-03-15,2026-03-15 17:00:00+00:00,Minnesota Timberwolves,Oklahoma City Thunder,103,116,1,13,https://www.basketball-reference.com/leagues/NBA_2026_games-march.html
2026-03-15,2026-03-15 19:30:00+00:00,Indiana Pacers,Milwaukee Bucks,123,134,1,11,https://www.basketball-reference.com/leagues/NBA_2026_games-march.html
2026-03-15,2026-03-15 19:30:00+00:00,Dallas Mavericks,Cleveland Cavaliers,130,120,0,-10,https://www.basketball-reference.com/leagues/NBA_2026_games-march.html
2026-03-15,2026-03-15 19:30:00+00:00,Detroit Pistons,Toronto Raptors,108,119,1,11,https://www.basketball-reference.com/leagues/NBA_2026_games-march.html
2026-03-16,2026-03-17 00:00:00+00:00,Dallas Mavericks,New Orleans Pelicans,111,129,1,18,https://www.basketball-reference.com/leagues/NBA_2026_games-march.html
2026-03-16,2026-03-17 02:00:00+00:00,San Antonio Spurs,Los Angeles Clippers,119,115,0,-4,https://www.basketball-reference.com/leagues/NBA_2026_games-march.html
2026-03-16,2026-03-17 01:30:00+00:00,Los Angeles Lakers,Houston Rockets,100,92,0,-8,https://www.basketball-reference.com/leagues/NBA_2026_games-march.html
2026-03-16,2026-03-17 00:00:00+00:00,Memphis Grizzlies,Chicago Bulls,107,132,1,25,https://www.basketball-reference.com/leagues/NBA_2026_games-march.html
2026-03-16,2026-03-16 23:00:00+00:00,Golden State Warriors,Washington Wizards,125,117,0,-8,https://www.basketball-reference.com/leagues/NBA_2026_games-march.html
2026-03-16,2026-03-16 23:30:00+00:00,Phoenix Suns,Boston Celtics,112,120,1,8,https://www.basketball-reference.com/leagues/NBA_2026_games-march.html
2026-03-16,2026-03-16 23:00:00+00:00,Orlando Magic,Atlanta Hawks,112,124,1,12,https://www.basketball-reference.com/leagues/NBA_2026_games-march.html
2026-03-16,2026-03-16 23:30:00+00:00,Portland Trail Blazers,Brooklyn Nets,114,95,0,-19,https://www.basketball-reference.com/leagues/NBA_2026_games-march.html
2026-03-17,2026-03-17 23:00:00+00:00,Miami Heat,Charlotte Hornets,106,136,1,30,https://www.basketball-reference.com/leagues/NBA_2026_games-march.html
2026-03-17,2026-03-17 23:00:00+00:00,Oklahoma City Thunder,Orlando Magic,113,108,0,-5,https://www.basketball-reference.com/leagues/NBA_2026_games-march.html
2026-03-17,2026-03-17 23:00:00+00:00,Detroit Pistons,Washington Wizards,130,117,0,-13,https://www.basketball-reference.com/leagues/NBA_2026_games-march.html
2026-03-17,2026-03-17 23:30:00+00:00,Indiana Pacers,New York Knicks,110,136,1,26,https://www.basketball-reference.com/leagues/NBA_2026_games-march.html
2026-03-17,2026-03-18 00:00:00+00:00,Cleveland Cavaliers,Milwaukee Bucks,123,116,0,-7,https://www.basketball-reference.com/leagues/NBA_2026_games-march.html
2026-03-17,2026-03-18 00:00:00+00:00,Phoenix Suns,Minnesota Timberwolves,104,116,1,12,https://www.basketball-reference.com/leagues/NBA_2026_games-march.html
2026-03-17,2026-03-18 02:00:00+00:00,Philadelphia 76ers,Denver Nuggets,96,124,1,28,https://www.basketball-reference.com/leagues/NBA_2026_games-march.html
2026-03-17,2026-03-18 02:00:00+00:00,San Antonio Spurs,Sacramento Kings,132,104,0,-28,https://www.basketball-reference.com/leagues/NBA_2026_games-march.html
2026-03-18,2026-03-19 00:30:00+00:00,Atlanta Hawks,Dallas Mavericks,135,120,0,-15,https://www.basketball-reference.com/leagues/NBA_2026_games-march.html
2026-03-18,2026-03-19 01:30:00+00:00,Los Angeles Lakers,Houston Rockets,124,116,0,-8,https://www.basketball-reference.com/leagues/NBA_2026_games-march.html
2026-03-18,2026-03-19 00:30:00+00:00,Denver Nuggets,Memphis Grizzlies,118,125,1,7,https://www.basketball-reference.com/leagues/NBA_2026_games-march.html
2026-03-18,2026-03-19 00:00:00+00:00,Los Angeles Clippers,New Orleans Pelicans,109,124,1,15,https://www.basketball-reference.com/leagues/NBA_2026_games-march.html
2026-03-18,2026-03-19 00:00:00+00:00,Utah Jazz,Minnesota Timberwolves,111,147,1,36,https://www.basketball-reference.com/leagues/NBA_2026_games-march.html
2026-03-18,2026-03-19 00:00:00+00:00,Toronto Raptors,Chicago Bulls,139,109,0,-30,https://www.basketball-reference.com/leagues/NBA_2026_games-march.html
2026-03-18,2026-03-18 23:30:00+00:00,Portland Trail Blazers,Indiana Pacers,127,119,0,-8,https://www.basketball-reference.com/leagues/NBA_2026_games-march.html
2026-03-18,2026-03-18 23:30:00+00:00,Oklahoma City Thunder,Brooklyn Nets,121,92,0,-29,https://www.basketball-reference.com/leagues/NBA_2026_games-march.html
2026-03-18,2026-03-18 23:00:00+00:00,Golden State Warriors,Boston Celtics,99,120,1,21,https://www.basketball-reference.com/leagues/NBA_2026_games-march.html
2026-03-19,2026-03-20 01:00:00+00:00,Milwaukee Bucks,Utah Jazz,96,128,1,32,https://www.basketball-reference.com/leagues/NBA_2026_games-march.html
2026-03-19,2026-03-20 00:00:00+00:00,Phoenix Suns,San Antonio Spurs,100,101,1,1,https://www.basketball-reference.com/leagues/NBA_2026_games-march.html
2026-03-19,2026-03-20 00:00:00+00:00,Los Angeles Clippers,New Orleans Pelicans,99,105,1,6,https://www.basketball-reference.com/leagues/NBA_2026_games-march.html
2026-03-19,2026-03-20 02:00:00+00:00,Philadelphia 76ers,Sacramento Kings,139,118,0,-21,https://www.basketball-reference.com/leagues/NBA_2026_games-march.html
2026-03-19,2026-03-20 00:00:00+00:00,Cleveland Cavaliers,Chicago Bulls,115,110,0,-5,https://www.basketball-reference.com/leagues/NBA_2026_games-march.html
2026-03-19,2026-03-19 23:00:00+00:00,Detroit Pistons,Washington Wizards,117,95,0,-22,https://www.basketball-reference.com/leagues/NBA_2026_games-march.html
2026-03-19,2026-03-19 23:00:00+00:00,Orlando Magic,Charlotte Hornets,111,130,1,19,https://www.basketball-reference.com/leagues/NBA_2026_games-march.html
2026-03-19,2026-03-20 00:00:00+00:00,Los Angeles Lakers,Miami Heat,134,126,0,-8,https://www.basketball-reference.com/leagues/NBA_2026_games-march.html
2026-03-20,2026-03-20 23:30:00+00:00,New York Knicks,Brooklyn Nets,93,92,0,-1,https://www.basketball-reference.com/leagues/NBA_2026_games-march.html
2026-03-20,2026-03-20 23:30:00+00:00,Golden State Warriors,Detroit Pistons,101,115,1,14,https://www.basketball-reference.com/leagues/NBA_2026_games-march.html
2026-03-20,2026-03-21 00:00:00+00:00,Atlanta Hawks,Houston Rockets,95,117,1,22,https://www.basketball-reference.com/leagues/NBA_2026_games-march.html
2026-03-20,2026-03-21 00:00:00+00:00,Boston Celtics,Memphis Grizzlies,117,112,0,-5,https://www.basketball-reference.com/leagues/NBA_2026_games-march.html
2026-03-20,2026-03-21 00:00:00+00:00,Portland Trail Blazers,Minnesota Timberwolves,108,104,0,-4,https://www.basketball-reference.com/leagues/NBA_2026_games-march.html
2026-03-20,2026-03-21 01:00:00+00:00,Toronto Raptors,Denver Nuggets,115,121,1,6,https://www.basketball-reference.com/leagues/NBA_2026_games-march.html
2026-03-21,2026-03-22 00:00:00+00:00,Indiana Pacers,San Antonio Spurs,119,134,1,15,https://www.basketball-reference.com/leagues/NBA_2026_games-march.html
2026-03-21,2026-03-22 02:00:00+00:00,Milwaukee Bucks,Phoenix Suns,108,105,0,-3,https://www.basketball-reference.com/leagues/NBA_2026_games-march.html
2026-03-21,2026-03-22 01:30:00+00:00,Philadelphia 76ers,Utah Jazz,126,116,0,-10,https://www.basketball-reference.com/leagues/NBA_2026_games-march.html
2026-03-21,2026-03-22 00:30:00+00:00,Los Angeles Clippers,Dallas Mavericks,138,131,0,-7,https://www.basketball-reference.com/leagues/NBA_2026_games-march.html
2026-03-21,2026-03-22 00:00:00+00:00,Miami Heat,Houston Rockets,122,123,1,1,https://www.basketball-reference.com/leagues/NBA_2026_games-march.html
2026-03-21,2026-03-21 21:00:00+00:00,Oklahoma City Thunder,Washington Wizards,132,111,0,-21,https://www.basketball-reference.com/leagues/NBA_2026_games-march.html
2026-03-21,2026-03-21 23:00:00+00:00,Los Angeles Lakers,Orlando Magic,105,104,0,-1,https://www.basketball-reference.com/leagues/NBA_2026_games-march.html
2026-03-21,2026-03-21 23:00:00+00:00,Cleveland Cavaliers,New Orleans Pelicans,111,106,0,-5,https://www.basketball-reference.com/leagues/NBA_2026_games-march.html
2026-03-21,2026-03-21 23:00:00+00:00,Memphis Grizzlies,Charlotte Hornets,101,124,1,23,https://www.basketball-reference.com/leagues/NBA_2026_games-march.html
2026-03-21,2026-03-22 00:00:00+00:00,Golden State Warriors,Atlanta Hawks,110,126,1,16,https://www.basketball-reference.com/leagues/NBA_2026_games-march.html
2026-03-22,2026-03-22 21:00:00+00:00,Portland Trail Blazers,Denver Nuggets,112,128,1,16,https://www.basketball-reference.com/leagues/NBA_2026_games-march.html
2026-03-22,2026-03-22 22:00:00+00:00,Brooklyn Nets,Sacramento Kings,122,126,1,4,https://www.basketball-reference.com/leagues/NBA_2026_games-march.html
2026-03-22,2026-03-22 23:30:00+00:00,Washington Wizards,New York Knicks,113,145,1,32,https://www.basketball-reference.com/leagues/NBA_2026_games-march.html
2026-03-22,2026-03-23 00:00:00+00:00,Minnesota Timberwolves,Boston Celtics,102,92,0,-10,https://www.basketball-reference.com/leagues/NBA_2026_games-march.html
2026-03-22,2026-03-23 01:00:00+00:00,Toronto Raptors,Phoenix Suns,98,120,1,22,https://www.basketball-reference.com/leagues/NBA_2026_games-march.html
2026-03-23,2026-03-24 01:00:00+00:00,Toronto Raptors,Utah Jazz,143,127,0,-16,https://www.basketball-reference.com/leagues/NBA_2026_games-march.html
2026-03-23,2026-03-24 02:30:00+00:00,Milwaukee Bucks,Los Angeles Clippers,96,129,1,33,https://www.basketball-reference.com/leagues/NBA_2026_games-march.html
2026-03-23,2026-03-24 01:30:00+00:00,Golden State Warriors,Dallas Mavericks,137,131,0,-6,https://www.basketball-reference.com/leagues/NBA_2026_games-march.html
2026-03-23,2026-03-24 00:00:00+00:00,Houston Rockets,Chicago Bulls,124,132,1,8,https://www.basketball-reference.com/leagues/NBA_2026_games-march.html
2026-03-23,2026-03-24 02:00:00+00:00,Brooklyn Nets,Portland Trail Blazers,99,134,1,35,https://www.basketball-reference.com/leagues/NBA_2026_games-march.html
2026-03-23,2026-03-23 23:00:00+00:00,Oklahoma City Thunder,Philadelphia 76ers,123,103,0,-20,https://www.basketball-reference.com/leagues/NBA_2026_games-march.html
2026-03-23,2026-03-23 23:00:00+00:00,Indiana Pacers,Orlando Magic,128,126,0,-2,https://www.basketball-reference.com/leagues/NBA_2026_games-march.html
2026-03-23,2026-03-23 23:00:00+00:00,San Antonio Spurs,Miami Heat,136,111,0,-25,https://www.basketball-reference.com/leagues/NBA_2026_games-march.html
2026-03-23,2026-03-23 23:30:00+00:00,Memphis Grizzlies,Atlanta Hawks,107,146,1,39,https://www.basketball-reference.com/leagues/NBA_2026_games-march.html
2026-03-23,2026-03-23 23:00:00+00:00,Los Angeles Lakers,Detroit Pistons,110,113,1,3,https://www.basketball-reference.com/leagues/NBA_2026_games-march.html
2026-03-24,2026-03-24 23:00:00+00:00,Sacramento Kings,Charlotte Hornets,90,134,1,44,https://www.basketball-reference.com/leagues/NBA_2026_games-march.html
2026-03-24,2026-03-24 23:30:00+00:00,New Orleans Pelicans,New York Knicks,116,121,1,5,https://www.basketball-reference.com/leagues/NBA_2026_games-march.html
2026-03-24,2026-03-25 00:00:00+00:00,Orlando Magic,Cleveland Cavaliers,131,136,1,5,https://www.basketball-reference.com/leagues/NBA_2026_games-march.html
2026-03-24,2026-03-25 03:00:00+00:00,Denver Nuggets,Phoenix Suns,125,123,0,-2,https://www.basketball-reference.com/leagues/NBA_2026_games-march.html
2026-03-25,2026-03-26 02:00:00+00:00,Milwaukee Bucks,Portland Trail Blazers,99,130,1,31,https://www.basketball-reference.com/leagues/NBA_2026_games-march.html
2026-03-25,2026-03-26 02:00:00+00:00,Brooklyn Nets,Golden State Warriors,106,109,1,3,https://www.basketball-reference.com/leagues/NBA_2026_games-march.html
2026-03-25,2026-03-26 02:00:00+00:00,Dallas Mavericks,Denver Nuggets,135,142,1,7,https://www.basketball-reference.com/leagues/NBA_2026_games-march.html
2026-03-25,2026-03-26 01:30:00+00:00,Houston Rockets,Minnesota Timberwolves,108,110,1,2,https://www.basketball-reference.com/leagues/NBA_2026_games-march.html
2026-03-25,2026-03-26 01:00:00+00:00,Washington Wizards,Utah Jazz,133,110,0,-23,https://www.basketball-reference.com/leagues/NBA_2026_games-march.html
2026-03-25,2026-03-25 23:00:00+00:00,Los Angeles Lakers,Indiana Pacers,137,130,0,-7,https://www.basketball-reference.com/leagues/NBA_2026_games-march.html
2026-03-25,2026-03-25 23:30:00+00:00,Miami Heat,Cleveland Cavaliers,120,103,0,-17,https://www.basketball-reference.com/leagues/NBA_2026_games-march.html
2026-03-25,2026-03-25 23:30:00+00:00,Oklahoma City Thunder,Boston Celtics,109,119,1,10,https://www.basketball-reference.com/leagues/NBA_2026_games-march.html
2026-03-25,2026-03-25 23:00:00+00:00,Chicago Bulls,Philadelphia 76ers,137,157,1,20,https://www.basketball-reference.com/leagues/NBA_2026_games-march.html
2026-03-25,2026-03-26 02:30:00+00:00,Toronto Raptors,Los Angeles Clippers,94,119,1,25,https://www.basketball-reference.com/leagues/NBA_2026_games-march.html
2026-03-25,2026-03-25 23:00:00+00:00,Atlanta Hawks,Detroit Pistons,130,129,0,-1,https://www.basketball-reference.com/leagues/NBA_2026_games-march.html
2026-03-25,2026-03-26 00:00:00+00:00,San Antonio Spurs,Memphis Grizzlies,123,98,0,-25,https://www.basketball-reference.com/leagues/NBA_2026_games-march.html
2026-03-26,2026-03-26 23:00:00+00:00,Sacramento Kings,Orlando Magic,117,121,1,4,https://www.basketball-reference.com/leagues/NBA_2026_games-march.html
2026-03-26,2026-03-26 23:00:00+00:00,New York Knicks,Charlotte Hornets,103,114,1,11,https://www.basketball-reference.com/leagues/NBA_2026_games-march.html
2026-03-26,2026-03-26 23:00:00+00:00,New Orleans Pelicans,Detroit Pistons,108,129,1,21,https://www.basketball-reference.com/leagues/NBA_2026_games-march.html
2026-03-27,2026-03-28 02:30:00+00:00,Brooklyn Nets,Los Angeles Lakers,99,116,1,17,https://www.basketball-reference.com/leagues/NBA_2026_games-march.html
2026-03-27,2026-03-28 02:00:00+00:00,Dallas Mavericks,Portland Trail Blazers,100,93,0,-7,https://www.basketball-reference.com/leagues/NBA_2026_games-march.html
2026-03-27,2026-03-28 01:00:00+00:00,Utah Jazz,Denver Nuggets,129,135,1,6,https://www.basketball-reference.com/leagues/NBA_2026_games-march.html
2026-03-27,2026-03-28 00:30:00+00:00,New Orleans Pelicans,Toronto Raptors,106,119,1,13,https://www.basketball-reference.com/leagues/NBA_2026_games-march.html
2026-03-27,2026-03-28 02:00:00+00:00,Washington Wizards,Golden State Warriors,126,131,1,5,https://www.basketball-reference.com/leagues/NBA_2026_games-march.html
2026-03-27,2026-03-28 00:00:00+00:00,Houston Rockets,Memphis Grizzlies,119,109,0,-10,https://www.basketball-reference.com/leagues/NBA_2026_games-march.html
2026-03-27,2026-03-27 23:30:00+00:00,Miami Heat,Cleveland Cavaliers,128,149,1,21,https://www.basketball-reference.com/leagues/NBA_2026_games-march.html
2026-03-27,2026-03-27 23:30:00+00:00,Atlanta Hawks,Boston Celtics,102,109,1,7,https://www.basketball-reference.com/leagues/NBA_2026_games-march.html
2026-03-27,2026-03-27 23:00:00+00:00,Los Angeles Clippers,Indiana Pacers,114,113,0,-1,https://www.basketball-reference.com/leagues/NBA_2026_games-march.html
2026-03-27,2026-03-28 00:00:00+00:00,Chicago Bulls,Oklahoma City Thunder,113,131,1,18,https://www.basketball-reference.com/leagues/NBA_2026_games-march.html
2026-03-28,2026-03-29 02:00:00+00:00,Utah Jazz,Phoenix Suns,109,134,1,25,https://www.basketball-reference.com/leagues/NBA_2026_games-march.html
2026-03-28,2026-03-28 19:00:00+00:00,San Antonio Spurs,Milwaukee Bucks,127,95,0,-32,https://www.basketball-reference.com/leagues/NBA_2026_games-march.html
2026-03-28,2026-03-28 21:30:00+00:00,Detroit Pistons,Minnesota Timberwolves,109,87,0,-22,https://www.basketball-reference.com/leagues/NBA_2026_games-march.html
2026-03-28,2026-03-28 22:00:00+00:00,Philadelphia 76ers,Charlotte Hornets,118,114,0,-4,https://www.basketball-reference.com/leagues/NBA_2026_games-march.html
2026-03-28,2026-03-28 23:30:00+00:00,Sacramento Kings,Atlanta Hawks,113,123,1,10,https://www.basketball-reference.com/leagues/NBA_2026_games-march.html
2026-03-28,2026-03-29 00:00:00+00:00,Chicago Bulls,Memphis Grizzlies,124,125,1,1,https://www.basketball-reference.com/leagues/NBA_2026_games-march.html
2026-03-29,2026-03-30 02:00:00+00:00,Golden State Warriors,Denver Nuggets,93,116,1,23,https://www.basketball-reference.com/leagues/NBA_2026_games-march.html
2026-03-29,2026-03-29 23:00:00+00:00,Houston Rockets,New Orleans Pelicans,134,102,0,-32,https://www.basketball-reference.com/leagues/NBA_2026_games-march.html
2026-03-29,2026-03-29 23:30:00+00:00,New York Knicks,Oklahoma City Thunder,100,111,1,11,https://www.basketball-reference.com/leagues/NBA_2026_games-march.html
2026-03-29,2026-03-29 22:00:00+00:00,Orlando Magic,Toronto Raptors,87,139,1,52,https://www.basketball-reference.com/leagues/NBA_2026_games-march.html
2026-03-29,2026-03-29 21:00:00+00:00,Miami Heat,Indiana Pacers,118,135,1,17,https://www.basketball-reference.com/leagues/NBA_2026_games-march.html
2026-03-29,2026-03-29 22:00:00+00:00,Boston Celtics,Charlotte Hornets,114,99,0,-15,https://www.basketball-reference.com/leagues/NBA_2026_games-march.html
2026-03-29,2026-03-29 22:00:00+00:00,Sacramento Kings,Brooklyn Nets,99,116,1,17,https://www.basketball-reference.com/leagues/NBA_2026_games-march.html
2026-03-29,2026-03-29 19:30:00+00:00,Los Angeles Clippers,Milwaukee Bucks,127,113,0,-14,https://www.basketball-reference.com/leagues/NBA_2026_games-march.html
2026-03-29,2026-03-29 22:00:00+00:00,Washington Wizards,Portland Trail Blazers,88,123,1,35,https://www.basketball-reference.com/leagues/NBA_2026_games-march.html
2026-03-30,2026-03-30 23:00:00+00:00,Philadelphia 76ers,Miami Heat,109,119,1,10,https://www.basketball-reference.com/leagues/NBA_2026_games-march.html
2026-03-30,2026-03-30 23:30:00+00:00,Boston Celtics,Atlanta Hawks,102,112,1,10,https://www.basketball-reference.com/leagues/NBA_2026_games-march.html
2026-03-30,2026-03-31 00:00:00+00:00,Phoenix Suns,Memphis Grizzlies,131,105,0,-26,https://www.basketball-reference.com/leagues/NBA_2026_games-march.html
2026-03-30,2026-03-31 00:00:00+00:00,Chicago Bulls,San Antonio Spurs,114,129,1,15,https://www.basketball-reference.com/leagues/NBA_2026_games-march.html
2026-03-30,2026-03-31 00:30:00+00:00,Minnesota Timberwolves,Dallas Mavericks,124,94,0,-30,https://www.basketball-reference.com/leagues/NBA_2026_games-march.html
2026-03-30,2026-03-31 01:00:00+00:00,Cleveland Cavaliers,Utah Jazz,122,113,0,-9,https://www.basketball-reference.com/leagues/NBA_2026_games-march.html
2026-03-30,2026-03-31 01:30:00+00:00,Detroit Pistons,Oklahoma City Thunder,110,114,1,4,https://www.basketball-reference.com/leagues/NBA_2026_games-march.html
2026-03-30,2026-03-31 02:00:00+00:00,Washington Wizards,Los Angeles Lakers,101,120,1,19,https://www.basketball-reference.com/leagues/NBA_2026_games-march.html
2026-03-31,2026-04-01 02:30:00+00:00,Cleveland Cavaliers,Los Angeles Lakers,113,127,1,14,https://www.basketball-reference.com/leagues/NBA_2026_games-march.html
2026-03-31,2026-04-01 00:00:00+00:00,Dallas Mavericks,Milwaukee Bucks,99,123,1,24,https://www.basketball-reference.com/leagues/NBA_2026_games-march.html
2026-03-31,2026-04-01 00:00:00+00:00,New York Knicks,Houston Rockets,94,111,1,17,https://www.basketball-reference.com/leagues/NBA_2026_games-march.html
2026-03-31,2026-04-01 03:00:00+00:00,Portland Trail Blazers,Los Angeles Clippers,114,104,0,-10,https://www.basketball-reference.com/leagues/NBA_2026_games-march.html
2026-03-31,2026-03-31 23:30:00+00:00,Charlotte Hornets,Brooklyn Nets,117,86,0,-31,https://www.basketball-reference.com/leagues/NBA_2026_games-march.html
2026-03-31,2026-03-31 23:00:00+00:00,Phoenix Suns,Orlando Magic,111,115,1,4,https://www.basketball-reference.com/leagues/NBA_2026_games-march.html
2026-03-31,2026-04-01 00:00:00+00:00,Toronto Raptors,Detroit Pistons,116,127,1,11,https://www.basketball-reference.com/leagues/NBA_2026_games-march.html
2026-04-01,2026-04-02 02:00:00+00:00,San Antonio Spurs,Golden State Warriors,127,113,0,-14,https://www.basketball-reference.com/leagues/NBA_2026_games-april.html
2026-04-01,2026-04-02 00:00:00+00:00,Sacramento Kings,Toronto Raptors,123,115,0,-8,https://www.basketball-reference.com/leagues/NBA_2026_games-april.html
2026-04-01,2026-04-02 00:00:00+00:00,New York Knicks,Memphis Grizzlies,130,119,0,-11,https://www.basketball-reference.com/leagues/NBA_2026_games-april.html
2026-04-01,2026-04-02 00:00:00+00:00,Milwaukee Bucks,Houston Rockets,113,119,1,6,https://www.basketball-reference.com/leagues/NBA_2026_games-april.html
2026-04-01,2026-04-02 01:00:00+00:00,Denver Nuggets,Utah Jazz,130,117,0,-13,https://www.basketball-reference.com/leagues/NBA_2026_games-april.html
2026-04-01,2026-04-01 23:30:00+00:00,Boston Celtics,Miami Heat,147,129,0,-18,https://www.basketball-reference.com/leagues/NBA_2026_games-april.html
2026-04-01,2026-04-01 23:00:00+00:00,Philadelphia 76ers,Washington Wizards,153,131,0,-22,https://www.basketball-reference.com/leagues/NBA_2026_games-april.html
2026-04-01,2026-04-01 23:00:00+00:00,Atlanta Hawks,Orlando Magic,130,101,0,-29,https://www.basketball-reference.com/leagues/NBA_2026_games-april.html
2026-04-01,2026-04-02 00:00:00+00:00,Indiana Pacers,Chicago Bulls,145,126,0,-19,https://www.basketball-reference.com/leagues/NBA_2026_games-april.html
2026-04-02,2026-04-02 23:00:00+00:00,Phoenix Suns,Charlotte Hornets,107,127,1,20,https://www.basketball-reference.com/leagues/NBA_2026_games-april.html
2026-04-02,2026-04-02 23:00:00+00:00,Minnesota Timberwolves,Detroit Pistons,108,113,1,5,https://www.basketball-reference.com/leagues/NBA_2026_games-april.html
2026-04-02,2026-04-03 01:30:00+00:00,Los Angeles Lakers,Oklahoma City Thunder,96,139,1,43,https://www.basketball-reference.com/leagues/NBA_2026_games-april.html
2026-04-02,2026-04-03 02:00:00+00:00,Cleveland Cavaliers,Golden State Warriors,118,111,0,-7,https://www.basketball-reference.com/leagues/NBA_2026_games-april.html
2026-04-02,2026-04-03 02:00:00+00:00,New Orleans Pelicans,Portland Trail Blazers,106,118,1,12,https://www.basketball-reference.com/leagues/NBA_2026_games-april.html
2026-04-02,2026-04-03 02:30:00+00:00,San Antonio Spurs,Los Angeles Clippers,118,99,0,-19,https://www.basketball-reference.com/leagues/NBA_2026_games-april.html
2026-04-03,2026-04-04 00:00:00+00:00,Toronto Raptors,Memphis Grizzlies,128,96,0,-32,https://www.basketball-reference.com/leagues/NBA_2026_games-april.html
2026-04-03,2026-04-04 02:00:00+00:00,New Orleans Pelicans,Sacramento Kings,113,117,1,4,https://www.basketball-reference.com/leagues/NBA_2026_games-april.html
2026-04-03,2026-04-04 00:00:00+00:00,Boston Celtics,Milwaukee Bucks,133,101,0,-32,https://www.basketball-reference.com/leagues/NBA_2026_games-april.html
2026-04-03,2026-04-04 00:00:00+00:00,Utah Jazz,Houston Rockets,106,140,1,34,https://www.basketball-reference.com/leagues/NBA_2026_games-april.html
2026-04-03,2026-04-04 00:30:00+00:00,Orlando Magic,Dallas Mavericks,138,127,0,-11,https://www.basketball-reference.com/leagues/NBA_2026_games-april.html
2026-04-03,2026-04-03 23:30:00+00:00,Atlanta Hawks,Brooklyn Nets,141,107,0,-34,https://www.basketball-reference.com/leagues/NBA_2026_games-april.html
2026-04-03,2026-04-03 23:00:00+00:00,Minnesota Timberwolves,Philadelphia 76ers,103,115,1,12,https://www.basketball-reference.com/leagues/NBA_2026_games-april.html
2026-04-03,2026-04-03 23:00:00+00:00,Indiana Pacers,Charlotte Hornets,108,129,1,21,https://www.basketball-reference.com/leagues/NBA_2026_games-april.html
2026-04-03,2026-04-03 23:30:00+00:00,Chicago Bulls,New York Knicks,96,136,1,40,https://www.basketball-reference.com/leagues/NBA_2026_games-april.html
2026-04-04,2026-04-04 19:00:00+00:00,San Antonio Spurs,Denver Nuggets,134,136,1,2,https://www.basketball-reference.com/leagues/NBA_2026_games-april.html
2026-04-04,2026-04-04 19:00:00+00:00,Washington Wizards,Miami Heat,136,152,1,16,https://www.basketball-reference.com/leagues/NBA_2026_games-april.html
2026-04-04,2026-04-04 23:00:00+00:00,Detroit Pistons,Philadelphia 76ers,116,93,0,-23,https://www.basketball-reference.com/leagues/NBA_2026_games-april.html
2026-04-05,2026-04-06 02:00:00+00:00,Houston Rockets,Golden State Warriors,117,116,0,-1,https://www.basketball-reference.com/leagues/NBA_2026_games-april.html
2026-04-05,2026-04-06 01:00:00+00:00,Los Angeles Clippers,Sacramento Kings,138,109,0,-29,https://www.basketball-reference.com/leagues/NBA_2026_games-april.html
2026-04-05,2026-04-05 23:30:00+00:00,Los Angeles Lakers,Dallas Mavericks,128,134,1,6,https://www.basketball-reference.com/leagues/NBA_2026_games-april.html
2026-04-05,2026-04-05 23:00:00+00:00,Utah Jazz,Oklahoma City Thunder,111,146,1,35,https://www.basketball-reference.com/leagues/NBA_2026_games-april.html
2026-04-05,2026-04-05 23:00:00+00:00,Orlando Magic,New Orleans Pelicans,112,108,0,-4,https://www.basketball-reference.com/leagues/NBA_2026_games-april.html
2026-04-05,2026-04-05 19:30:00+00:00,Phoenix Suns,Chicago Bulls,120,110,0,-10,https://www.basketball-reference.com/leagues/NBA_2026_games-april.html
2026-04-05,2026-04-05 22:00:00+00:00,Indiana Pacers,Cleveland Cavaliers,108,117,1,9,https://www.basketball-reference.com/leagues/NBA_2026_games-april.html
2026-04-05,2026-04-05 19:30:00+00:00,Memphis Grizzlies,Milwaukee Bucks,115,131,1,16,https://www.basketball-reference.com/leagues/NBA_2026_games-april.html
2026-04-05,2026-04-05 19:30:00+00:00,Washington Wizards,Brooklyn Nets,115,121,1,6,https://www.basketball-reference.com/leagues/NBA_2026_games-april.html
2026-04-05,2026-04-05 19:30:00+00:00,Toronto Raptors,Boston Celtics,101,115,1,14,https://www.basketball-reference.com/leagues/NBA_2026_games-april.html
2026-04-05,2026-04-05 23:00:00+00:00,Charlotte Hornets,Minnesota Timberwolves,122,108,0,-14,https://www.basketball-reference.com/leagues/NBA_2026_games-april.html
2026-04-06,2026-04-07 01:00:00+00:00,Portland Trail Blazers,Denver Nuggets,132,137,1,5,https://www.basketball-reference.com/leagues/NBA_2026_games-april.html
2026-04-06,2026-04-07 00:00:00+00:00,Cleveland Cavaliers,Memphis Grizzlies,142,126,0,-16,https://www.basketball-reference.com/leagues/NBA_2026_games-april.html
2026-04-06,2026-04-07 00:00:00+00:00,Philadelphia 76ers,San Antonio Spurs,102,115,1,13,https://www.basketball-reference.com/leagues/NBA_2026_games-april.html
2026-04-06,2026-04-06 23:00:00+00:00,New York Knicks,Atlanta Hawks,108,105,0,-3,https://www.basketball-reference.com/leagues/NBA_2026_games-april.html
2026-04-06,2026-04-06 23:00:00+00:00,Detroit Pistons,Orlando Magic,107,123,1,16,https://www.basketball-reference.com/leagues/NBA_2026_games-april.html
2026-04-07,2026-04-08 03:00:00+00:00,Houston Rockets,Phoenix Suns,119,105,0,-14,https://www.basketball-reference.com/leagues/NBA_2026_games-april.html
2026-04-07,2026-04-08 02:30:00+00:00,Dallas Mavericks,Los Angeles Clippers,103,116,1,13,https://www.basketball-reference.com/leagues/NBA_2026_games-april.html
2026-04-07,2026-04-08 02:00:00+00:00,Sacramento Kings,Golden State Warriors,105,110,1,5,https://www.basketball-reference.com/leagues/NBA_2026_games-april.html
2026-04-07,2026-04-08 00:00:00+00:00,Utah Jazz,New Orleans Pelicans,137,156,1,19,https://www.basketball-reference.com/leagues/NBA_2026_games-april.html
2026-04-07,2026-04-08 02:30:00+00:00,Oklahoma City Thunder,Los Angeles Lakers,123,87,0,-36,https://www.basketball-reference.com/leagues/NBA_2026_games-april.html
2026-04-07,2026-04-07 23:30:00+00:00,Miami Heat,Toronto Raptors,95,121,1,26,https://www.basketball-reference.com/leagues/NBA_2026_games-april.html
2026-04-07,2026-04-07 23:30:00+00:00,Milwaukee Bucks,Brooklyn Nets,90,96,1,6,https://www.basketball-reference.com/leagues/NBA_2026_games-april.html
2026-04-07,2026-04-07 23:00:00+00:00,Chicago Bulls,Washington Wizards,129,98,0,-31,https://www.basketball-reference.com/leagues/NBA_2026_games-april.html
2026-04-07,2026-04-07 23:00:00+00:00,Minnesota Timberwolves,Indiana Pacers,124,104,0,-20,https://www.basketball-reference.com/leagues/NBA_2026_games-april.html
2026-04-07,2026-04-08 00:00:00+00:00,Charlotte Hornets,Boston Celtics,102,113,1,11,https://www.basketball-reference.com/leagues/NBA_2026_games-april.html
2026-04-08,2026-04-08 23:00:00+00:00,Atlanta Hawks,Cleveland Cavaliers,116,122,1,6,https://www.basketball-reference.com/leagues/NBA_2026_games-april.html
2026-04-08,2026-04-08 23:00:00+00:00,Milwaukee Bucks,Detroit Pistons,111,137,1,26,https://www.basketball-reference.com/leagues/NBA_2026_games-april.html
2026-04-08,2026-04-08 23:00:00+00:00,Minnesota Timberwolves,Orlando Magic,120,132,1,12,https://www.basketball-reference.com/leagues/NBA_2026_games-april.html
2026-04-08,2026-04-09 01:00:00+00:00,Memphis Grizzlies,Denver Nuggets,119,136,1,17,https://www.basketball-reference.com/leagues/NBA_2026_games-april.html
2026-04-08,2026-04-09 01:30:00+00:00,Portland Trail Blazers,San Antonio Spurs,101,112,1,11,https://www.basketball-reference.com/leagues/NBA_2026_games-april.html
2026-04-08,2026-04-09 02:00:00+00:00,Oklahoma City Thunder,Los Angeles Clippers,128,110,0,-18,https://www.basketball-reference.com/leagues/NBA_2026_games-april.html
2026-04-08,2026-04-09 02:00:00+00:00,Dallas Mavericks,Phoenix Suns,107,112,1,5,https://www.basketball-reference.com/leagues/NBA_2026_games-april.html
2026-04-09,2026-04-10 02:00:00+00:00,Los Angeles Lakers,Golden State Warriors,119,103,0,-16,https://www.basketball-reference.com/leagues/NBA_2026_games-april.html
2026-04-09,2026-04-10 00:00:00+00:00,Philadelphia 76ers,Houston Rockets,102,113,1,11,https://www.basketball-reference.com/leagues/NBA_2026_games-april.html
2026-04-09,2026-04-09 23:30:00+00:00,Boston Celtics,New York Knicks,106,112,1,6,https://www.basketball-reference.com/leagues/NBA_2026_games-april.html
2026-04-09,2026-04-09 23:00:00+00:00,Chicago Bulls,Washington Wizards,119,108,0,-11,https://www.basketball-reference.com/leagues/NBA_2026_games-april.html
2026-04-09,2026-04-09 23:00:00+00:00,Miami Heat,Toronto Raptors,114,128,1,14,https://www.basketball-reference.com/leagues/NBA_2026_games-april.html
2026-04-09,2026-04-09 23:30:00+00:00,Indiana Pacers,Brooklyn Nets,123,94,0,-29,https://www.basketball-reference.com/leagues/NBA_2026_games-april.html
2026-04-10,2026-04-11 02:30:00+00:00,Phoenix Suns,Los Angeles Lakers,73,101,1,28,https://www.basketball-reference.com/leagues/NBA_2026_games-april.html
2026-04-10,2026-04-11 02:00:00+00:00,Golden State Warriors,Sacramento Kings,118,124,1,6,https://www.basketball-reference.com/leagues/NBA_2026_games-april.html
2026-04-10,2026-04-11 02:00:00+00:00,Los Angeles Clippers,Portland Trail Blazers,97,116,1,19,https://www.basketball-reference.com/leagues/NBA_2026_games-april.html
2026-04-10,2026-04-11 01:30:00+00:00,Memphis Grizzlies,Utah Jazz,101,147,1,46,https://www.basketball-reference.com/leagues/NBA_2026_games-april.html
2026-04-10,2026-04-11 01:30:00+00:00,Minnesota Timberwolves,Houston Rockets,136,132,0,-4,https://www.basketball-reference.com/leagues/NBA_2026_games-april.html
2026-04-10,2026-04-11 00:00:00+00:00,Dallas Mavericks,San Antonio Spurs,120,139,1,19,https://www.basketball-reference.com/leagues/NBA_2026_games-april.html
2026-04-10,2026-04-11 00:00:00+00:00,Brooklyn Nets,Milwaukee Bucks,108,125,1,17,https://www.basketball-reference.com/leagues/NBA_2026_games-april.html
2026-04-10,2026-04-11 01:00:00+00:00,Oklahoma City Thunder,Denver Nuggets,107,127,1,20,https://www.basketball-reference.com/leagues/NBA_2026_games-april.html
2026-04-10,2026-04-10 23:30:00+00:00,Toronto Raptors,New York Knicks,95,112,1,17,https://www.basketball-reference.com/leagues/NBA_2026_games-april.html
2026-04-10,2026-04-10 23:30:00+00:00,Philadelphia 76ers,Indiana Pacers,105,94,0,-11,https://www.basketball-reference.com/leagues/NBA_2026_games-april.html
2026-04-10,2026-04-10 23:30:00+00:00,New Orleans Pelicans,Boston Celtics,118,144,1,26,https://www.basketball-reference.com/leagues/NBA_2026_games-april.html
2026-04-10,2026-04-10 23:00:00+00:00,Miami Heat,Washington Wizards,140,117,0,-23,https://www.basketball-reference.com/leagues/NBA_2026_games-april.html
2026-04-10,2026-04-10 23:00:00+00:00,Detroit Pistons,Charlotte Hornets,118,100,0,-18,https://www.basketball-reference.com/leagues/NBA_2026_games-april.html
2026-04-10,2026-04-10 23:00:00+00:00,Cleveland Cavaliers,Atlanta Hawks,102,124,1,22,https://www.basketball-reference.com/leagues/NBA_2026_games-april.html
2026-04-10,2026-04-11 00:00:00+00:00,Orlando Magic,Chicago Bulls,127,103,0,-24,https://www.basketball-reference.com/leagues/NBA_2026_games-april.html
2026-04-12,2026-04-13 00:30:00+00:00,Golden State Warriors,Los Angeles Clippers,110,115,1,5,https://www.basketball-reference.com/leagues/NBA_2026_games-april.html
2026-04-12,2026-04-13 00:30:00+00:00,Sacramento Kings,Portland Trail Blazers,110,122,1,12,https://www.basketball-reference.com/leagues/NBA_2026_games-april.html
2026-04-12,2026-04-13 00:30:00+00:00,Phoenix Suns,Oklahoma City Thunder,135,103,0,-32,https://www.basketball-reference.com/leagues/NBA_2026_games-april.html
2026-04-12,2026-04-13 00:30:00+00:00,Denver Nuggets,San Antonio Spurs,128,118,0,-10,https://www.basketball-reference.com/leagues/NBA_2026_games-april.html
2026-04-12,2026-04-13 00:30:00+00:00,New Orleans Pelicans,Minnesota Timberwolves,126,132,1,6,https://www.basketball-reference.com/leagues/NBA_2026_games-april.html
2026-04-12,2026-04-13 00:30:00+00:00,Utah Jazz,Los Angeles Lakers,107,131,1,24,https://www.basketball-reference.com/leagues/NBA_2026_games-april.html
2026-04-12,2026-04-13 00:30:00+00:00,Memphis Grizzlies,Houston Rockets,101,132,1,31,https://www.basketball-reference.com/leagues/NBA_2026_games-april.html
2026-04-12,2026-04-12 22:00:00+00:00,Detroit Pistons,Indiana Pacers,133,121,0,-12,https://www.basketball-reference.com/leagues/NBA_2026_games-april.html
2026-04-12,2026-04-12 22:00:00+00:00,Brooklyn Nets,Toronto Raptors,101,136,1,35,https://www.basketball-reference.com/leagues/NBA_2026_games-april.html
2026-04-12,2026-04-12 22:00:00+00:00,Milwaukee Bucks,Philadelphia 76ers,106,126,1,20,https://www.basketball-reference.com/leagues/NBA_2026_games-april.html
2026-04-12,2026-04-12 22:00:00+00:00,Charlotte Hornets,New York Knicks,110,96,0,-14,https://www.basketball-reference.com/leagues/NBA_2026_games-april.html
2026-04-12,2026-04-12 22:00:00+00:00,Atlanta Hawks,Miami Heat,117,143,1,26,https://www.basketball-reference.com/leagues/NBA_2026_games-april.html
2026-04-12,2026-04-12 22:00:00+00:00,Washington Wizards,Cleveland Cavaliers,117,130,1,13,https://www.basketball-reference.com/leagues/NBA_2026_games-april.html
2026-04-12,2026-04-12 22:00:00+00:00,Orlando Magic,Boston Celtics,108,113,1,5,https://www.basketball-reference.com/leagues/NBA_2026_games-april.html
2026-04-12,2026-04-13 00:30:00+00:00,Chicago Bulls,Dallas Mavericks,128,149,1,21,https://www.basketball-reference.com/leagues/NBA_2026_games-april.html
2026-04-14,2026-04-14 23:30:00+00:00,Miami Heat,Charlotte Hornets,126,127,1,1,https://www.basketball-reference.com/leagues/NBA_2026_games-april.html
2026-04-14,2026-04-15 02:00:00+00:00,Portland Trail Blazers,Phoenix Suns,114,110,0,-4,https://www.basketball-reference.com/leagues/NBA_2026_games-april.html
2026-04-15,2026-04-15 23:30:00+00:00,Orlando Magic,Philadelphia 76ers,97,109,1,12,https://www.basketball-reference.com/leagues/NBA_2026_games-april.html
2026-04-15,2026-04-16 02:00:00+00:00,Golden State Warriors,Los Angeles Clippers,126,121,0,-5,https://www.basketball-reference.com/leagues/NBA_2026_games-april.html
2026-04-17,2026-04-17 23:30:00+00:00,Charlotte Hornets,Orlando Magic,90,121,1,31,https://www.basketball-reference.com/leagues/NBA_2026_games-april.html
2026-04-17,2026-04-18 02:00:00+00:00,Golden State Warriors,Phoenix Suns,96,111,1,15,https://www.basketball-reference.com/leagues/NBA_2026_games-april.html
2026-04-18,2026-04-19 00:30:00+00:00,Houston Rockets,Los Angeles Lakers,98,107,1,9,https://www.basketball-reference.com/leagues/NBA_2026_games-april.html
2026-04-18,2026-04-18 22:00:00+00:00,Atlanta Hawks,New York Knicks,102,113,1,11,https://www.basketball-reference.com/leagues/NBA_2026_games-april.html
2026-04-18,2026-04-18 17:00:00+00:00,Toronto Raptors,Cleveland Cavaliers,113,126,1,13,https://www.basketball-reference.com/leagues/NBA_2026_games-april.html
2026-04-18,2026-04-18 19:30:00+00:00,Minnesota Timberwolves,Denver Nuggets,105,116,1,11,https://www.basketball-reference.com/leagues/NBA_2026_games-april.html
2026-04-19,2026-04-19 17:00:00+00:00,Philadelphia 76ers,Boston Celtics,91,123,1,32,https://www.basketball-reference.com/leagues/NBA_2026_games-april.html
2026-04-19,2026-04-19 19:30:00+00:00,Phoenix Suns,Oklahoma City Thunder,84,119,1,35,https://www.basketball-reference.com/leagues/NBA_2026_games-april.html
2026-04-19,2026-04-19 22:30:00+00:00,Orlando Magic,Detroit Pistons,112,101,0,-11,https://www.basketball-reference.com/leagues/NBA_2026_games-april.html
2026-04-19,2026-04-20 01:00:00+00:00,Portland Trail Blazers,San Antonio Spurs,98,111,1,13,https://www.basketball-reference.com/leagues/NBA_2026_games-april.html
2026-04-20,2026-04-20 23:00:00+00:00,Toronto Raptors,Cleveland Cavaliers,105,115,1,10,https://www.basketball-reference.com/leagues/NBA_2026_games-april.html
2026-04-20,2026-04-21 00:00:00+00:00,Atlanta Hawks,New York Knicks,107,106,0,-1,https://www.basketball-reference.com/leagues/NBA_2026_games-april.html
2026-04-20,2026-04-21 02:30:00+00:00,Minnesota Timberwolves,Denver Nuggets,119,114,0,-5,https://www.basketball-reference.com/leagues/NBA_2026_games-april.html
2026-04-21,2026-04-22 00:00:00+00:00,Portland Trail Blazers,San Antonio Spurs,106,103,0,-3,https://www.basketball-reference.com/leagues/NBA_2026_games-april.html
2026-04-21,2026-04-22 02:30:00+00:00,Houston Rockets,Los Angeles Lakers,94,101,1,7,https://www.basketball-reference.com/leagues/NBA_2026_games-april.html
2026-04-21,2026-04-21 23:00:00+00:00,Philadelphia 76ers,Boston Celtics,111,97,0,-14,https://www.basketball-reference.com/leagues/NBA_2026_games-april.html
2026-04-22,2026-04-22 23:00:00+00:00,Orlando Magic,Detroit Pistons,83,98,1,15,https://www.basketball-reference.com/leagues/NBA_2026_games-april.html
2026-04-22,2026-04-23 01:30:00+00:00,Phoenix Suns,Oklahoma City Thunder,107,120,1,13,https://www.basketball-reference.com/leagues/NBA_2026_games-april.html
2026-04-23,2026-04-23 23:00:00+00:00,New York Knicks,Atlanta Hawks,108,109,1,1,https://www.basketball-reference.com/leagues/NBA_2026_games-april.html
2026-04-23,2026-04-24 00:00:00+00:00,Cleveland Cavaliers,Toronto Raptors,104,126,1,22,https://www.basketball-reference.com/leagues/NBA_2026_games-april.html
2026-04-23,2026-04-24 01:30:00+00:00,Denver Nuggets,Minnesota Timberwolves,96,113,1,17,https://www.basketball-reference.com/leagues/NBA_2026_games-april.html
2026-04-24,2026-04-24 23:00:00+00:00,Boston Celtics,Philadelphia 76ers,108,100,0,-8,https://www.basketball-reference.com/leagues/NBA_2026_games-april.html
2026-04-24,2026-04-25 00:00:00+00:00,Los Angeles Lakers,Houston Rockets,112,108,0,-4,https://www.basketball-reference.com/leagues/NBA_2026_games-april.html
2026-04-24,2026-04-25 02:30:00+00:00,San Antonio Spurs,Portland Trail Blazers,120,108,0,-12,https://www.basketball-reference.com/leagues/NBA_2026_games-april.html
2026-04-25,2026-04-26 00:30:00+00:00,Denver Nuggets,Minnesota Timberwolves,96,112,1,16,https://www.basketball-reference.com/leagues/NBA_2026_games-april.html
2026-04-25,2026-04-25 22:00:00+00:00,New York Knicks,Atlanta Hawks,114,98,0,-16,https://www.basketball-reference.com/leagues/NBA_2026_games-april.html
2026-04-25,2026-04-25 17:00:00+00:00,Detroit Pistons,Orlando Magic,105,113,1,8,https://www.basketball-reference.com/leagues/NBA_2026_games-april.html
2026-04-25,2026-04-25 19:30:00+00:00,Oklahoma City Thunder,Phoenix Suns,121,109,0,-12,https://www.basketball-reference.com/leagues/NBA_2026_games-april.html
2026-04-26,2026-04-26 17:00:00+00:00,Cleveland Cavaliers,Toronto Raptors,89,93,1,4,https://www.basketball-reference.com/leagues/NBA_2026_games-april.html
2026-04-26,2026-04-26 19:30:00+00:00,San Antonio Spurs,Portland Trail Blazers,114,93,0,-21,https://www.basketball-reference.com/leagues/NBA_2026_games-april.html
2026-04-26,2026-04-26 23:00:00+00:00,Boston Celtics,Philadelphia 76ers,128,96,0,-32,https://www.basketball-reference.com/leagues/NBA_2026_games-april.html
2026-04-26,2026-04-27 01:30:00+00:00,Los Angeles Lakers,Houston Rockets,96,115,1,19,https://www.basketball-reference.com/leagues/NBA_2026_games-april.html
2026-04-27,2026-04-28 00:00:00+00:00,Detroit Pistons,Orlando Magic,88,94,1,6,https://www.basketball-reference.com/leagues/NBA_2026_games-april.html
2026-04-27,2026-04-28 01:30:00+00:00,Oklahoma City Thunder,Phoenix Suns,131,122,0,-9,https://www.basketball-reference.com/leagues/NBA_2026_games-april.html
2026-04-27,2026-04-28 02:30:00+00:00,Minnesota Timberwolves,Denver Nuggets,113,125,1,12,https://www.basketball-reference.com/leagues/NBA_2026_games-april.html
2026-04-28,2026-04-28 23:00:00+00:00,Philadelphia 76ers,Boston Celtics,113,97,0,-16,https://www.basketball-reference.com/leagues/NBA_2026_games-april.html
2026-04-28,2026-04-29 00:00:00+00:00,Atlanta Hawks,New York Knicks,97,126,1,29,https://www.basketball-reference.com/leagues/NBA_2026_games-april.html
2026-04-28,2026-04-29 01:30:00+00:00,Portland Trail Blazers,San Antonio Spurs,95,114,1,19,https://www.basketball-reference.com/leagues/NBA_2026_games-april.html
2026-04-29,2026-04-29 23:00:00+00:00,Orlando Magic,Detroit Pistons,109,116,1,7,https://www.basketball-reference.com/leagues/NBA_2026_games-april.html
2026-04-29,2026-04-29 23:30:00+00:00,Toronto Raptors,Cleveland Cavaliers,120,125,1,5,https://www.basketball-reference.com/leagues/NBA_2026_games-april.html
2026-04-29,2026-04-30 02:00:00+00:00,Houston Rockets,Los Angeles Lakers,99,93,0,-6,https://www.basketball-reference.com/leagues/NBA_2026_games-april.html
2026-04-30,2026-05-01 00:00:00+00:00,Boston Celtics,Philadelphia 76ers,93,106,1,13,https://www.basketball-reference.com/leagues/NBA_2026_games-april.html
2026-04-30,2026-05-01 01:30:00+00:00,Denver Nuggets,Minnesota Timberwolves,98,110,1,12,https://www.basketball-reference.com/leagues/NBA_2026_games-april.html
2026-04-30,2026-04-30 23:00:00+00:00,New York Knicks,Atlanta Hawks,140,89,0,-51,https://www.basketball-reference.com/leagues/NBA_2026_games-april.html
2026-05-01,2026-05-02 01:30:00+00:00,Los Angeles Lakers,Houston Rockets,98,78,0,-20,https://www.basketball-reference.com/leagues/NBA_2026_games-may.html
2026-05-01,2026-05-01 23:00:00+00:00,Detroit Pistons,Orlando Magic,93,79,0,-14,https://www.basketball-reference.com/leagues/NBA_2026_games-may.html
2026-05-01,2026-05-01 23:30:00+00:00,Cleveland Cavaliers,Toronto Raptors,110,112,1,2,https://www.basketball-reference.com/leagues/NBA_2026_games-may.html
2026-05-02,2026-05-02 23:30:00+00:00,Philadelphia 76ers,Boston Celtics,109,100,0,-9,https://www.basketball-reference.com/leagues/NBA_2026_games-may.html
2026-05-03,2026-05-03 19:30:00+00:00,Orlando Magic,Detroit Pistons,94,116,1,22,https://www.basketball-reference.com/leagues/NBA_2026_games-may.html
2026-05-03,2026-05-03 23:30:00+00:00,Toronto Raptors,Cleveland Cavaliers,102,114,1,12,https://www.basketball-reference.com/leagues/NBA_2026_games-may.html
2026-05-04,2026-05-05 00:00:00+00:00,Philadelphia 76ers,New York Knicks,98,137,1,39,https://www.basketball-reference.com/leagues/NBA_2026_games-may.html
2026-05-04,2026-05-05 01:30:00+00:00,Minnesota Timberwolves,San Antonio Spurs,104,102,0,-2,https://www.basketball-reference.com/leagues/NBA_2026_games-may.html
2026-05-05,2026-05-05 23:00:00+00:00,Cleveland Cavaliers,Detroit Pistons,101,111,1,10,https://www.basketball-reference.com/leagues/NBA_2026_games-may.html
2026-05-05,2026-05-06 00:30:00+00:00,Los Angeles Lakers,Oklahoma City Thunder,90,108,1,18,https://www.basketball-reference.com/leagues/NBA_2026_games-may.html
2026-05-06,2026-05-07 01:30:00+00:00,Minnesota Timberwolves,San Antonio Spurs,95,133,1,38,https://www.basketball-reference.com/leagues/NBA_2026_games-may.html
2026-05-06,2026-05-06 23:00:00+00:00,Philadelphia 76ers,New York Knicks,102,108,1,6,https://www.basketball-reference.com/leagues/NBA_2026_games-may.html
2026-05-07,2026-05-07 23:00:00+00:00,Cleveland Cavaliers,Detroit Pistons,97,107,1,10,https://www.basketball-reference.com/leagues/NBA_2026_games-may.html
2026-05-07,2026-05-08 01:30:00+00:00,Los Angeles Lakers,Oklahoma City Thunder,107,125,1,18,https://www.basketball-reference.com/leagues/NBA_2026_games-may.html
2026-05-08,2026-05-08 23:00:00+00:00,New York Knicks,Philadelphia 76ers,108,94,0,-14,https://www.basketball-reference.com/leagues/NBA_2026_games-may.html
2026-05-08,2026-05-09 01:30:00+00:00,San Antonio Spurs,Minnesota Timberwolves,115,108,0,-7,https://www.basketball-reference.com/leagues/NBA_2026_games-may.html
2026-05-09,2026-05-09 19:00:00+00:00,Detroit Pistons,Cleveland Cavaliers,109,116,1,7,https://www.basketball-reference.com/leagues/NBA_2026_games-may.html
2026-05-09,2026-05-10 00:30:00+00:00,Oklahoma City Thunder,Los Angeles Lakers,131,108,0,-23,https://www.basketball-reference.com/leagues/NBA_2026_games-may.html
2026-05-10,2026-05-10 19:30:00+00:00,New York Knicks,Philadelphia 76ers,144,114,0,-30,https://www.basketball-reference.com/leagues/NBA_2026_games-may.html
2026-05-10,2026-05-10 23:30:00+00:00,San Antonio Spurs,Minnesota Timberwolves,109,114,1,5,https://www.basketball-reference.com/leagues/NBA_2026_games-may.html
2026-05-11,2026-05-12 02:30:00+00:00,Oklahoma City Thunder,Los Angeles Lakers,115,110,0,-5,https://www.basketball-reference.com/leagues/NBA_2026_games-may.html
2026-05-11,2026-05-12 00:00:00+00:00,Detroit Pistons,Cleveland Cavaliers,103,112,1,9,https://www.basketball-reference.com/leagues/NBA_2026_games-may.html
2026-05-12,2026-05-13 00:00:00+00:00,Minnesota Timberwolves,San Antonio Spurs,97,126,1,29,https://www.basketball-reference.com/leagues/NBA_2026_games-may.html
2026-05-13,2026-05-14 00:00:00+00:00,Cleveland Cavaliers,Detroit Pistons,117,113,0,-4,https://www.basketball-reference.com/leagues/NBA_2026_games-may.html
2026-05-15,2026-05-15 23:00:00+00:00,Detroit Pistons,Cleveland Cavaliers,115,94,0,-21,https://www.basketball-reference.com/leagues/NBA_2026_games-may.html
2026-05-15,2026-05-16 01:30:00+00:00,San Antonio Spurs,Minnesota Timberwolves,139,109,0,-30,https://www.basketball-reference.com/leagues/NBA_2026_games-may.html
2026-05-17,2026-05-18 00:00:00+00:00,Cleveland Cavaliers,Detroit Pistons,125,94,0,-31,https://www.basketball-reference.com/leagues/NBA_2026_games-may.html
2026-05-18,2026-05-19 00:30:00+00:00,San Antonio Spurs,Oklahoma City Thunder,122,115,0,-7,https://www.basketball-reference.com/leagues/NBA_2026_games-may.html
2026-05-19,2026-05-20 00:00:00+00:00,Cleveland Cavaliers,New York Knicks,104,115,1,11,https://www.basketball-reference.com/leagues/NBA_2026_games-may.html
2026-05-20,2026-05-21 00:30:00+00:00,San Antonio Spurs,Oklahoma City Thunder,113,122,1,9,https://www.basketball-reference.com/leagues/NBA_2026_games-may.html
2026-05-21,2026-05-22 00:00:00+00:00,Cleveland Cavaliers,New York Knicks,93,109,1,16,https://www.basketball-reference.com/leagues/NBA_2026_games-may.html
2026-05-22,2026-05-23 00:30:00+00:00,Oklahoma City Thunder,San Antonio Spurs,123,108,0,-15,https://www.basketball-reference.com/leagues/NBA_2026_games-may.html
2026-05-23,2026-05-24 00:00:00+00:00,New York Knicks,Cleveland Cavaliers,121,108,0,-13,https://www.basketball-reference.com/leagues/NBA_2026_games-may.html
2026-05-24,2026-05-25 00:00:00+00:00,Oklahoma City Thunder,San Antonio Spurs,82,103,1,21,https://www.basketball-reference.com/leagues/NBA_2026_games-may.html
2026-05-25,2026-05-26 00:00:00+00:00,New York Knicks,Cleveland Cavaliers,130,93,0,-37,https://www.basketball-reference.com/leagues/NBA_2026_games-may.html
2026-05-26,2026-05-27 00:30:00+00:00,San Antonio Spurs,Oklahoma City Thunder,114,127,1,13,https://www.basketball-reference.com/leagues/NBA_2026_games-may.html
2026-05-28,2026-05-29 00:30:00+00:00,Oklahoma City Thunder,San Antonio Spurs,91,118,1,27,https://www.basketball-reference.com/leagues/NBA_2026_games-may.html
2026-05-30,2026-05-31 00:00:00+00:00,San Antonio Spurs,Oklahoma City Thunder,111,103,0,-8,https://www.basketball-reference.com/leagues/NBA_2026_games-may.html
2026-06-03,2026-06-04 00:30:00+00:00,New York Knicks,San Antonio Spurs,105,95,0,-10,https://www.basketball-reference.com/leagues/NBA_2026_games-june.html
2026-06-05,2026-06-06 00:30:00+00:00,New York Knicks,San Antonio Spurs,105,104,0,-1,https://www.basketball-reference.com/leagues/NBA_2026_games-june.html
2026-06-08,2026-06-09 00:30:00+00:00,San Antonio Spurs,New York Knicks,115,111,0,-4,https://www.basketball-reference.com/leagues/NBA_2026_games-june.html
2026-06-10,2026-06-11 00:30:00+00:00,San Antonio Spurs,New York Knicks,106,107,1,1,https://www.basketball-reference.com/leagues/NBA_2026_games-june.html
2026-06-13,2026-06-14 00:30:00+00:00,New York Knicks,San Antonio Spurs,94,90,0,-4,https://www.basketball-reference.com/leagues/NBA_2026_games-june.html
