game_date,tipoff_time_utc,away_team,home_team,away_score,home_score,home_win,point_diff,source_url,ticker,event_ticker,yes_team,game_time_utc,open_time,settlement_value,total_volume,api_source,kalshi_event_date,schedule_row,quote_status,kalshi_prob,yes_bid,yes_ask,last_trade,bid_ask_spread,price_source,quote_time_utc,minutes_before_tip,pregame_volume,candlestick_count,request_url,market_home_win,settlement_agrees,game_id
2025-10-21,2025-10-21 23:30:00+00:00,Houston Rockets,Oklahoma City Thunder,124,125,1,1,https://www.basketball-reference.com/leagues/NBA_2026_games-october.html,KXNBAGAME-25OCT21HOUOKC-OKC,KXNBAGAME-25OCT21HOUOKC,Oklahoma City Thunder,2025-10-22 02:30:00+00:00,2025-10-19 22:41:00+00:00,1.0,10654946.0,historical,2025-10-21,0,missing,,,,,,,,,,,,1,True,2025-10-21_Houston_Rockets_at_Oklahoma_City_Thunder
2025-10-22,2025-10-23 02:00:00+00:00,Sacramento Kings,Phoenix Suns,116,120,1,4,https://www.basketball-reference.com/leagues/NBA_2026_games-october.html,KXNBAGAME-25OCT22SACPHX-PHX,KXNBAGAME-25OCT22SACPHX,Phoenix Suns,2025-10-23 05:00:00+00:00,2025-10-19 22:41:00+00:00,1.0,3069276.0,historical,2025-10-23,2,available,0.605,0.6,0.61,0.61,0.010000000000000009,bid_ask_midpoint,2025-10-23T01:45:00+00:00,15.0,168711.0,988.0,https://api.elections.kalshi.com/trade-api/v2/historical/markets/KXNBAGAME-25OCT22SACPHX-PHX/candlesticks?start_ts=1761097500&end_ts=1761183900&period_interval=1,1,True,2025-10-22_Sacramento_Kings_at_Phoenix_Suns
2025-10-22,2025-10-23 02:00:00+00:00,Minnesota Timberwolves,Portland Trail Blazers,118,114,0,-4,https://www.basketball-reference.com/leagues/NBA_2026_games-october.html,KXNBAGAME-25OCT22MINPOR-POR,KXNBAGAME-25OCT22MINPOR,Portland Trail Blazers,2025-10-23 05:00:00+00:00,2025-10-19 22:41:00+00:00,0.0,2704939.0,historical,2025-10-23,3,missing,,,,,,,,,,,,0,True,2025-10-22_Minnesota_Timberwolves_at_Portland_Trail_Blazers
2025-10-22,2025-10-23 01:30:00+00:00,San Antonio Spurs,Dallas Mavericks,125,92,0,-33,https://www.basketball-reference.com/leagues/NBA_2026_games-october.html,KXNBAGAME-25OCT22SASDAL-DAL,KXNBAGAME-25OCT22SASDAL,Dallas Mavericks,2025-10-23 04:30:00+00:00,2025-10-19 22:41:00+00:00,0.0,4272826.0,historical,2025-10-23,4,available,0.605,0.6,0.61,0.61,0.010000000000000009,bid_ask_midpoint,2025-10-23T01:15:00+00:00,15.0,500214.0,1099.0,https://api.elections.kalshi.com/trade-api/v2/historical/markets/KXNBAGAME-25OCT22SASDAL-DAL/candlesticks?start_ts=1761095700&end_ts=1761182100&period_interval=1,0,True,2025-10-22_San_Antonio_Spurs_at_Dallas_Mavericks
2025-10-22,2025-10-23 00:00:00+00:00,Washington Wizards,Milwaukee Bucks,120,133,1,13,https://www.basketball-reference.com/leagues/NBA_2026_games-october.html,KXNBAGAME-25OCT22WASMIL-MIL,KXNBAGAME-25OCT22WASMIL,Milwaukee Bucks,2025-10-23 03:00:00+00:00,2025-10-19 22:41:00+00:00,1.0,756094.0,historical,2025-10-22,5,available,0.795,0.79,0.8,0.8,0.010000000000000009,bid_ask_midpoint,2025-10-22T23:45:00+00:00,15.0,368274.0,1124.0,https://api.elections.kalshi.com/trade-api/v2/historical/markets/KXNBAGAME-25OCT22WASMIL-MIL/candlesticks?start_ts=1761090300&end_ts=1761176700&period_interval=1,1,True,2025-10-22_Washington_Wizards_at_Milwaukee_Bucks
2025-10-22,2025-10-23 00:00:00+00:00,New Orleans Pelicans,Memphis Grizzlies,122,128,1,6,https://www.basketball-reference.com/leagues/NBA_2026_games-october.html,KXNBAGAME-25OCT22NOPMEM-MEM,KXNBAGAME-25OCT22NOPMEM,Memphis Grizzlies,2025-10-23 03:00:00+00:00,2025-10-19 22:41:00+00:00,1.0,1636132.0,historical,2025-10-22,6,available,0.615,0.61,0.62,0.62,0.010000000000000009,bid_ask_midpoint,2025-10-22T23:45:00+00:00,15.0,118804.0,830.0,https://api.elections.kalshi.com/trade-api/v2/historical/markets/KXNBAGAME-25OCT22NOPMEM-MEM/candlesticks?start_ts=1761090300&end_ts=1761176700&period_interval=1,1,True,2025-10-22_New_Orleans_Pelicans_at_Memphis_Grizzlies
2025-10-22,2025-10-22 23:30:00+00:00,Toronto Raptors,Atlanta Hawks,138,118,0,-20,https://www.basketball-reference.com/leagues/NBA_2026_games-october.html,KXNBAGAME-25OCT22TORATL-ATL,KXNBAGAME-25OCT22TORATL,Atlanta Hawks,2025-10-23 02:30:00+00:00,2025-10-19 22:41:00+00:00,0.0,963636.0,historical,2025-10-22,8,missing,,,,,,,,,,,,0,True,2025-10-22_Toronto_Raptors_at_Atlanta_Hawks
2025-10-22,2025-10-22 23:30:00+00:00,Philadelphia 76ers,Boston Celtics,117,116,0,-1,https://www.basketball-reference.com/leagues/NBA_2026_games-october.html,KXNBAGAME-25OCT22PHIBOS-BOS,KXNBAGAME-25OCT22PHIBOS,Boston Celtics,2025-10-23 02:30:00+00:00,2025-10-19 22:41:00+00:00,0.0,2520808.0,historical,2025-10-22,9,available,0.635,0.63,0.64,0.64,0.010000000000000009,bid_ask_midpoint,2025-10-22T23:15:00+00:00,15.0,429053.0,1144.0,https://api.elections.kalshi.com/trade-api/v2/historical/markets/KXNBAGAME-25OCT22PHIBOS-BOS/candlesticks?start_ts=1761088500&end_ts=1761174900&period_interval=1,0,True,2025-10-22_Philadelphia_76ers_at_Boston_Celtics
2025-10-22,2025-10-22 23:00:00+00:00,Miami Heat,Orlando Magic,121,125,1,4,https://www.basketball-reference.com/leagues/NBA_2026_games-october.html,KXNBAGAME-25OCT22MIAORL-ORL,KXNBAGAME-25OCT22MIAORL,Orlando Magic,2025-10-23 02:00:00+00:00,2025-10-19 22:41:00+00:00,1.0,1842075.0,historical,2025-10-22,10,available,0.755,0.75,0.76,0.76,0.010000000000000009,bid_ask_midpoint,2025-10-22T22:45:00+00:00,15.0,379409.0,1175.0,https://api.elections.kalshi.com/trade-api/v2/historical/markets/KXNBAGAME-25OCT22MIAORL-ORL/candlesticks?start_ts=1761086700&end_ts=1761173100&period_interval=1,1,True,2025-10-22_Miami_Heat_at_Orlando_Magic
2025-10-22,2025-10-22 23:00:00+00:00,Cleveland Cavaliers,New York Knicks,111,119,1,8,https://www.basketball-reference.com/leagues/NBA_2026_games-october.html,KXNBAGAME-25OCT22CLENYK-NYK,KXNBAGAME-25OCT22CLENYK,New York Knicks,2025-10-23 02:00:00+00:00,2025-10-19 22:41:00+00:00,1.0,4635331.0,historical,2025-10-22,11,available,0.46499999999999997,0.46,0.47,0.47,0.009999999999999953,bid_ask_midpoint,2025-10-22T22:45:00+00:00,15.0,959461.0,1172.0,https://api.elections.kalshi.com/trade-api/v2/historical/markets/KXNBAGAME-25OCT22CLENYK-NYK/candlesticks?start_ts=1761086700&end_ts=1761173100&period_interval=1,1,True,2025-10-22_Cleveland_Cavaliers_at_New_York_Knicks
2025-10-22,2025-10-22 23:00:00+00:00,Brooklyn Nets,Charlotte Hornets,117,136,1,19,https://www.basketball-reference.com/leagues/NBA_2026_games-october.html,KXNBAGAME-25OCT22BKNCHA-CHA,KXNBAGAME-25OCT22BKNCHA,Charlotte Hornets,2025-10-23 02:00:00+00:00,2025-10-19 22:41:00+00:00,1.0,1132272.0,historical,2025-10-22,12,available,0.645,0.64,0.65,0.65,0.010000000000000009,bid_ask_midpoint,2025-10-22T22:45:00+00:00,15.0,378845.0,1110.0,https://api.elections.kalshi.com/trade-api/v2/historical/markets/KXNBAGAME-25OCT22BKNCHA-CHA/candlesticks?start_ts=1761086700&end_ts=1761173100&period_interval=1,1,True,2025-10-22_Brooklyn_Nets_at_Charlotte_Hornets
2025-10-22,2025-10-23 00:00:00+00:00,Detroit Pistons,Chicago Bulls,111,115,1,4,https://www.basketball-reference.com/leagues/NBA_2026_games-october.html,KXNBAGAME-25OCT22DETCHI-CHI,KXNBAGAME-25OCT22DETCHI,Chicago Bulls,2025-10-23 03:00:00+00:00,2025-10-19 22:41:00+00:00,1.0,1865164.0,historical,2025-10-22,13,available,0.405,0.4,0.41,0.41,0.009999999999999953,bid_ask_midpoint,2025-10-22T23:45:00+00:00,15.0,76094.0,1002.0,https://api.elections.kalshi.com/trade-api/v2/historical/markets/KXNBAGAME-25OCT22DETCHI-CHI/candlesticks?start_ts=1761090300&end_ts=1761176700&period_interval=1,1,True,2025-10-22_Detroit_Pistons_at_Chicago_Bulls
2025-10-23,2025-10-23 23:30:00+00:00,Oklahoma City Thunder,Indiana Pacers,141,135,0,-6,https://www.basketball-reference.com/leagues/NBA_2026_games-october.html,KXNBAGAME-25OCT23OKCIND-IND,KXNBAGAME-25OCT23OKCIND,Indiana Pacers,2025-10-24 02:30:00+00:00,2025-10-21 21:50:00+00:00,0.0,7230759.0,historical,2025-10-23,14,missing,,,,,,,,,,,,0,True,2025-10-23_Oklahoma_City_Thunder_at_Indiana_Pacers
2025-10-23,2025-10-24 02:00:00+00:00,Denver Nuggets,Golden State Warriors,131,137,1,6,https://www.basketball-reference.com/leagues/NBA_2026_games-october.html,KXNBAGAME-25OCT23DENGSW-GSW,KXNBAGAME-25OCT23DENGSW,Golden State Warriors,2025-10-24 05:00:00+00:00,2025-10-21 21:50:00+00:00,1.0,10262593.0,historical,2025-10-24,15,available,0.525,0.52,0.53,0.53,0.010000000000000009,bid_ask_midpoint,2025-10-24T01:45:00+00:00,15.0,813289.0,1236.0,https://api.elections.kalshi.com/trade-api/v2/historical/markets/KXNBAGAME-25OCT23DENGSW-GSW/candlesticks?start_ts=1761183900&end_ts=1761270300&period_interval=1,1,True,2025-10-23_Denver_Nuggets_at_Golden_State_Warriors
2025-10-24,2025-10-25 00:30:00+00:00,Washington Wizards,Dallas Mavericks,117,107,0,-10,https://www.basketball-reference.com/leagues/NBA_2026_games-october.html,KXNBAGAME-25OCT24WASDAL-DAL,KXNBAGAME-25OCT24WASDAL,Dallas Mavericks,2025-10-25 03:30:00+00:00,2025-10-23 08:40:00+00:00,0.0,2252969.0,historical,2025-10-24,16,available,0.795,0.79,0.8,0.79,0.010000000000000009,bid_ask_midpoint,2025-10-25T00:15:00+00:00,15.0,213733.0,1326.0,https://api.elections.kalshi.com/trade-api/v2/historical/markets/KXNBAGAME-25OCT24WASDAL-DAL/candlesticks?start_ts=1761264900&end_ts=1761351300&period_interval=1,0,True,2025-10-24_Washington_Wizards_at_Dallas_Mavericks
2025-10-24,2025-10-25 02:00:00+00:00,Utah Jazz,Sacramento Kings,104,105,1,1,https://www.basketball-reference.com/leagues/NBA_2026_games-october.html,KXNBAGAME-25OCT24UTASAC-SAC,KXNBAGAME-25OCT24UTASAC,Sacramento Kings,2025-10-25 05:00:00+00:00,2025-10-23 08:40:00+00:00,1.0,1885386.0,historical,2025-10-25,18,available,0.665,0.66,0.67,0.67,0.010000000000000009,bid_ask_midpoint,2025-10-25T01:45:00+00:00,15.0,117205.0,1129.0,https://api.elections.kalshi.com/trade-api/v2/historical/markets/KXNBAGAME-25OCT24UTASAC-SAC/candlesticks?start_ts=1761270300&end_ts=1761356700&period_interval=1,1,True,2025-10-24_Utah_Jazz_at_Sacramento_Kings
2025-10-24,2025-10-25 02:00:00+00:00,Golden State Warriors,Portland Trail Blazers,119,139,1,20,https://www.basketball-reference.com/leagues/NBA_2026_games-october.html,KXNBAGAME-25OCT24GSWPOR-POR,KXNBAGAME-25OCT24GSWPOR,Portland Trail Blazers,2025-10-25 05:00:00+00:00,2025-10-23 08:40:00+00:00,1.0,2038564.0,historical,2025-10-25,19,available,0.41000000000000003,0.4,0.42,0.42,0.019999999999999962,bid_ask_midpoint,2025-10-25T01:45:00+00:00,15.0,234298.0,1340.0,https://api.elections.kalshi.com/trade-api/v2/historical/markets/KXNBAGAME-25OCT24GSWPOR-POR/candlesticks?start_ts=1761270300&end_ts=1761356700&period_interval=1,1,True,2025-10-24_Golden_State_Warriors_at_Portland_Trail_Blazers
2025-10-24,2025-10-25 00:00:00+00:00,Miami Heat,Memphis Grizzlies,146,114,0,-32,https://www.basketball-reference.com/leagues/NBA_2026_games-october.html,KXNBAGAME-25OCT24MIAMEM-MEM,KXNBAGAME-25OCT24MIAMEM,Memphis Grizzlies,2025-10-25 03:00:00+00:00,2025-10-23 08:40:00+00:00,0.0,466814.0,historical,2025-10-24,21,available,0.595,0.59,0.6,0.6,0.010000000000000009,bid_ask_midpoint,2025-10-24T23:45:00+00:00,15.0,142885.0,1176.0,https://api.elections.kalshi.com/trade-api/v2/historical/markets/KXNBAGAME-25OCT24MIAMEM-MEM/candlesticks?start_ts=1761263100&end_ts=1761349500&period_interval=1,0,True,2025-10-24_Miami_Heat_at_Memphis_Grizzlies
2025-10-24,2025-10-24 23:30:00+00:00,Cleveland Cavaliers,Brooklyn Nets,131,124,0,-7,https://www.basketball-reference.com/leagues/NBA_2026_games-october.html,KXNBAGAME-25OCT24CLEBKN-BKN,KXNBAGAME-25OCT24CLEBKN,Brooklyn Nets,2025-10-25 02:30:00+00:00,2025-10-23 08:40:00+00:00,0.0,1694905.0,historical,2025-10-24,22,available,0.155,0.15,0.16,0.16,0.010000000000000009,bid_ask_midpoint,2025-10-24T23:15:00+00:00,15.0,392545.0,1251.0,https://api.elections.kalshi.com/trade-api/v2/historical/markets/KXNBAGAME-25OCT24CLEBKN-BKN/candlesticks?start_ts=1761261300&end_ts=1761347700&period_interval=1,0,True,2025-10-24_Cleveland_Cavaliers_at_Brooklyn_Nets
2025-10-24,2025-10-25 00:00:00+00:00,Detroit Pistons,Houston Rockets,115,111,0,-4,https://www.basketball-reference.com/leagues/NBA_2026_games-october.html,KXNBAGAME-25OCT24DETHOU-HOU,KXNBAGAME-25OCT24DETHOU,Houston Rockets,2025-10-25 03:00:00+00:00,2025-10-23 08:40:00+00:00,0.0,2308478.0,historical,2025-10-24,23,available,0.695,0.69,0.7,0.7,0.010000000000000009,bid_ask_midpoint,2025-10-24T23:45:00+00:00,15.0,392905.0,1396.0,https://api.elections.kalshi.com/trade-api/v2/historical/markets/KXNBAGAME-25OCT24DETHOU-HOU/candlesticks?start_ts=1761263100&end_ts=1761349500&period_interval=1,0,True,2025-10-24_Detroit_Pistons_at_Houston_Rockets
2025-10-24,2025-10-24 23:30:00+00:00,Boston Celtics,New York Knicks,95,105,1,10,https://www.basketball-reference.com/leagues/NBA_2026_games-october.html,KXNBAGAME-25OCT24BOSNYK-NYK,KXNBAGAME-25OCT24BOSNYK,New York Knicks,2025-10-25 02:30:00+00:00,2025-10-23 08:40:00+00:00,1.0,1706125.0,historical,2025-10-24,24,missing,,,,,,,,,,,,1,True,2025-10-24_Boston_Celtics_at_New_York_Knicks
2025-10-24,2025-10-24 23:00:00+00:00,Atlanta Hawks,Orlando Magic,111,107,0,-4,https://www.basketball-reference.com/leagues/NBA_2026_games-october.html,KXNBAGAME-25OCT24ATLORL-ORL,KXNBAGAME-25OCT24ATLORL,Orlando Magic,2025-10-25 02:00:00+00:00,2025-10-23 08:40:00+00:00,0.0,1953716.0,historical,2025-10-24,25,missing,,,,,,,,,,,,0,True,2025-10-24_Atlanta_Hawks_at_Orlando_Magic
2025-10-24,2025-10-24 22:30:00+00:00,Milwaukee Bucks,Toronto Raptors,122,116,0,-6,https://www.basketball-reference.com/leagues/NBA_2026_games-october.html,KXNBAGAME-25OCT24MILTOR-TOR,KXNBAGAME-25OCT24MILTOR,Toronto Raptors,2025-10-25 01:30:00+00:00,2025-10-23 08:40:00+00:00,0.0,2821177.0,historical,2025-10-24,26,missing,,,,,,,,,,,,0,True,2025-10-24_Milwaukee_Bucks_at_Toronto_Raptors
2025-10-24,2025-10-25 00:00:00+00:00,San Antonio Spurs,New Orleans Pelicans,120,116,0,-4,https://www.basketball-reference.com/leagues/NBA_2026_games-october.html,KXNBAGAME-25OCT24SASNOP-NOP,KXNBAGAME-25OCT24SASNOP,New Orleans Pelicans,2025-10-25 03:00:00+00:00,2025-10-23 08:40:00+00:00,0.0,1928858.0,historical,2025-10-24,27,available,0.375,0.37,0.38,,0.010000000000000009,bid_ask_midpoint,2025-10-24T23:45:00+00:00,15.0,51154.0,1400.0,https://api.elections.kalshi.com/trade-api/v2/historical/markets/KXNBAGAME-25OCT24SASNOP-NOP/candlesticks?start_ts=1761263100&end_ts=1761349500&period_interval=1,0,True,2025-10-24_San_Antonio_Spurs_at_New_Orleans_Pelicans
2025-10-25,2025-10-25 23:00:00+00:00,Chicago Bulls,Orlando Magic,110,98,0,-12,https://www.basketball-reference.com/leagues/NBA_2026_games-october.html,KXNBAGAME-25OCT25CHIORL-ORL,KXNBAGAME-25OCT25CHIORL,Orlando Magic,2025-10-26 02:00:00+00:00,2025-10-24 05:51:00+00:00,0.0,1409215.0,historical,2025-10-25,28,missing,,,,,,,,,,,,0,True,2025-10-25_Chicago_Bulls_at_Orlando_Magic
2025-10-25,2025-10-25 23:30:00+00:00,Oklahoma City Thunder,Atlanta Hawks,117,100,0,-17,https://www.basketball-reference.com/leagues/NBA_2026_games-october.html,KXNBAGAME-25OCT25OKCATL-ATL,KXNBAGAME-25OCT25OKCATL,Atlanta Hawks,2025-10-26 02:30:00+00:00,2025-10-24 05:51:00+00:00,0.0,854264.0,historical,2025-10-25,29,missing,,,,,,,,,,,,0,True,2025-10-25_Oklahoma_City_Thunder_at_Atlanta_Hawks
2025-10-25,2025-10-25 23:30:00+00:00,Charlotte Hornets,Philadelphia 76ers,121,125,1,4,https://www.basketball-reference.com/leagues/NBA_2026_games-october.html,KXNBAGAME-25OCT25CHAPHI-PHI,KXNBAGAME-25OCT25CHAPHI,Philadelphia 76ers,2025-10-26 02:30:00+00:00,2025-10-24 05:51:00+00:00,1.0,1930209.0,historical,2025-10-25,30,available,0.635,0.63,0.64,0.64,0.010000000000000009,bid_ask_midpoint,2025-10-25T23:15:00+00:00,15.0,197302.0,1125.0,https://api.elections.kalshi.com/trade-api/v2/historical/markets/KXNBAGAME-25OCT25CHAPHI-PHI/candlesticks?start_ts=1761347700&end_ts=1761434100&period_interval=1,1,True,2025-10-25_Charlotte_Hornets_at_Philadelphia_76ers
2025-10-25,2025-10-26 00:00:00+00:00,Indiana Pacers,Memphis Grizzlies,103,128,1,25,https://www.basketball-reference.com/leagues/NBA_2026_games-october.html,KXNBAGAME-25OCT25INDMEM-MEM,KXNBAGAME-25OCT25INDMEM,Memphis Grizzlies,2025-10-26 03:00:00+00:00,2025-10-24 05:51:00+00:00,1.0,665447.0,historical,2025-10-25,31,missing,,,,,,,,,,,,1,True,2025-10-25_Indiana_Pacers_at_Memphis_Grizzlies
2025-10-25,2025-10-26 01:00:00+00:00,Phoenix Suns,Denver Nuggets,111,133,1,22,https://www.basketball-reference.com/leagues/NBA_2026_games-october.html,KXNBAGAME-25OCT25PHXDEN-DEN,KXNBAGAME-25OCT25PHXDEN,Denver Nuggets,2025-10-26 04:00:00+00:00,2025-10-24 05:51:00+00:00,1.0,514429.0,historical,2025-10-26,32,available,0.855,0.85,0.86,,0.010000000000000009,bid_ask_midpoint,2025-10-26T00:45:00+00:00,15.0,110155.0,1083.0,https://api.elections.kalshi.com/trade-api/v2/historical/markets/KXNBAGAME-25OCT25PHXDEN-DEN/candlesticks?start_ts=1761353100&end_ts=1761439500&period_interval=1,1,True,2025-10-25_Phoenix_Suns_at_Denver_Nuggets
2025-10-26,2025-10-26 23:00:00+00:00,Indiana Pacers,Minnesota Timberwolves,110,114,1,4,https://www.basketball-reference.com/leagues/NBA_2026_games-october.html,KXNBAGAME-25OCT26INDMIN-MIN,KXNBAGAME-25OCT26INDMIN,Minnesota Timberwolves,2025-10-27 02:00:00+00:00,2025-10-24 17:06:00+00:00,1.0,1464565.0,historical,2025-10-26,33,available,0.835,0.83,0.84,,0.010000000000000009,bid_ask_midpoint,2025-10-26T22:45:00+00:00,15.0,81112.0,1213.0,https://api.elections.kalshi.com/trade-api/v2/historical/markets/KXNBAGAME-25OCT26INDMIN-MIN/candlesticks?start_ts=1761432300&end_ts=1761518700&period_interval=1,1,True,2025-10-26_Indiana_Pacers_at_Minnesota_Timberwolves
2025-10-26,2025-10-26 23:30:00+00:00,Toronto Raptors,Dallas Mavericks,129,139,1,10,https://www.basketball-reference.com/leagues/NBA_2026_games-october.html,KXNBAGAME-25OCT26TORDAL-DAL,KXNBAGAME-25OCT26TORDAL,Dallas Mavericks,2025-10-27 02:30:00+00:00,2025-10-24 17:06:00+00:00,1.0,1744208.0,historical,2025-10-26,35,available,0.495,0.49,0.5,0.5,0.010000000000000009,bid_ask_midpoint,2025-10-26T23:15:00+00:00,15.0,180120.0,1179.0,https://api.elections.kalshi.com/trade-api/v2/historical/markets/KXNBAGAME-25OCT26TORDAL-DAL/candlesticks?start_ts=1761434100&end_ts=1761520500&period_interval=1,1,True,2025-10-26_Toronto_Raptors_at_Dallas_Mavericks
2025-10-26,2025-10-26 22:00:00+00:00,Milwaukee Bucks,Cleveland Cavaliers,113,118,1,5,https://www.basketball-reference.com/leagues/NBA_2026_games-october.html,KXNBAGAME-25OCT26MILCLE-CLE,KXNBAGAME-25OCT26MILCLE,Cleveland Cavaliers,2025-10-27 01:00:00+00:00,2025-10-24 17:06:00+00:00,1.0,1356436.0,historical,2025-10-26,36,available,0.685,0.68,0.69,0.68,0.009999999999999898,bid_ask_midpoint,2025-10-26T21:45:00+00:00,15.0,90737.0,1099.0,https://api.elections.kalshi.com/trade-api/v2/historical/markets/KXNBAGAME-25OCT26MILCLE-CLE/candlesticks?start_ts=1761428700&end_ts=1761515100&period_interval=1,1,True,2025-10-26_Milwaukee_Bucks_at_Cleveland_Cavaliers
2025-10-26,2025-10-26 22:00:00+00:00,Charlotte Hornets,Washington Wizards,139,113,0,-26,https://www.basketball-reference.com/leagues/NBA_2026_games-october.html,KXNBAGAME-25OCT26CHAWAS-WAS,KXNBAGAME-25OCT26CHAWAS,Washington Wizards,2025-10-27 01:00:00+00:00,2025-10-24 17:06:00+00:00,0.0,946736.0,historical,2025-10-26,38,available,0.545,0.54,0.55,,0.010000000000000009,bid_ask_midpoint,2025-10-26T21:45:00+00:00,15.0,35532.0,1113.0,https://api.elections.kalshi.com/trade-api/v2/historical/markets/KXNBAGAME-25OCT26CHAWAS-WAS/candlesticks?start_ts=1761428700&end_ts=1761515100&period_interval=1,0,True,2025-10-26_Charlotte_Hornets_at_Washington_Wizards
2025-10-26,2025-10-26 19:30:00+00:00,Boston Celtics,Detroit Pistons,113,119,1,6,https://www.basketball-reference.com/leagues/NBA_2026_games-october.html,KXNBAGAME-25OCT26BOSDET-DET,KXNBAGAME-25OCT26BOSDET,Detroit Pistons,2025-10-26 22:30:00+00:00,2025-10-24 17:06:00+00:00,1.0,1999215.0,historical,2025-10-26,39,available,0.555,0.55,0.56,0.56,0.010000000000000009,bid_ask_midpoint,2025-10-26T19:15:00+00:00,15.0,145245.0,1119.0,https://api.elections.kalshi.com/trade-api/v2/historical/markets/KXNBAGAME-25OCT26BOSDET-DET/candlesticks?start_ts=1761419700&end_ts=1761506100&period_interval=1,1,True,2025-10-26_Boston_Celtics_at_Detroit_Pistons
2025-10-26,2025-10-26 22:00:00+00:00,New York Knicks,Miami Heat,107,115,1,8,https://www.basketball-reference.com/leagues/NBA_2026_games-october.html,KXNBAGAME-25OCT26NYKMIA-MIA,KXNBAGAME-25OCT26NYKMIA,Miami Heat,2025-10-27 01:00:00+00:00,2025-10-24 17:06:00+00:00,1.0,1681386.0,historical,2025-10-26,40,available,0.415,0.41,0.42,0.42,0.010000000000000009,bid_ask_midpoint,2025-10-26T21:45:00+00:00,15.0,43686.0,1040.0,https://api.elections.kalshi.com/trade-api/v2/historical/markets/KXNBAGAME-25OCT26NYKMIA-MIA/candlesticks?start_ts=1761428700&end_ts=1761515100&period_interval=1,1,True,2025-10-26_New_York_Knicks_at_Miami_Heat
2025-10-26,2025-10-26 18:00:00+00:00,Brooklyn Nets,San Antonio Spurs,107,118,1,11,https://www.basketball-reference.com/leagues/NBA_2026_games-october.html,KXNBAGAME-25OCT26BKNSAS-SAS,KXNBAGAME-25OCT26BKNSAS,San Antonio Spurs,2025-10-26 21:00:00+00:00,2025-10-24 11:06:00+00:00,1.0,1186645.0,historical,2025-10-26,41,available,0.815,0.81,0.82,,0.009999999999999898,bid_ask_midpoint,2025-10-26T17:45:00+00:00,15.0,171304.0,1156.0,https://api.elections.kalshi.com/trade-api/v2/historical/markets/KXNBAGAME-25OCT26BKNSAS-SAS/candlesticks?start_ts=1761414300&end_ts=1761500700&period_interval=1,1,True,2025-10-26_Brooklyn_Nets_at_San_Antonio_Spurs
2025-10-27,2025-10-28 02:00:00+00:00,Memphis Grizzlies,Golden State Warriors,118,131,1,13,https://www.basketball-reference.com/leagues/NBA_2026_games-october.html,KXNBAGAME-25OCT27MEMGSW-GSW,KXNBAGAME-25OCT27MEMGSW,Golden State Warriors,2025-10-28 05:00:00+00:00,2025-10-25 20:12:00+00:00,1.0,1151094.0,historical,2025-10-28,43,available,0.74,0.73,0.75,0.75,0.020000000000000018,bid_ask_midpoint,2025-10-28T01:45:00+00:00,15.0,182486.0,1192.0,https://api.elections.kalshi.com/trade-api/v2/historical/markets/KXNBAGAME-25OCT27MEMGSW-GSW/candlesticks?start_ts=1761529500&end_ts=1761615900&period_interval=1,1,True,2025-10-27_Memphis_Grizzlies_at_Golden_State_Warriors
2025-10-27,2025-10-28 01:00:00+00:00,Phoenix Suns,Utah Jazz,134,138,1,4,https://www.basketball-reference.com/leagues/NBA_2026_games-october.html,KXNBAGAME-25OCT27PHXUTA-UTA,KXNBAGAME-25OCT27PHXUTA,Utah Jazz,2025-10-28 04:00:00+00:00,2025-10-25 20:12:00+00:00,1.0,2919685.0,historical,2025-10-28,44,available,0.535,0.53,0.54,0.54,0.010000000000000009,bid_ask_midpoint,2025-10-28T00:45:00+00:00,15.0,578087.0,1103.0,https://api.elections.kalshi.com/trade-api/v2/historical/markets/KXNBAGAME-25OCT27PHXUTA-UTA/candlesticks?start_ts=1761525900&end_ts=1761612300&period_interval=1,1,True,2025-10-27_Phoenix_Suns_at_Utah_Jazz
2025-10-27,2025-10-28 00:30:00+00:00,Oklahoma City Thunder,Dallas Mavericks,101,94,0,-7,https://www.basketball-reference.com/leagues/NBA_2026_games-october.html,KXNBAGAME-25OCT27OKCDAL-DAL,KXNBAGAME-25OCT27OKCDAL,Dallas Mavericks,2025-10-28 03:30:00+00:00,2025-10-25 20:12:00+00:00,0.0,1595876.0,historical,2025-10-27,45,available,0.245,0.24,0.25,0.25,0.010000000000000009,bid_ask_midpoint,2025-10-28T00:15:00+00:00,15.0,264972.0,1180.0,https://api.elections.kalshi.com/trade-api/v2/historical/markets/KXNBAGAME-25OCT27OKCDAL-DAL/candlesticks?start_ts=1761524100&end_ts=1761610500&period_interval=1,0,True,2025-10-27_Oklahoma_City_Thunder_at_Dallas_Mavericks
2025-10-27,2025-10-28 00:00:00+00:00,Toronto Raptors,San Antonio Spurs,103,121,1,18,https://www.basketball-reference.com/leagues/NBA_2026_games-october.html,KXNBAGAME-25OCT27TORSAS-SAS,KXNBAGAME-25OCT27TORSAS,San Antonio Spurs,2025-10-28 03:00:00+00:00,2025-10-25 20:12:00+00:00,1.0,1619589.0,historical,2025-10-27,46,available,0.625,0.62,0.63,0.63,0.010000000000000009,bid_ask_midpoint,2025-10-27T23:45:00+00:00,15.0,671578.0,1232.0,https://api.elections.kalshi.com/trade-api/v2/historical/markets/KXNBAGAME-25OCT27TORSAS-SAS/candlesticks?start_ts=1761522300&end_ts=1761608700&period_interval=1,1,True,2025-10-27_Toronto_Raptors_at_San_Antonio_Spurs
2025-10-27,2025-10-28 01:30:00+00:00,Denver Nuggets,Minnesota Timberwolves,127,114,0,-13,https://www.basketball-reference.com/leagues/NBA_2026_games-october.html,KXNBAGAME-25OCT27DENMIN-MIN,KXNBAGAME-25OCT27DENMIN,Minnesota Timberwolves,2025-10-28 04:30:00+00:00,2025-10-25 20:12:00+00:00,0.0,1966716.0,historical,2025-10-28,47,available,0.315,0.31,0.32,0.32,0.010000000000000009,bid_ask_midpoint,2025-10-28T01:15:00+00:00,15.0,128341.0,1124.0,https://api.elections.kalshi.com/trade-api/v2/historical/markets/KXNBAGAME-25OCT27DENMIN-MIN/candlesticks?start_ts=1761527700&end_ts=1761614100&period_interval=1,0,True,2025-10-27_Denver_Nuggets_at_Minnesota_Timberwolves
2025-10-27,2025-10-28 00:00:00+00:00,Brooklyn Nets,Houston Rockets,109,137,1,28,https://www.basketball-reference.com/leagues/NBA_2026_games-october.html,KXNBAGAME-25OCT27BKNHOU-HOU,KXNBAGAME-25OCT27BKNHOU,Houston Rockets,2025-10-28 03:00:00+00:00,2025-10-25 20:12:00+00:00,1.0,313012.0,historical,2025-10-27,48,missing,,,,,,,,,,,,1,True,2025-10-27_Brooklyn_Nets_at_Houston_Rockets
2025-10-27,2025-10-28 00:00:00+00:00,Atlanta Hawks,Chicago Bulls,123,128,1,5,https://www.basketball-reference.com/leagues/NBA_2026_games-october.html,KXNBAGAME-25OCT27ATLCHI-CHI,KXNBAGAME-25OCT27ATLCHI,Chicago Bulls,2025-10-28 03:00:00+00:00,2025-10-25 20:12:00+00:00,1.0,1984131.0,historical,2025-10-27,49,available,0.435,0.43,0.44,0.45,0.010000000000000009,bid_ask_midpoint,2025-10-27T23:45:00+00:00,15.0,181415.0,1242.0,https://api.elections.kalshi.com/trade-api/v2/historical/markets/KXNBAGAME-25OCT27ATLCHI-CHI/candlesticks?start_ts=1761522300&end_ts=1761608700&period_interval=1,1,True,2025-10-27_Atlanta_Hawks_at_Chicago_Bulls
2025-10-27,2025-10-27 23:00:00+00:00,Orlando Magic,Philadelphia 76ers,124,136,1,12,https://www.basketball-reference.com/leagues/NBA_2026_games-october.html,KXNBAGAME-25OCT27ORLPHI-PHI,KXNBAGAME-25OCT27ORLPHI,Philadelphia 76ers,2025-10-28 02:00:00+00:00,2025-10-25 20:12:00+00:00,1.0,3699876.0,historical,2025-10-27,50,available,0.325,0.32,0.33,0.33,0.010000000000000009,bid_ask_midpoint,2025-10-27T22:45:00+00:00,15.0,712711.0,1264.0,https://api.elections.kalshi.com/trade-api/v2/historical/markets/KXNBAGAME-25OCT27ORLPHI-PHI/candlesticks?start_ts=1761518700&end_ts=1761605100&period_interval=1,1,True,2025-10-27_Orlando_Magic_at_Philadelphia_76ers
2025-10-27,2025-10-27 23:00:00+00:00,Cleveland Cavaliers,Detroit Pistons,116,95,0,-21,https://www.basketball-reference.com/leagues/NBA_2026_games-october.html,KXNBAGAME-25OCT27CLEDET-DET,KXNBAGAME-25OCT27CLEDET,Detroit Pistons,2025-10-28 02:00:00+00:00,2025-10-25 20:12:00+00:00,0.0,1296493.0,historical,2025-10-27,51,available,0.445,0.44,0.45,0.45,0.010000000000000009,bid_ask_midpoint,2025-10-27T22:45:00+00:00,15.0,173959.0,1083.0,https://api.elections.kalshi.com/trade-api/v2/historical/markets/KXNBAGAME-25OCT27CLEDET-DET/candlesticks?start_ts=1761518700&end_ts=1761605100&period_interval=1,0,True,2025-10-27_Cleveland_Cavaliers_at_Detroit_Pistons
2025-10-27,2025-10-28 00:00:00+00:00,Boston Celtics,New Orleans Pelicans,122,90,0,-32,https://www.basketball-reference.com/leagues/NBA_2026_games-october.html,KXNBAGAME-25OCT27BOSNOP-NOP,KXNBAGAME-25OCT27BOSNOP,New Orleans Pelicans,2025-10-28 03:00:00+00:00,2025-10-25 20:12:00+00:00,0.0,958973.0,historical,2025-10-27,52,available,0.355,0.35,0.36,0.35,0.010000000000000009,bid_ask_midpoint,2025-10-27T23:45:00+00:00,15.0,245902.0,1123.0,https://api.elections.kalshi.com/trade-api/v2/historical/markets/KXNBAGAME-25OCT27BOSNOP-NOP/candlesticks?start_ts=1761522300&end_ts=1761608700&period_interval=1,0,True,2025-10-27_Boston_Celtics_at_New_Orleans_Pelicans
2025-10-28,2025-10-28 23:00:00+00:00,Philadelphia 76ers,Washington Wizards,139,134,0,-5,https://www.basketball-reference.com/leagues/NBA_2026_games-october.html,KXNBAGAME-25OCT28PHIWAS-WAS,KXNBAGAME-25OCT28PHIWAS,Washington Wizards,2025-10-29 02:00:00+00:00,2025-10-26 17:07:00+00:00,0.0,3809275.0,historical,2025-10-28,53,available,0.355,0.35,0.36,0.36,0.010000000000000009,bid_ask_midpoint,2025-10-28T22:45:00+00:00,15.0,216783.0,1194.0,https://api.elections.kalshi.com/trade-api/v2/historical/markets/KXNBAGAME-25OCT28PHIWAS-WAS/candlesticks?start_ts=1761605100&end_ts=1761691500&period_interval=1,0,True,2025-10-28_Philadelphia_76ers_at_Washington_Wizards
2025-10-28,2025-10-28 23:30:00+00:00,Charlotte Hornets,Miami Heat,117,144,1,27,https://www.basketball-reference.com/leagues/NBA_2026_games-october.html,KXNBAGAME-25OCT28CHAMIA-MIA,KXNBAGAME-25OCT28CHAMIA,Miami Heat,2025-10-29 02:30:00+00:00,2025-10-26 17:07:00+00:00,1.0,1143739.0,historical,2025-10-28,54,available,0.625,0.62,0.63,0.63,0.010000000000000009,bid_ask_midpoint,2025-10-28T23:15:00+00:00,15.0,357061.0,1299.0,https://api.elections.kalshi.com/trade-api/v2/historical/markets/KXNBAGAME-25OCT28CHAMIA-MIA/candlesticks?start_ts=1761606900&end_ts=1761693300&period_interval=1,1,True,2025-10-28_Charlotte_Hornets_at_Miami_Heat
2025-10-28,2025-10-29 00:00:00+00:00,New York Knicks,Milwaukee Bucks,111,121,1,10,https://www.basketball-reference.com/leagues/NBA_2026_games-october.html,KXNBAGAME-25OCT28NYKMIL-MIL,KXNBAGAME-25OCT28NYKMIL,Milwaukee Bucks,2025-10-29 03:00:00+00:00,2025-10-26 17:07:00+00:00,1.0,2861735.0,historical,2025-10-28,55,missing,,,,,,,,,,,,1,True,2025-10-28_New_York_Knicks_at_Milwaukee_Bucks
2025-10-28,2025-10-29 00:00:00+00:00,Sacramento Kings,Oklahoma City Thunder,101,107,1,6,https://www.basketball-reference.com/leagues/NBA_2026_games-october.html,KXNBAGAME-25OCT28SACOKC-OKC,KXNBAGAME-25OCT28SACOKC,Oklahoma City Thunder,2025-10-29 03:00:00+00:00,2025-10-26 17:07:00+00:00,1.0,3777588.0,historical,2025-10-28,56,available,0.785,0.78,0.79,0.78,0.010000000000000009,bid_ask_midpoint,2025-10-28T23:45:00+00:00,15.0,436651.0,1322.0,https://api.elections.kalshi.com/trade-api/v2/historical/markets/KXNBAGAME-25OCT28SACOKC-OKC/candlesticks?start_ts=1761608700&end_ts=1761695100&period_interval=1,1,True,2025-10-28_Sacramento_Kings_at_Oklahoma_City_Thunder
2025-10-29,2025-10-30 01:00:00+00:00,Portland Trail Blazers,Utah Jazz,136,134,0,-2,https://www.basketball-reference.com/leagues/NBA_2026_games-october.html,KXNBAGAME-25OCT29PORUTA-UTA,KXNBAGAME-25OCT29PORUTA,Utah Jazz,2025-10-30 04:00:00+00:00,2025-10-27 17:07:00+00:00,0.0,2824078.0,historical,2025-10-30,58,available,0.435,0.43,0.44,0.44,0.010000000000000009,bid_ask_midpoint,2025-10-30T00:45:00+00:00,15.0,245752.0,1180.0,https://api.elections.kalshi.com/trade-api/v2/historical/markets/KXNBAGAME-25OCT29PORUTA-UTA/candlesticks?start_ts=1761698700&end_ts=1761785100&period_interval=1,0,True,2025-10-29_Portland_Trail_Blazers_at_Utah_Jazz
2025-10-29,2025-10-30 02:00:00+00:00,Memphis Grizzlies,Phoenix Suns,114,113,0,-1,https://www.basketball-reference.com/leagues/NBA_2026_games-october.html,KXNBAGAME-25OCT29MEMPHX-PHX,KXNBAGAME-25OCT29MEMPHX,Phoenix Suns,2025-10-30 05:00:00+00:00,2025-10-27 20:07:00+00:00,0.0,3810330.0,historical,2025-10-30,60,available,0.445,0.44,0.45,0.45,0.010000000000000009,bid_ask_midpoint,2025-10-30T01:45:00+00:00,15.0,217091.0,1226.0,https://api.elections.kalshi.com/trade-api/v2/historical/markets/KXNBAGAME-25OCT29MEMPHX-PHX/candlesticks?start_ts=1761702300&end_ts=1761788700&period_interval=1,0,True,2025-10-29_Memphis_Grizzlies_at_Phoenix_Suns
2025-10-29,2025-10-30 01:00:00+00:00,New Orleans Pelicans,Denver Nuggets,88,122,1,34,https://www.basketball-reference.com/leagues/NBA_2026_games-october.html,KXNBAGAME-25OCT29NOPDEN-DEN,KXNBAGAME-25OCT29NOPDEN,Denver Nuggets,2025-10-30 04:00:00+00:00,2025-10-27 17:07:00+00:00,1.0,660812.0,historical,2025-10-30,61,available,0.855,0.85,0.86,0.85,0.010000000000000009,bid_ask_midpoint,2025-10-30T00:45:00+00:00,15.0,231831.0,1215.0,https://api.elections.kalshi.com/trade-api/v2/historical/markets/KXNBAGAME-25OCT29NOPDEN-DEN/candlesticks?start_ts=1761698700&end_ts=1761785100&period_interval=1,1,True,2025-10-29_New_Orleans_Pelicans_at_Denver_Nuggets
2025-10-29,2025-10-30 00:30:00+00:00,Indiana Pacers,Dallas Mavericks,105,107,1,2,https://www.basketball-reference.com/leagues/NBA_2026_games-october.html,KXNBAGAME-25OCT29INDDAL-DAL,KXNBAGAME-25OCT29INDDAL,Dallas Mavericks,2025-10-30 03:30:00+00:00,2025-10-27 17:07:00+00:00,1.0,3700181.0,historical,2025-10-29,62,available,0.685,0.68,0.69,0.69,0.009999999999999898,bid_ask_midpoint,2025-10-30T00:15:00+00:00,15.0,227077.0,1178.0,https://api.elections.kalshi.com/trade-api/v2/historical/markets/KXNBAGAME-25OCT29INDDAL-DAL/candlesticks?start_ts=1761696900&end_ts=1761783300&period_interval=1,1,True,2025-10-29_Indiana_Pacers_at_Dallas_Mavericks
2025-10-29,2025-10-29 23:00:00+00:00,Cleveland Cavaliers,Boston Celtics,105,125,1,20,https://www.basketball-reference.com/leagues/NBA_2026_games-october.html,KXNBAGAME-25OCT29CLEBOS-BOS,KXNBAGAME-25OCT29CLEBOS,Boston Celtics,2025-10-30 02:00:00+00:00,2025-10-27 17:07:00+00:00,1.0,3403603.0,historical,2025-10-29,63,available,0.395,0.39,0.4,0.4,0.010000000000000009,bid_ask_midpoint,2025-10-29T22:45:00+00:00,15.0,810273.0,1215.0,https://api.elections.kalshi.com/trade-api/v2/historical/markets/KXNBAGAME-25OCT29CLEBOS-BOS/candlesticks?start_ts=1761691500&end_ts=1761777900&period_interval=1,1,True,2025-10-29_Cleveland_Cavaliers_at_Boston_Celtics
2025-10-29,2025-10-29 23:30:00+00:00,Atlanta Hawks,Brooklyn Nets,117,112,0,-5,https://www.basketball-reference.com/leagues/NBA_2026_games-october.html,KXNBAGAME-25OCT29ATLBKN-BKN,KXNBAGAME-25OCT29ATLBKN,Brooklyn Nets,2025-10-30 02:30:00+00:00,2025-10-27 17:07:00+00:00,0.0,1769729.0,historical,2025-10-29,64,available,0.265,0.26,0.27,0.27,0.010000000000000009,bid_ask_midpoint,2025-10-29T23:15:00+00:00,15.0,261031.0,1227.0,https://api.elections.kalshi.com/trade-api/v2/historical/markets/KXNBAGAME-25OCT29ATLBKN-BKN/candlesticks?start_ts=1761693300&end_ts=1761779700&period_interval=1,0,True,2025-10-29_Atlanta_Hawks_at_Brooklyn_Nets
2025-10-29,2025-10-29 23:00:00+00:00,Orlando Magic,Detroit Pistons,116,135,1,19,https://www.basketball-reference.com/leagues/NBA_2026_games-october.html,KXNBAGAME-25OCT29ORLDET-DET,KXNBAGAME-25OCT29ORLDET,Detroit Pistons,2025-10-30 02:00:00+00:00,2025-10-27 17:07:00+00:00,1.0,1983285.0,historical,2025-10-29,65,missing,,,,,,,,,,,,1,True,2025-10-29_Orlando_Magic_at_Detroit_Pistons
2025-10-29,2025-10-29 22:30:00+00:00,Houston Rockets,Toronto Raptors,139,121,0,-18,https://www.basketball-reference.com/leagues/NBA_2026_games-october.html,KXNBAGAME-25OCT29HOUTOR-TOR,KXNBAGAME-25OCT29HOUTOR,Toronto Raptors,2025-10-30 01:30:00+00:00,2025-10-27 17:07:00+00:00,0.0,2225057.0,historical,2025-10-29,66,available,0.315,0.31,0.32,0.31,0.010000000000000009,bid_ask_midpoint,2025-10-29T22:15:00+00:00,15.0,349884.0,1373.0,https://api.elections.kalshi.com/trade-api/v2/historical/markets/KXNBAGAME-25OCT29HOUTOR-TOR/candlesticks?start_ts=1761689700&end_ts=1761776100&period_interval=1,0,True,2025-10-29_Houston_Rockets_at_Toronto_Raptors
2025-10-29,2025-10-30 00:00:00+00:00,Sacramento Kings,Chicago Bulls,113,126,1,13,https://www.basketball-reference.com/leagues/NBA_2026_games-october.html,KXNBAGAME-25OCT29SACCHI-CHI,KXNBAGAME-25OCT29SACCHI,Chicago Bulls,2025-10-30 03:00:00+00:00,2025-10-27 17:07:00+00:00,1.0,1386979.0,historical,2025-10-29,67,available,0.625,0.62,0.63,0.63,0.010000000000000009,bid_ask_midpoint,2025-10-29T23:45:00+00:00,15.0,237492.0,1377.0,https://api.elections.kalshi.com/trade-api/v2/historical/markets/KXNBAGAME-25OCT29SACCHI-CHI/candlesticks?start_ts=1761695100&end_ts=1761781500&period_interval=1,1,True,2025-10-29_Sacramento_Kings_at_Chicago_Bulls
2025-10-30,2025-10-30 23:00:00+00:00,Orlando Magic,Charlotte Hornets,123,107,0,-16,https://www.basketball-reference.com/leagues/NBA_2026_games-october.html,KXNBAGAME-25OCT30ORLCHA-CHA,KXNBAGAME-25OCT30ORLCHA,Charlotte Hornets,2025-10-31 02:00:00+00:00,2025-10-28 17:06:00+00:00,0.0,2696063.0,historical,2025-10-30,68,available,0.425,0.42,0.43,0.43,0.010000000000000009,bid_ask_midpoint,2025-10-30T22:45:00+00:00,15.0,563775.0,1151.0,https://api.elections.kalshi.com/trade-api/v2/historical/markets/KXNBAGAME-25OCT30ORLCHA-CHA/candlesticks?start_ts=1761777900&end_ts=1761864300&period_interval=1,0,True,2025-10-30_Orlando_Magic_at_Charlotte_Hornets
2025-10-30,2025-10-31 00:00:00+00:00,Golden State Warriors,Milwaukee Bucks,110,120,1,10,https://www.basketball-reference.com/leagues/NBA_2026_games-october.html,KXNBAGAME-25OCT30GSWMIL-MIL,KXNBAGAME-25OCT30GSWMIL,Milwaukee Bucks,2025-10-31 03:00:00+00:00,2025-10-28 17:06:00+00:00,1.0,4168523.0,historical,2025-10-30,69,available,0.27,0.26,0.28,0.28,0.020000000000000018,bid_ask_midpoint,2025-10-30T23:45:00+00:00,15.0,629437.0,1256.0,https://api.elections.kalshi.com/trade-api/v2/historical/markets/KXNBAGAME-25OCT30GSWMIL-MIL/candlesticks?start_ts=1761781500&end_ts=1761867900&period_interval=1,1,True,2025-10-30_Golden_State_Warriors_at_Milwaukee_Bucks
2025-10-30,2025-10-31 00:00:00+00:00,Washington Wizards,Oklahoma City Thunder,108,127,1,19,https://www.basketball-reference.com/leagues/NBA_2026_games-october.html,KXNBAGAME-25OCT30WASOKC-OKC,KXNBAGAME-25OCT30WASOKC,Oklahoma City Thunder,2025-10-31 03:00:00+00:00,2025-10-28 17:06:00+00:00,1.0,717108.0,historical,2025-10-30,70,available,0.895,0.89,0.9,0.9,0.010000000000000009,bid_ask_midpoint,2025-10-30T23:45:00+00:00,15.0,274189.0,1184.0,https://api.elections.kalshi.com/trade-api/v2/historical/markets/KXNBAGAME-25OCT30WASOKC-OKC/candlesticks?start_ts=1761781500&end_ts=1761867900&period_interval=1,1,True,2025-10-30_Washington_Wizards_at_Oklahoma_City_Thunder
2025-10-30,2025-10-31 00:30:00+00:00,Miami Heat,San Antonio Spurs,101,107,1,6,https://www.basketball-reference.com/leagues/NBA_2026_games-october.html,KXNBAGAME-25OCT30MIASAS-SAS,KXNBAGAME-25OCT30MIASAS,San Antonio Spurs,2025-10-31 03:30:00+00:00,2025-10-28 17:06:00+00:00,1.0,3314783.0,historical,2025-10-30,71,available,0.685,0.68,0.69,0.69,0.009999999999999898,bid_ask_midpoint,2025-10-31T00:15:00+00:00,15.0,532641.0,1203.0,https://api.elections.kalshi.com/trade-api/v2/historical/markets/KXNBAGAME-25OCT30MIASAS-SAS/candlesticks?start_ts=1761783300&end_ts=1761869700&period_interval=1,1,True,2025-10-30_Miami_Heat_at_San_Antonio_Spurs
2025-10-31,2025-11-01 02:00:00+00:00,Denver Nuggets,Portland Trail Blazers,107,109,1,2,https://www.basketball-reference.com/leagues/NBA_2026_games-october.html,KXNBAGAME-25OCT31DENPOR-POR,KXNBAGAME-25OCT31DENPOR,Portland Trail Blazers,2025-11-01 05:00:00+00:00,2025-10-29 19:12:00+00:00,1.0,4143022.0,historical,2025-11-01,73,available,0.335,0.33,0.34,0.33,0.010000000000000009,bid_ask_midpoint,2025-11-01T01:45:00+00:00,15.0,208866.0,1339.0,https://api.elections.kalshi.com/trade-api/v2/historical/markets/KXNBAGAME-25OCT31DENPOR-POR/candlesticks?start_ts=1761875100&end_ts=1761961500&period_interval=1,1,True,2025-10-31_Denver_Nuggets_at_Portland_Trail_Blazers
2025-10-31,2025-11-01 02:00:00+00:00,Utah Jazz,Phoenix Suns,96,118,1,22,https://www.basketball-reference.com/leagues/NBA_2026_games-october.html,KXNBAGAME-25OCT31UTAPHX-PHX,KXNBAGAME-25OCT31UTAPHX,Phoenix Suns,2025-11-01 05:00:00+00:00,2025-10-29 19:12:00+00:00,1.0,1105115.0,historical,2025-11-01,74,available,0.585,0.58,0.59,0.59,0.010000000000000009,bid_ask_midpoint,2025-11-01T01:45:00+00:00,15.0,113996.0,1349.0,https://api.elections.kalshi.com/trade-api/v2/historical/markets/KXNBAGAME-25OCT31UTAPHX-PHX/candlesticks?start_ts=1761875100&end_ts=1761961500&period_interval=1,1,True,2025-10-31_Utah_Jazz_at_Phoenix_Suns
2025-10-31,2025-10-31 23:00:00+00:00,Atlanta Hawks,Indiana Pacers,128,108,0,-20,https://www.basketball-reference.com/leagues/NBA_2026_games-october.html,KXNBAGAME-25OCT31ATLIND-IND,KXNBAGAME-25OCT31ATLIND,Indiana Pacers,2025-11-01 02:00:00+00:00,2025-10-29 17:06:00+00:00,0.0,2275276.0,historical,2025-10-31,76,available,0.455,0.45,0.46,0.46,0.010000000000000009,bid_ask_midpoint,2025-10-31T22:45:00+00:00,15.0,766751.0,1325.0,https://api.elections.kalshi.com/trade-api/v2/historical/markets/KXNBAGAME-25OCT31ATLIND-IND/candlesticks?start_ts=1761864300&end_ts=1761950700&period_interval=1,0,True,2025-10-31_Atlanta_Hawks_at_Indiana_Pacers
2025-10-31,2025-10-31 23:30:00+00:00,Toronto Raptors,Cleveland Cavaliers,112,101,0,-11,https://www.basketball-reference.com/leagues/NBA_2026_games-october.html,KXNBAGAME-25OCT31TORCLE-CLE,KXNBAGAME-25OCT31TORCLE,Cleveland Cavaliers,2025-11-01 02:30:00+00:00,2025-10-29 17:06:00+00:00,0.0,2753633.0,historical,2025-10-31,77,available,0.625,0.62,0.63,0.63,0.010000000000000009,bid_ask_midpoint,2025-10-31T23:15:00+00:00,15.0,532617.0,1424.0,https://api.elections.kalshi.com/trade-api/v2/historical/markets/KXNBAGAME-25OCT31TORCLE-CLE/candlesticks?start_ts=1761866100&end_ts=1761952500&period_interval=1,0,True,2025-10-31_Toronto_Raptors_at_Cleveland_Cavaliers
2025-10-31,2025-10-31 23:00:00+00:00,Boston Celtics,Philadelphia 76ers,109,108,0,-1,https://www.basketball-reference.com/leagues/NBA_2026_games-october.html,KXNBAGAME-25OCT31BOSPHI-PHI,KXNBAGAME-25OCT31BOSPHI,Philadelphia 76ers,2025-11-01 02:00:00+00:00,2025-10-29 17:06:00+00:00,0.0,7811196.0,historical,2025-10-31,78,missing,,,,,,,,,,,,0,True,2025-10-31_Boston_Celtics_at_Philadelphia_76ers
2025-10-31,2025-11-01 00:00:00+00:00,New York Knicks,Chicago Bulls,125,135,1,10,https://www.basketball-reference.com/leagues/NBA_2026_games-october.html,KXNBAGAME-25OCT31NYKCHI-CHI,KXNBAGAME-25OCT31NYKCHI,Chicago Bulls,2025-11-01 03:00:00+00:00,2025-10-29 17:06:00+00:00,1.0,3465635.0,historical,2025-10-31,79,available,0.375,0.37,0.38,0.38,0.010000000000000009,bid_ask_midpoint,2025-10-31T23:45:00+00:00,15.0,553876.0,1299.0,https://api.elections.kalshi.com/trade-api/v2/historical/markets/KXNBAGAME-25OCT31NYKCHI-CHI/candlesticks?start_ts=1761867900&end_ts=1761954300&period_interval=1,1,True,2025-10-31_New_York_Knicks_at_Chicago_Bulls
2025-11-01,2025-11-02 02:00:00+00:00,Dallas Mavericks,Detroit Pistons,110,122,1,12,https://www.basketball-reference.com/leagues/NBA_2026_games-november.html,KXNBAGAME-25NOV01DALDET-DET,KXNBAGAME-25NOV01DALDET,Detroit Pistons,2025-11-02 05:00:00+00:00,2025-10-30 20:06:00+00:00,1.0,2145980.0,historical,2025-11-02,80,missing,,,,,,,,,,,,1,True,2025-11-01_Dallas_Mavericks_at_Detroit_Pistons
2025-11-01,2025-11-02 00:00:00+00:00,Houston Rockets,Boston Celtics,128,101,0,-27,https://www.basketball-reference.com/leagues/NBA_2026_games-november.html,KXNBAGAME-25NOV01HOUBOS-BOS,KXNBAGAME-25NOV01HOUBOS,Boston Celtics,2025-11-02 03:00:00+00:00,2025-10-30 17:06:00+00:00,0.0,1521233.0,historical,2025-11-01,81,available,0.355,0.35,0.36,0.36,0.010000000000000009,bid_ask_midpoint,2025-11-01T23:45:00+00:00,15.0,295131.0,1247.0,https://api.elections.kalshi.com/trade-api/v2/historical/markets/KXNBAGAME-25NOV01HOUBOS-BOS/candlesticks?start_ts=1761954300&end_ts=1762040700&period_interval=1,0,True,2025-11-01_Houston_Rockets_at_Boston_Celtics
2025-11-01,2025-11-01 23:00:00+00:00,Orlando Magic,Washington Wizards,125,94,0,-31,https://www.basketball-reference.com/leagues/NBA_2026_games-november.html,KXNBAGAME-25NOV01ORLWAS-WAS,KXNBAGAME-25NOV01ORLWAS,Washington Wizards,2025-11-02 02:00:00+00:00,2025-10-30 17:06:00+00:00,0.0,631146.0,historical,2025-11-01,82,missing,,,,,,,,,,,,0,True,2025-11-01_Orlando_Magic_at_Washington_Wizards
2025-11-01,2025-11-01 22:00:00+00:00,Minnesota Timberwolves,Charlotte Hornets,122,105,0,-17,https://www.basketball-reference.com/leagues/NBA_2026_games-november.html,KXNBAGAME-25NOV01MINCHA-CHA,KXNBAGAME-25NOV01MINCHA,Charlotte Hornets,2025-11-02 01:00:00+00:00,2025-10-30 14:06:00+00:00,0.0,1359145.0,historical,2025-11-01,83,missing,,,,,,,,,,,,0,True,2025-11-01_Minnesota_Timberwolves_at_Charlotte_Hornets
2025-11-01,2025-11-01 21:00:00+00:00,Sacramento Kings,Milwaukee Bucks,135,133,0,-2,https://www.basketball-reference.com/leagues/NBA_2026_games-november.html,KXNBAGAME-25NOV01SACMIL-MIL,KXNBAGAME-25NOV01SACMIL,Milwaukee Bucks,2025-11-02 00:00:00+00:00,2025-10-30 14:06:00+00:00,0.0,3716742.0,historical,2025-11-01,84,missing,,,,,,,,,,,,0,True,2025-11-01_Sacramento_Kings_at_Milwaukee_Bucks
2025-11-01,2025-11-01 23:00:00+00:00,Golden State Warriors,Indiana Pacers,109,114,1,5,https://www.basketball-reference.com/leagues/NBA_2026_games-november.html,KXNBAGAME-25NOV01GSWIND-IND,KXNBAGAME-25NOV01GSWIND,Indiana Pacers,2025-11-02 02:00:00+00:00,2025-10-30 17:06:00+00:00,1.0,2368978.0,historical,2025-11-01,85,available,0.195,0.19,0.2,0.2,0.010000000000000009,bid_ask_midpoint,2025-11-01T22:45:00+00:00,15.0,107804.0,1252.0,https://api.elections.kalshi.com/trade-api/v2/historical/markets/KXNBAGAME-25NOV01GSWIND-IND/candlesticks?start_ts=1761950700&end_ts=1762037100&period_interval=1,1,True,2025-11-01_Golden_State_Warriors_at_Indiana_Pacers
2025-11-02,2025-11-02 20:30:00+00:00,New Orleans Pelicans,Oklahoma City Thunder,106,137,1,31,https://www.basketball-reference.com/leagues/NBA_2026_games-november.html,KXNBAGAME-25NOV02NOPOKC-OKC,KXNBAGAME-25NOV02NOPOKC,Oklahoma City Thunder,2025-11-02 23:30:00+00:00,2025-10-31 14:06:00+00:00,1.0,750776.0,historical,2025-11-02,86,available,0.865,0.86,0.87,0.87,0.010000000000000009,bid_ask_midpoint,2025-11-02T20:15:00+00:00,15.0,320263.0,1331.0,https://api.elections.kalshi.com/trade-api/v2/historical/markets/KXNBAGAME-25NOV02NOPOKC-OKC/candlesticks?start_ts=1762028100&end_ts=1762114500&period_interval=1,1,True,2025-11-02_New_Orleans_Pelicans_at_Oklahoma_City_Thunder
2025-11-02,2025-11-02 23:00:00+00:00,Philadelphia 76ers,Brooklyn Nets,129,105,0,-24,https://www.basketball-reference.com/leagues/NBA_2026_games-november.html,KXNBAGAME-25NOV02PHIBKN-BKN,KXNBAGAME-25NOV02PHIBKN,Brooklyn Nets,2025-11-03 02:00:00+00:00,2025-10-31 17:06:00+00:00,0.0,877366.0,historical,2025-11-02,87,available,0.355,0.35,0.36,0.36,0.010000000000000009,bid_ask_midpoint,2025-11-02T22:45:00+00:00,15.0,136591.0,1210.0,https://api.elections.kalshi.com/trade-api/v2/historical/markets/KXNBAGAME-25NOV02PHIBKN-BKN/candlesticks?start_ts=1762037100&end_ts=1762123500&period_interval=1,0,True,2025-11-02_Philadelphia_76ers_at_Brooklyn_Nets
2025-11-02,2025-11-02 23:00:00+00:00,Utah Jazz,Charlotte Hornets,103,126,1,23,https://www.basketball-reference.com/leagues/NBA_2026_games-november.html,KXNBAGAME-25NOV02UTACHA-CHA,KXNBAGAME-25NOV02UTACHA,Charlotte Hornets,2025-11-03 02:00:00+00:00,2025-10-31 17:06:00+00:00,1.0,792051.0,historical,2025-11-02,88,available,0.475,0.47,0.48,0.48,0.010000000000000009,bid_ask_midpoint,2025-11-02T22:45:00+00:00,15.0,80299.0,1240.0,https://api.elections.kalshi.com/trade-api/v2/historical/markets/KXNBAGAME-25NOV02UTACHA-CHA/candlesticks?start_ts=1762037100&end_ts=1762123500&period_interval=1,1,True,2025-11-02_Utah_Jazz_at_Charlotte_Hornets
2025-11-02,2025-11-02 23:00:00+00:00,Atlanta Hawks,Cleveland Cavaliers,109,117,1,8,https://www.basketball-reference.com/leagues/NBA_2026_games-november.html,KXNBAGAME-25NOV02ATLCLE-CLE,KXNBAGAME-25NOV02ATLCLE,Cleveland Cavaliers,2025-11-03 02:00:00+00:00,2025-10-31 17:06:00+00:00,1.0,1745241.0,historical,2025-11-02,89,available,0.69,0.68,0.7,0.7,0.019999999999999907,bid_ask_midpoint,2025-11-02T22:45:00+00:00,15.0,207705.0,1275.0,https://api.elections.kalshi.com/trade-api/v2/historical/markets/KXNBAGAME-25NOV02ATLCLE-CLE/candlesticks?start_ts=1762037100&end_ts=1762123500&period_interval=1,1,True,2025-11-02_Atlanta_Hawks_at_Cleveland_Cavaliers
2025-11-02,2025-11-02 23:00:00+00:00,Memphis Grizzlies,Toronto Raptors,104,117,1,13,https://www.basketball-reference.com/leagues/NBA_2026_games-november.html,KXNBAGAME-25NOV02MEMTOR-TOR,KXNBAGAME-25NOV02MEMTOR,Toronto Raptors,2025-11-03 02:00:00+00:00,2025-10-31 17:06:00+00:00,1.0,653340.0,historical,2025-11-02,90,available,0.615,0.61,0.62,0.62,0.010000000000000009,bid_ask_midpoint,2025-11-02T22:45:00+00:00,15.0,81523.0,1274.0,https://api.elections.kalshi.com/trade-api/v2/historical/markets/KXNBAGAME-25NOV02MEMTOR-TOR/candlesticks?start_ts=1762037100&end_ts=1762123500&period_interval=1,1,True,2025-11-02_Memphis_Grizzlies_at_Toronto_Raptors
2025-11-02,2025-11-03 01:00:00+00:00,San Antonio Spurs,Phoenix Suns,118,130,1,12,https://www.basketball-reference.com/leagues/NBA_2026_games-november.html,KXNBAGAME-25NOV02SASPHX-PHX,KXNBAGAME-25NOV02SASPHX,Phoenix Suns,2025-11-03 04:00:00+00:00,2025-10-31 17:06:00+00:00,1.0,2823079.0,historical,2025-11-02,92,missing,,,,,,,,,,,,1,True,2025-11-02_San_Antonio_Spurs_at_Phoenix_Suns
2025-11-03,2025-11-04 02:00:00+00:00,Sacramento Kings,Denver Nuggets,124,130,1,6,https://www.basketball-reference.com/leagues/NBA_2026_games-november.html,KXNBAGAME-25NOV03SACDEN-DEN,KXNBAGAME-25NOV03SACDEN,Denver Nuggets,2025-11-04 05:00:00+00:00,2025-11-01 20:07:00+00:00,1.0,904369.0,historical,2025-11-04,96,missing,,,,,,,,,,,,1,True,2025-11-03_Sacramento_Kings_at_Denver_Nuggets
2025-11-03,2025-11-04 01:00:00+00:00,Detroit Pistons,Memphis Grizzlies,114,106,0,-8,https://www.basketball-reference.com/leagues/NBA_2026_games-november.html,KXNBAGAME-25NOV03DETMEM-MEM,KXNBAGAME-25NOV03DETMEM,Memphis Grizzlies,2025-11-04 04:00:00+00:00,2025-11-01 17:07:00+00:00,0.0,819146.0,historical,2025-11-03,97,missing,,,,,,,,,,,,0,True,2025-11-03_Detroit_Pistons_at_Memphis_Grizzlies
2025-11-03,2025-11-04 00:00:00+00:00,Minnesota Timberwolves,Brooklyn Nets,125,109,0,-16,https://www.basketball-reference.com/leagues/NBA_2026_games-november.html,KXNBAGAME-25NOV03MINBKN-BKN,KXNBAGAME-25NOV03MINBKN,Brooklyn Nets,2025-11-04 03:00:00+00:00,2025-11-01 17:07:00+00:00,0.0,1715040.0,historical,2025-11-03,98,available,0.215,0.21,0.22,0.22,0.010000000000000009,bid_ask_midpoint,2025-11-03T23:45:00+00:00,15.0,264392.0,1189.0,https://api.elections.kalshi.com/trade-api/v2/historical/markets/KXNBAGAME-25NOV03MINBKN-BKN/candlesticks?start_ts=1762127100&end_ts=1762213500&period_interval=1,0,True,2025-11-03_Minnesota_Timberwolves_at_Brooklyn_Nets
2025-11-03,2025-11-04 00:30:00+00:00,Utah Jazz,Boston Celtics,105,103,0,-2,https://www.basketball-reference.com/leagues/NBA_2026_games-november.html,KXNBAGAME-25NOV03UTABOS-BOS,KXNBAGAME-25NOV03UTABOS,Boston Celtics,2025-11-04 03:30:00+00:00,2025-11-01 17:07:00+00:00,0.0,2367282.0,historical,2025-11-03,100,available,0.815,0.81,0.82,0.82,0.009999999999999898,bid_ask_midpoint,2025-11-04T00:15:00+00:00,15.0,161960.0,1259.0,https://api.elections.kalshi.com/trade-api/v2/historical/markets/KXNBAGAME-25NOV03UTABOS-BOS/candlesticks?start_ts=1762128900&end_ts=1762215300&period_interval=1,0,True,2025-11-03_Utah_Jazz_at_Boston_Celtics
2025-11-03,2025-11-04 00:00:00+00:00,Milwaukee Bucks,Indiana Pacers,117,115,0,-2,https://www.basketball-reference.com/leagues/NBA_2026_games-november.html,KXNBAGAME-25NOV03MILIND-IND,KXNBAGAME-25NOV03MILIND,Indiana Pacers,2025-11-04 03:00:00+00:00,2025-11-01 17:07:00+00:00,0.0,1767826.0,historical,2025-11-03,101,available,0.325,0.32,0.33,0.33,0.010000000000000009,bid_ask_midpoint,2025-11-03T23:45:00+00:00,15.0,202285.0,1293.0,https://api.elections.kalshi.com/trade-api/v2/historical/markets/KXNBAGAME-25NOV03MILIND-IND/candlesticks?start_ts=1762127100&end_ts=1762213500&period_interval=1,0,True,2025-11-03_Milwaukee_Bucks_at_Indiana_Pacers
2025-11-03,2025-11-04 01:00:00+00:00,Dallas Mavericks,Houston Rockets,102,110,1,8,https://www.basketball-reference.com/leagues/NBA_2026_games-november.html,KXNBAGAME-25NOV03DALHOU-HOU,KXNBAGAME-25NOV03DALHOU,Houston Rockets,2025-11-04 04:00:00+00:00,2025-11-01 17:07:00+00:00,1.0,1192221.0,historical,2025-11-03,102,available,0.845,0.84,0.85,0.84,0.010000000000000009,bid_ask_midpoint,2025-11-04T00:45:00+00:00,15.0,116924.0,1198.0,https://api.elections.kalshi.com/trade-api/v2/historical/markets/KXNBAGAME-25NOV03DALHOU-HOU/candlesticks?start_ts=1762130700&end_ts=1762217100&period_interval=1,1,True,2025-11-03_Dallas_Mavericks_at_Houston_Rockets
2025-11-04,2025-11-05 03:00:00+00:00,Phoenix Suns,Golden State Warriors,107,118,1,11,https://www.basketball-reference.com/leagues/NBA_2026_games-november.html,KXNBAGAME-25NOV04PHXGSW-GSW,KXNBAGAME-25NOV04PHXGSW,Golden State Warriors,2025-11-05 06:00:00+00:00,2025-11-02 22:08:00+00:00,1.0,1922000.0,historical,2025-11-05,104,available,0.795,0.79,0.8,0.8,0.010000000000000009,bid_ask_midpoint,2025-11-05T02:45:00+00:00,15.0,448714.0,1386.0,https://api.elections.kalshi.com/trade-api/v2/historical/markets/KXNBAGAME-25NOV04PHXGSW-GSW/candlesticks?start_ts=1762224300&end_ts=1762310700&period_interval=1,1,True,2025-11-04_Phoenix_Suns_at_Golden_State_Warriors
2025-11-04,2025-11-05 01:00:00+00:00,Charlotte Hornets,New Orleans Pelicans,112,116,1,4,https://www.basketball-reference.com/leagues/NBA_2026_games-november.html,KXNBAGAME-25NOV04CHANOP-NOP,KXNBAGAME-25NOV04CHANOP,New Orleans Pelicans,2025-11-05 04:00:00+00:00,2025-11-02 19:07:00+00:00,1.0,2124275.0,historical,2025-11-04,105,available,0.575,0.57,0.58,0.58,0.010000000000000009,bid_ask_midpoint,2025-11-05T00:45:00+00:00,15.0,541143.0,1389.0,https://api.elections.kalshi.com/trade-api/v2/historical/markets/KXNBAGAME-25NOV04CHANOP-NOP/candlesticks?start_ts=1762217100&end_ts=1762303500&period_interval=1,1,True,2025-11-04_Charlotte_Hornets_at_New_Orleans_Pelicans
2025-11-04,2025-11-05 01:00:00+00:00,Orlando Magic,Atlanta Hawks,112,127,1,15,https://www.basketball-reference.com/leagues/NBA_2026_games-november.html,KXNBAGAME-25NOV04ORLATL-ATL,KXNBAGAME-25NOV04ORLATL,Atlanta Hawks,2025-11-05 04:00:00+00:00,2025-11-02 19:07:00+00:00,1.0,2213751.0,historical,2025-11-04,106,available,0.385,0.38,0.39,0.39,0.010000000000000009,bid_ask_midpoint,2025-11-05T00:45:00+00:00,15.0,115992.0,1346.0,https://api.elections.kalshi.com/trade-api/v2/historical/markets/KXNBAGAME-25NOV04ORLATL-ATL/candlesticks?start_ts=1762217100&end_ts=1762303500&period_interval=1,1,True,2025-11-04_Orlando_Magic_at_Atlanta_Hawks
2025-11-04,2025-11-05 00:30:00+00:00,Milwaukee Bucks,Toronto Raptors,100,128,1,28,https://www.basketball-reference.com/leagues/NBA_2026_games-november.html,KXNBAGAME-25NOV04MILTOR-TOR,KXNBAGAME-25NOV04MILTOR,Toronto Raptors,2025-11-05 03:30:00+00:00,2025-11-02 19:07:00+00:00,1.0,1419104.0,historical,2025-11-04,107,available,0.535,0.53,0.54,0.53,0.010000000000000009,bid_ask_midpoint,2025-11-05T00:15:00+00:00,15.0,295897.0,1381.0,https://api.elections.kalshi.com/trade-api/v2/historical/markets/KXNBAGAME-25NOV04MILTOR-TOR/candlesticks?start_ts=1762215300&end_ts=1762301700&period_interval=1,1,True,2025-11-04_Milwaukee_Bucks_at_Toronto_Raptors
2025-11-04,2025-11-05 01:00:00+00:00,Philadelphia 76ers,Chicago Bulls,111,113,1,2,https://www.basketball-reference.com/leagues/NBA_2026_games-november.html,KXNBAGAME-25NOV04PHICHI-CHI,KXNBAGAME-25NOV04PHICHI,Chicago Bulls,2025-11-05 04:00:00+00:00,2025-11-02 19:07:00+00:00,1.0,2903801.0,historical,2025-11-04,108,available,0.535,0.53,0.54,0.54,0.010000000000000009,bid_ask_midpoint,2025-11-05T00:45:00+00:00,15.0,304247.0,1389.0,https://api.elections.kalshi.com/trade-api/v2/historical/markets/KXNBAGAME-25NOV04PHICHI-CHI/candlesticks?start_ts=1762217100&end_ts=1762303500&period_interval=1,1,True,2025-11-04_Philadelphia_76ers_at_Chicago_Bulls
2025-11-05,2025-11-06 00:00:00+00:00,Philadelphia 76ers,Cleveland Cavaliers,121,132,1,11,https://www.basketball-reference.com/leagues/NBA_2026_games-november.html,KXNBAGAME-25NOV05PHICLE-CLE,KXNBAGAME-25NOV05PHICLE,Cleveland Cavaliers,2025-11-06 03:00:00+00:00,2025-11-03 19:06:00+00:00,1.0,1160301.0,historical,2025-11-05,109,available,0.795,0.79,0.8,0.79,0.010000000000000009,bid_ask_midpoint,2025-11-05T23:45:00+00:00,15.0,498720.0,1398.0,https://api.elections.kalshi.com/trade-api/v2/historical/markets/KXNBAGAME-25NOV05PHICLE-CLE/candlesticks?start_ts=1762299900&end_ts=1762386300&period_interval=1,1,True,2025-11-05_Philadelphia_76ers_at_Cleveland_Cavaliers
2025-11-05,2025-11-06 00:00:00+00:00,Utah Jazz,Detroit Pistons,103,114,1,11,https://www.basketball-reference.com/leagues/NBA_2026_games-november.html,KXNBAGAME-25NOV05UTADET-DET,KXNBAGAME-25NOV05UTADET,Detroit Pistons,2025-11-06 03:00:00+00:00,2025-11-03 19:06:00+00:00,1.0,915824.0,historical,2025-11-05,110,available,0.785,0.78,0.79,0.79,0.010000000000000009,bid_ask_midpoint,2025-11-05T23:45:00+00:00,15.0,119877.0,1314.0,https://api.elections.kalshi.com/trade-api/v2/historical/markets/KXNBAGAME-25NOV05UTADET-DET/candlesticks?start_ts=1762299900&end_ts=1762386300&period_interval=1,1,True,2025-11-05_Utah_Jazz_at_Detroit_Pistons
2025-11-05,2025-11-06 00:00:00+00:00,Brooklyn Nets,Indiana Pacers,112,103,0,-9,https://www.basketball-reference.com/leagues/NBA_2026_games-november.html,KXNBAGAME-25NOV05BKNIND-IND,KXNBAGAME-25NOV05BKNIND,Indiana Pacers,2025-11-06 03:00:00+00:00,2025-11-03 19:06:00+00:00,0.0,2249254.0,historical,2025-11-05,111,available,0.685,0.68,0.69,0.69,0.009999999999999898,bid_ask_midpoint,2025-11-05T23:45:00+00:00,15.0,223601.0,1230.0,https://api.elections.kalshi.com/trade-api/v2/historical/markets/KXNBAGAME-25NOV05BKNIND-IND/candlesticks?start_ts=1762299900&end_ts=1762386300&period_interval=1,0,True,2025-11-05_Brooklyn_Nets_at_Indiana_Pacers
2025-11-05,2025-11-06 00:30:00+00:00,Washington Wizards,Boston Celtics,107,136,1,29,https://www.basketball-reference.com/leagues/NBA_2026_games-november.html,KXNBAGAME-25NOV05WASBOS-BOS,KXNBAGAME-25NOV05WASBOS,Boston Celtics,2025-11-06 03:30:00+00:00,2025-11-03 19:06:00+00:00,1.0,532552.0,historical,2025-11-05,112,available,0.845,0.84,0.85,0.85,0.010000000000000009,bid_ask_midpoint,2025-11-06T00:15:00+00:00,15.0,197349.0,1234.0,https://api.elections.kalshi.com/trade-api/v2/historical/markets/KXNBAGAME-25NOV05WASBOS-BOS/candlesticks?start_ts=1762301700&end_ts=1762388100&period_interval=1,1,True,2025-11-05_Washington_Wizards_at_Boston_Celtics
2025-11-05,2025-11-06 01:00:00+00:00,Houston Rockets,Memphis Grizzlies,124,109,0,-15,https://www.basketball-reference.com/leagues/NBA_2026_games-november.html,KXNBAGAME-25NOV05HOUMEM-MEM,KXNBAGAME-25NOV05HOUMEM,Memphis Grizzlies,2025-11-06 04:00:00+00:00,2025-11-03 19:06:00+00:00,0.0,996106.0,historical,2025-11-05,114,available,0.265,0.26,0.27,0.27,0.010000000000000009,bid_ask_midpoint,2025-11-06T00:45:00+00:00,15.0,162606.0,1131.0,https://api.elections.kalshi.com/trade-api/v2/historical/markets/KXNBAGAME-25NOV05HOUMEM-MEM/candlesticks?start_ts=1762303500&end_ts=1762389900&period_interval=1,0,True,2025-11-05_Houston_Rockets_at_Memphis_Grizzlies
2025-11-05,2025-11-06 01:30:00+00:00,New Orleans Pelicans,Dallas Mavericks,101,99,0,-2,https://www.basketball-reference.com/leagues/NBA_2026_games-november.html,KXNBAGAME-25NOV05NOPDAL-DAL,KXNBAGAME-25NOV05NOPDAL,Dallas Mavericks,2025-11-06 04:30:00+00:00,2025-11-03 19:06:00+00:00,0.0,3254528.0,historical,2025-11-05,115,available,0.735,0.73,0.74,0.74,0.010000000000000009,bid_ask_midpoint,2025-11-06T01:15:00+00:00,15.0,206140.0,1133.0,https://api.elections.kalshi.com/trade-api/v2/historical/markets/KXNBAGAME-25NOV05NOPDAL-DAL/candlesticks?start_ts=1762305300&end_ts=1762391700&period_interval=1,0,True,2025-11-05_New_Orleans_Pelicans_at_Dallas_Mavericks
2025-11-05,2025-11-06 02:00:00+00:00,Miami Heat,Denver Nuggets,112,122,1,10,https://www.basketball-reference.com/leagues/NBA_2026_games-november.html,KXNBAGAME-25NOV05MIADEN-DEN,KXNBAGAME-25NOV05MIADEN,Denver Nuggets,2025-11-06 05:00:00+00:00,2025-11-03 19:06:00+00:00,1.0,1003276.0,historical,2025-11-06,116,available,0.775,0.77,0.78,0.78,0.010000000000000009,bid_ask_midpoint,2025-11-06T01:45:00+00:00,15.0,84496.0,1321.0,https://api.elections.kalshi.com/trade-api/v2/historical/markets/KXNBAGAME-25NOV05MIADEN-DEN/candlesticks?start_ts=1762307100&end_ts=1762393500&period_interval=1,1,True,2025-11-05_Miami_Heat_at_Denver_Nuggets
2025-11-05,2025-11-06 03:00:00+00:00,Oklahoma City Thunder,Portland Trail Blazers,119,121,1,2,https://www.basketball-reference.com/leagues/NBA_2026_games-november.html,KXNBAGAME-25NOV05OKCPOR-POR,KXNBAGAME-25NOV05OKCPOR,Portland Trail Blazers,2025-11-06 06:00:00+00:00,2025-11-03 22:07:00+00:00,1.0,3989983.0,historical,2025-11-06,118,available,0.385,0.38,0.39,0.39,0.010000000000000009,bid_ask_midpoint,2025-11-06T02:45:00+00:00,15.0,389422.0,1303.0,https://api.elections.kalshi.com/trade-api/v2/historical/markets/KXNBAGAME-25NOV05OKCPOR-POR/candlesticks?start_ts=1762310700&end_ts=1762397100&period_interval=1,1,True,2025-11-05_Oklahoma_City_Thunder_at_Portland_Trail_Blazers
2025-11-05,2025-11-06 03:00:00+00:00,Golden State Warriors,Sacramento Kings,116,121,1,5,https://www.basketball-reference.com/leagues/NBA_2026_games-november.html,KXNBAGAME-25NOV05GSWSAC-SAC,KXNBAGAME-25NOV05GSWSAC,Sacramento Kings,2025-11-06 06:00:00+00:00,2025-11-03 22:07:00+00:00,1.0,3030446.0,historical,2025-11-06,119,available,0.565,0.56,0.57,0.56,0.009999999999999898,bid_ask_midpoint,2025-11-06T02:45:00+00:00,15.0,400416.0,1298.0,https://api.elections.kalshi.com/trade-api/v2/historical/markets/KXNBAGAME-25NOV05GSWSAC-SAC/candlesticks?start_ts=1762310700&end_ts=1762397100&period_interval=1,1,True,2025-11-05_Golden_State_Warriors_at_Sacramento_Kings
2025-11-07,2025-11-08 01:00:00+00:00,Chicago Bulls,Milwaukee Bucks,110,126,1,16,https://www.basketball-reference.com/leagues/NBA_2026_games-november.html,KXNBAGAME-25NOV07CHIMIL-MIL,KXNBAGAME-25NOV07CHIMIL,Milwaukee Bucks,2025-11-08 04:00:00+00:00,2025-11-06 07:06:00+00:00,1.0,1221159.0,historical,2025-11-07,121,available,0.615,0.61,0.62,0.62,0.010000000000000009,bid_ask_midpoint,2025-11-08T00:45:00+00:00,15.0,189179.0,1377.0,https://api.elections.kalshi.com/trade-api/v2/historical/markets/KXNBAGAME-25NOV07CHIMIL-MIL/candlesticks?start_ts=1762476300&end_ts=1762562700&period_interval=1,1,True,2025-11-07_Chicago_Bulls_at_Milwaukee_Bucks
2025-11-07,2025-11-08 01:00:00+00:00,Utah Jazz,Minnesota Timberwolves,97,137,1,40,https://www.basketball-reference.com/leagues/NBA_2026_games-november.html,KXNBAGAME-25NOV07UTAMIN-MIN,KXNBAGAME-25NOV07UTAMIN,Minnesota Timberwolves,2025-11-08 04:00:00+00:00,2025-11-06 07:06:00+00:00,1.0,240416.0,historical,2025-11-07,122,available,0.845,0.84,0.85,,0.010000000000000009,bid_ask_midpoint,2025-11-08T00:45:00+00:00,15.0,136977.0,1352.0,https://api.elections.kalshi.com/trade-api/v2/historical/markets/KXNBAGAME-25NOV07UTAMIN-MIN/candlesticks?start_ts=1762476300&end_ts=1762562700&period_interval=1,1,True,2025-11-07_Utah_Jazz_at_Minnesota_Timberwolves
2025-11-07,2025-11-08 00:30:00+00:00,Houston Rockets,San Antonio Spurs,110,121,1,11,https://www.basketball-reference.com/leagues/NBA_2026_games-november.html,KXNBAGAME-25NOV07HOUSAS-SAS,KXNBAGAME-25NOV07HOUSAS,San Antonio Spurs,2025-11-08 03:30:00+00:00,2025-11-06 07:06:00+00:00,1.0,3163958.0,historical,2025-11-07,123,available,0.385,0.38,0.39,0.39,0.010000000000000009,bid_ask_midpoint,2025-11-08T00:15:00+00:00,15.0,448593.0,1315.0,https://api.elections.kalshi.com/trade-api/v2/historical/markets/KXNBAGAME-25NOV07HOUSAS-SAS/candlesticks?start_ts=1762474500&end_ts=1762560900&period_interval=1,1,True,2025-11-07_Houston_Rockets_at_San_Antonio_Spurs
2025-11-07,2025-11-08 03:00:00+00:00,Oklahoma City Thunder,Sacramento Kings,132,101,0,-31,https://www.basketball-reference.com/leagues/NBA_2026_games-november.html,KXNBAGAME-25NOV07OKCSAC-SAC,KXNBAGAME-25NOV07OKCSAC,Sacramento Kings,2025-11-08 06:00:00+00:00,2025-11-06 07:07:00+00:00,0.0,558243.0,historical,2025-11-08,124,available,0.175,0.17,0.18,,0.009999999999999981,bid_ask_midpoint,2025-11-08T02:45:00+00:00,15.0,38207.0,1441.0,https://api.elections.kalshi.com/trade-api/v2/historical/markets/KXNBAGAME-25NOV07OKCSAC-SAC/candlesticks?start_ts=1762483500&end_ts=1762569900&period_interval=1,0,True,2025-11-07_Oklahoma_City_Thunder_at_Sacramento_Kings
2025-11-07,2025-11-08 03:00:00+00:00,Golden State Warriors,Denver Nuggets,104,129,1,25,https://www.basketball-reference.com/leagues/NBA_2026_games-november.html,KXNBAGAME-25NOV07GSWDEN-DEN,KXNBAGAME-25NOV07GSWDEN,Denver Nuggets,2025-11-08 06:00:00+00:00,2025-11-06 07:07:00+00:00,1.0,3873637.0,historical,2025-11-08,125,available,0.805,0.8,0.81,0.81,0.010000000000000009,bid_ask_midpoint,2025-11-08T02:45:00+00:00,15.0,1225613.0,1415.0,https://api.elections.kalshi.com/trade-api/v2/historical/markets/KXNBAGAME-25NOV07GSWDEN-DEN/candlesticks?start_ts=1762483500&end_ts=1762569900&period_interval=1,1,True,2025-11-07_Golden_State_Warriors_at_Denver_Nuggets
2025-11-07,2025-11-08 01:00:00+00:00,Charlotte Hornets,Miami Heat,108,126,1,18,https://www.basketball-reference.com/leagues/NBA_2026_games-november.html,KXNBAGAME-25NOV07CHAMIA-MIA,KXNBAGAME-25NOV07CHAMIA,Miami Heat,2025-11-08 04:00:00+00:00,2025-11-06 07:06:00+00:00,1.0,1216321.0,historical,2025-11-07,126,available,0.705,0.7,0.71,,0.010000000000000009,bid_ask_midpoint,2025-11-08T00:45:00+00:00,15.0,244827.0,1380.0,https://api.elections.kalshi.com/trade-api/v2/historical/markets/KXNBAGAME-25NOV07CHAMIA-MIA/candlesticks?start_ts=1762476300&end_ts=1762562700&period_interval=1,1,True,2025-11-07_Charlotte_Hornets_at_Miami_Heat
2025-11-07,2025-11-08 00:30:00+00:00,Toronto Raptors,Atlanta Hawks,109,97,0,-12,https://www.basketball-reference.com/leagues/NBA_2026_games-november.html,KXNBAGAME-25NOV07TORATL-ATL,KXNBAGAME-25NOV07TORATL,Atlanta Hawks,2025-11-08 03:30:00+00:00,2025-11-06 07:06:00+00:00,0.0,1304661.0,historical,2025-11-07,127,available,0.555,0.55,0.56,0.56,0.010000000000000009,bid_ask_midpoint,2025-11-08T00:15:00+00:00,15.0,145509.0,1264.0,https://api.elections.kalshi.com/trade-api/v2/historical/markets/KXNBAGAME-25NOV07TORATL-ATL/candlesticks?start_ts=1762474500&end_ts=1762560900&period_interval=1,0,True,2025-11-07_Toronto_Raptors_at_Atlanta_Hawks
2025-11-07,2025-11-08 00:30:00+00:00,Detroit Pistons,Brooklyn Nets,125,107,0,-18,https://www.basketball-reference.com/leagues/NBA_2026_games-november.html,KXNBAGAME-25NOV07DETBKN-BKN,KXNBAGAME-25NOV07DETBKN,Brooklyn Nets,2025-11-08 03:30:00+00:00,2025-11-06 07:06:00+00:00,0.0,1015310.0,historical,2025-11-07,128,missing,,,,,,,,,,,,0,True,2025-11-07_Detroit_Pistons_at_Brooklyn_Nets
2025-11-07,2025-11-08 00:00:00+00:00,Cleveland Cavaliers,Washington Wizards,148,115,0,-33,https://www.basketball-reference.com/leagues/NBA_2026_games-november.html,KXNBAGAME-25NOV07CLEWAS-WAS,KXNBAGAME-25NOV07CLEWAS,Washington Wizards,2025-11-08 03:00:00+00:00,2025-11-06 07:06:00+00:00,0.0,969522.0,historical,2025-11-07,129,missing,,,,,,,,,,,,0,True,2025-11-07_Cleveland_Cavaliers_at_Washington_Wizards
2025-11-07,2025-11-08 00:00:00+00:00,Boston Celtics,Orlando Magic,110,123,1,13,https://www.basketball-reference.com/leagues/NBA_2026_games-november.html,KXNBAGAME-25NOV07BOSORL-ORL,KXNBAGAME-25NOV07BOSORL,Orlando Magic,2025-11-08 03:00:00+00:00,2025-11-06 07:06:00+00:00,1.0,1999285.0,historical,2025-11-07,130,missing,,,,,,,,,,,,1,True,2025-11-07_Boston_Celtics_at_Orlando_Magic
2025-11-07,2025-11-08 01:00:00+00:00,Dallas Mavericks,Memphis Grizzlies,104,118,1,14,https://www.basketball-reference.com/leagues/NBA_2026_games-november.html,KXNBAGAME-25NOV07DALMEM-MEM,KXNBAGAME-25NOV07DALMEM,Memphis Grizzlies,2025-11-08 04:00:00+00:00,2025-11-06 07:06:00+00:00,1.0,349772.0,historical,2025-11-07,131,available,0.625,0.62,0.63,0.63,0.010000000000000009,bid_ask_midpoint,2025-11-08T00:45:00+00:00,15.0,84317.0,1134.0,https://api.elections.kalshi.com/trade-api/v2/historical/markets/KXNBAGAME-25NOV07DALMEM-MEM/candlesticks?start_ts=1762476300&end_ts=1762562700&period_interval=1,1,True,2025-11-07_Dallas_Mavericks_at_Memphis_Grizzlies
2025-11-08,2025-11-09 00:00:00+00:00,Dallas Mavericks,Washington Wizards,111,105,0,-6,https://www.basketball-reference.com/leagues/NBA_2026_games-november.html,KXNBAGAME-25NOV08DALWAS-WAS,KXNBAGAME-25NOV08DALWAS,Washington Wizards,2025-11-09 03:00:00+00:00,2025-11-06 16:06:00+00:00,0.0,1575568.0,historical,2025-11-08,132,available,0.385,0.38,0.39,0.39,0.010000000000000009,bid_ask_midpoint,2025-11-08T23:45:00+00:00,15.0,159211.0,1391.0,https://api.elections.kalshi.com/trade-api/v2/historical/markets/KXNBAGAME-25NOV08DALWAS-WAS/candlesticks?start_ts=1762559100&end_ts=1762645500&period_interval=1,0,True,2025-11-08_Dallas_Mavericks_at_Washington_Wizards
2025-11-08,2025-11-09 00:30:00+00:00,Toronto Raptors,Philadelphia 76ers,120,130,1,10,https://www.basketball-reference.com/leagues/NBA_2026_games-november.html,KXNBAGAME-25NOV08TORPHI-PHI,KXNBAGAME-25NOV08TORPHI,Philadelphia 76ers,2025-11-09 03:30:00+00:00,2025-11-06 16:06:00+00:00,1.0,1939292.0,historical,2025-11-08,133,available,0.645,0.64,0.65,0.65,0.010000000000000009,bid_ask_midpoint,2025-11-09T00:15:00+00:00,15.0,245216.0,1388.0,https://api.elections.kalshi.com/trade-api/v2/historical/markets/KXNBAGAME-25NOV08TORPHI-PHI/candlesticks?start_ts=1762560900&end_ts=1762647300&period_interval=1,1,True,2025-11-08_Toronto_Raptors_at_Philadelphia_76ers
2025-11-08,2025-11-09 01:00:00+00:00,Chicago Bulls,Cleveland Cavaliers,122,128,1,6,https://www.basketball-reference.com/leagues/NBA_2026_games-november.html,KXNBAGAME-25NOV08CHICLE-CLE,KXNBAGAME-25NOV08CHICLE,Cleveland Cavaliers,2025-11-09 04:00:00+00:00,2025-11-06 16:06:00+00:00,1.0,1294812.0,historical,2025-11-08,135,available,0.755,0.75,0.76,0.76,0.010000000000000009,bid_ask_midpoint,2025-11-09T00:45:00+00:00,15.0,41602.0,1398.0,https://api.elections.kalshi.com/trade-api/v2/historical/markets/KXNBAGAME-25NOV08CHICLE-CLE/candlesticks?start_ts=1762562700&end_ts=1762649100&period_interval=1,1,True,2025-11-08_Chicago_Bulls_at_Cleveland_Cavaliers
2025-11-08,2025-11-09 01:00:00+00:00,Portland Trail Blazers,Miami Heat,131,136,1,5,https://www.basketball-reference.com/leagues/NBA_2026_games-november.html,KXNBAGAME-25NOV08PORMIA-MIA,KXNBAGAME-25NOV08PORMIA,Miami Heat,2025-11-09 04:00:00+00:00,2025-11-06 16:06:00+00:00,1.0,1228190.0,historical,2025-11-08,136,available,0.415,0.41,0.42,0.42,0.010000000000000009,bid_ask_midpoint,2025-11-09T00:45:00+00:00,15.0,125928.0,1346.0,https://api.elections.kalshi.com/trade-api/v2/historical/markets/KXNBAGAME-25NOV08PORMIA-MIA/candlesticks?start_ts=1762562700&end_ts=1762649100&period_interval=1,1,True,2025-11-08_Portland_Trail_Blazers_at_Miami_Heat
2025-11-08,2025-11-09 01:00:00+00:00,New Orleans Pelicans,San Antonio Spurs,119,126,1,7,https://www.basketball-reference.com/leagues/NBA_2026_games-november.html,KXNBAGAME-25NOV08NOPSAS-SAS,KXNBAGAME-25NOV08NOPSAS,San Antonio Spurs,2025-11-09 04:00:00+00:00,2025-11-06 16:06:00+00:00,1.0,885502.0,historical,2025-11-08,137,available,0.835,0.83,0.84,,0.010000000000000009,bid_ask_midpoint,2025-11-09T00:45:00+00:00,15.0,324021.0,1357.0,https://api.elections.kalshi.com/trade-api/v2/historical/markets/KXNBAGAME-25NOV08NOPSAS-SAS/candlesticks?start_ts=1762562700&end_ts=1762649100&period_interval=1,1,True,2025-11-08_New_Orleans_Pelicans_at_San_Antonio_Spurs
2025-11-08,2025-11-09 02:00:00+00:00,Indiana Pacers,Denver Nuggets,100,117,1,17,https://www.basketball-reference.com/leagues/NBA_2026_games-november.html,KXNBAGAME-25NOV08INDDEN-DEN,KXNBAGAME-25NOV08INDDEN,Denver Nuggets,2025-11-09 05:00:00+00:00,2025-11-06 19:06:00+00:00,1.0,1260223.0,historical,2025-11-09,138,missing,,,,,,,,,,,,1,True,2025-11-08_Indiana_Pacers_at_Denver_Nuggets
2025-11-09,2025-11-10 02:00:00+00:00,Minnesota Timberwolves,Sacramento Kings,144,117,0,-27,https://www.basketball-reference.com/leagues/NBA_2026_games-november.html,KXNBAGAME-25NOV09MINSAC-SAC,KXNBAGAME-25NOV09MINSAC,Sacramento Kings,2025-11-10 05:00:00+00:00,2025-11-07 19:07:00+00:00,0.0,849603.0,historical,2025-11-10,140,missing,,,,,,,,,,,,0,True,2025-11-09_Minnesota_Timberwolves_at_Sacramento_Kings
2025-11-09,2025-11-10 00:30:00+00:00,Detroit Pistons,Philadelphia 76ers,111,108,0,-3,https://www.basketball-reference.com/leagues/NBA_2026_games-november.html,KXNBAGAME-25NOV09DETPHI-PHI,KXNBAGAME-25NOV09DETPHI,Philadelphia 76ers,2025-11-10 03:30:00+00:00,2025-11-07 16:07:00+00:00,0.0,3274282.0,historical,2025-11-09,141,available,0.385,0.38,0.39,0.39,0.010000000000000009,bid_ask_midpoint,2025-11-10T00:15:00+00:00,15.0,254364.0,1370.0,https://api.elections.kalshi.com/trade-api/v2/historical/markets/KXNBAGAME-25NOV09DETPHI-PHI/candlesticks?start_ts=1762647300&end_ts=1762733700&period_interval=1,0,True,2025-11-09_Detroit_Pistons_at_Philadelphia_76ers
2025-11-09,2025-11-09 23:00:00+00:00,Boston Celtics,Orlando Magic,111,107,0,-4,https://www.basketball-reference.com/leagues/NBA_2026_games-november.html,KXNBAGAME-25NOV09BOSORL-ORL,KXNBAGAME-25NOV09BOSORL,Orlando Magic,2025-11-10 02:00:00+00:00,2025-11-07 16:07:00+00:00,0.0,2282341.0,historical,2025-11-09,142,available,0.585,0.58,0.59,0.59,0.010000000000000009,bid_ask_midpoint,2025-11-09T22:45:00+00:00,15.0,112525.0,1254.0,https://api.elections.kalshi.com/trade-api/v2/historical/markets/KXNBAGAME-25NOV09BOSORL-ORL/candlesticks?start_ts=1762641900&end_ts=1762728300&period_interval=1,0,True,2025-11-09_Boston_Celtics_at_Orlando_Magic
2025-11-09,2025-11-10 01:30:00+00:00,Indiana Pacers,Golden State Warriors,83,114,1,31,https://www.basketball-reference.com/leagues/NBA_2026_games-november.html,KXNBAGAME-25NOV09INDGSW-GSW,KXNBAGAME-25NOV09INDGSW,Golden State Warriors,2025-11-10 04:30:00+00:00,2025-11-07 19:07:00+00:00,1.0,1312060.0,historical,2025-11-09,143,missing,,,,,,,,,,,,1,True,2025-11-09_Indiana_Pacers_at_Golden_State_Warriors
2025-11-09,2025-11-09 23:00:00+00:00,Oklahoma City Thunder,Memphis Grizzlies,114,100,0,-14,https://www.basketball-reference.com/leagues/NBA_2026_games-november.html,KXNBAGAME-25NOV09OKCMEM-MEM,KXNBAGAME-25NOV09OKCMEM,Memphis Grizzlies,2025-11-10 02:00:00+00:00,2025-11-07 16:07:00+00:00,0.0,2724752.0,historical,2025-11-09,144,available,0.185,0.18,0.19,0.19,0.010000000000000009,bid_ask_midpoint,2025-11-09T22:45:00+00:00,15.0,159480.0,1413.0,https://api.elections.kalshi.com/trade-api/v2/historical/markets/KXNBAGAME-25NOV09OKCMEM-MEM/candlesticks?start_ts=1762641900&end_ts=1762728300&period_interval=1,0,True,2025-11-09_Oklahoma_City_Thunder_at_Memphis_Grizzlies
2025-11-09,2025-11-09 20:30:00+00:00,Houston Rockets,Milwaukee Bucks,122,115,0,-7,https://www.basketball-reference.com/leagues/NBA_2026_games-november.html,KXNBAGAME-25NOV09HOUMIL-MIL,KXNBAGAME-25NOV09HOUMIL,Milwaukee Bucks,2025-11-09 23:30:00+00:00,2025-11-07 13:07:00+00:00,0.0,3332437.0,historical,2025-11-09,145,available,0.395,0.39,0.4,0.4,0.010000000000000009,bid_ask_midpoint,2025-11-09T20:15:00+00:00,15.0,136132.0,1377.0,https://api.elections.kalshi.com/trade-api/v2/historical/markets/KXNBAGAME-25NOV09HOUMIL-MIL/candlesticks?start_ts=1762632900&end_ts=1762719300&period_interval=1,0,True,2025-11-09_Houston_Rockets_at_Milwaukee_Bucks
2025-11-10,2025-11-11 02:00:00+00:00,Minnesota Timberwolves,Utah Jazz,120,113,0,-7,https://www.basketball-reference.com/leagues/NBA_2026_games-november.html,KXNBAGAME-25NOV10MINUTA-UTA,KXNBAGAME-25NOV10MINUTA,Utah Jazz,2025-11-11 05:00:00+00:00,2025-11-08 19:05:00+00:00,0.0,1103290.0,historical,2025-11-11,148,available,0.275,0.27,0.28,,0.010000000000000009,bid_ask_midpoint,2025-11-11T01:45:00+00:00,15.0,36153.0,1381.0,https://api.elections.kalshi.com/trade-api/v2/historical/markets/KXNBAGAME-25NOV10MINUTA-UTA/candlesticks?start_ts=1762739100&end_ts=1762825500&period_interval=1,0,True,2025-11-10_Minnesota_Timberwolves_at_Utah_Jazz
2025-11-10,2025-11-11 01:30:00+00:00,Milwaukee Bucks,Dallas Mavericks,116,114,0,-2,https://www.basketball-reference.com/leagues/NBA_2026_games-november.html,KXNBAGAME-25NOV10MILDAL-DAL,KXNBAGAME-25NOV10MILDAL,Dallas Mavericks,2025-11-11 04:30:00+00:00,2025-11-08 19:05:00+00:00,0.0,1965154.0,historical,2025-11-10,149,available,0.395,0.39,0.4,0.4,0.010000000000000009,bid_ask_midpoint,2025-11-11T01:15:00+00:00,15.0,199302.0,1392.0,https://api.elections.kalshi.com/trade-api/v2/historical/markets/KXNBAGAME-25NOV10MILDAL-DAL/candlesticks?start_ts=1762737300&end_ts=1762823700&period_interval=1,0,True,2025-11-10_Milwaukee_Bucks_at_Dallas_Mavericks
2025-11-10,2025-11-11 01:00:00+00:00,San Antonio Spurs,Chicago Bulls,121,117,0,-4,https://www.basketball-reference.com/leagues/NBA_2026_games-november.html,KXNBAGAME-25NOV10SASCHI-CHI,KXNBAGAME-25NOV10SASCHI,Chicago Bulls,2025-11-11 04:00:00+00:00,2025-11-08 16:05:00+00:00,0.0,1833128.0,historical,2025-11-10,150,available,0.355,0.35,0.36,,0.010000000000000009,bid_ask_midpoint,2025-11-11T00:45:00+00:00,15.0,210401.0,1385.0,https://api.elections.kalshi.com/trade-api/v2/historical/markets/KXNBAGAME-25NOV10SASCHI-CHI/candlesticks?start_ts=1762735500&end_ts=1762821900&period_interval=1,0,True,2025-11-10_San_Antonio_Spurs_at_Chicago_Bulls
2025-11-10,2025-11-11 02:00:00+00:00,New Orleans Pelicans,Phoenix Suns,98,121,1,23,https://www.basketball-reference.com/leagues/NBA_2026_games-november.html,KXNBAGAME-25NOV10NOPPHX-PHX,KXNBAGAME-25NOV10NOPPHX,Phoenix Suns,2025-11-11 05:00:00+00:00,2025-11-08 19:05:00+00:00,1.0,393738.0,historical,2025-11-11,151,missing,,,,,,,,,,,,1,True,2025-11-10_New_Orleans_Pelicans_at_Phoenix_Suns
2025-11-10,2025-11-11 00:00:00+00:00,Portland Trail Blazers,Orlando Magic,112,115,1,3,https://www.basketball-reference.com/leagues/NBA_2026_games-november.html,KXNBAGAME-25NOV10PORORL-ORL,KXNBAGAME-25NOV10PORORL,Orlando Magic,2025-11-11 03:00:00+00:00,2025-11-08 16:05:00+00:00,1.0,1946689.0,historical,2025-11-10,152,available,0.545,0.54,0.55,0.55,0.010000000000000009,bid_ask_midpoint,2025-11-10T23:45:00+00:00,15.0,238441.0,1402.0,https://api.elections.kalshi.com/trade-api/v2/historical/markets/KXNBAGAME-25NOV10PORORL-ORL/candlesticks?start_ts=1762731900&end_ts=1762818300&period_interval=1,1,True,2025-11-10_Portland_Trail_Blazers_at_Orlando_Magic
2025-11-10,2025-11-11 00:00:00+00:00,Washington Wizards,Detroit Pistons,135,137,1,2,https://www.basketball-reference.com/leagues/NBA_2026_games-november.html,KXNBAGAME-25NOV10WASDET-DET,KXNBAGAME-25NOV10WASDET,Detroit Pistons,2025-11-11 03:00:00+00:00,2025-11-08 16:05:00+00:00,1.0,4083804.0,historical,2025-11-10,153,missing,,,,,,,,,,,,1,True,2025-11-10_Washington_Wizards_at_Detroit_Pistons
2025-11-10,2025-11-11 00:30:00+00:00,Cleveland Cavaliers,Miami Heat,138,140,1,2,https://www.basketball-reference.com/leagues/NBA_2026_games-november.html,KXNBAGAME-25NOV10CLEMIA-MIA,KXNBAGAME-25NOV10CLEMIA,Miami Heat,2025-11-11 03:30:00+00:00,2025-11-08 16:05:00+00:00,1.0,3193551.0,historical,2025-11-10,155,missing,,,,,,,,,,,,1,True,2025-11-10_Cleveland_Cavaliers_at_Miami_Heat
2025-11-11,2025-11-12 00:30:00+00:00,Toronto Raptors,Brooklyn Nets,119,109,0,-10,https://www.basketball-reference.com/leagues/NBA_2026_games-november.html,KXNBAGAME-25NOV11TORBKN-BKN,KXNBAGAME-25NOV11TORBKN,Brooklyn Nets,2025-11-12 03:30:00+00:00,2025-11-09 16:05:00+00:00,0.0,1964595.0,historical,2025-11-11,156,available,0.215,0.21,0.22,0.22,0.010000000000000009,bid_ask_midpoint,2025-11-12T00:15:00+00:00,15.0,235790.0,1355.0,https://api.elections.kalshi.com/trade-api/v2/historical/markets/KXNBAGAME-25NOV11TORBKN-BKN/candlesticks?start_ts=1762820100&end_ts=1762906500&period_interval=1,0,True,2025-11-11_Toronto_Raptors_at_Brooklyn_Nets
2025-11-11,2025-11-12 01:00:00+00:00,Golden State Warriors,Oklahoma City Thunder,102,126,1,24,https://www.basketball-reference.com/leagues/NBA_2026_games-november.html,KXNBAGAME-25NOV11GSWOKC-OKC,KXNBAGAME-25NOV11GSWOKC,Oklahoma City Thunder,2025-11-12 04:00:00+00:00,2025-11-09 16:05:00+00:00,1.0,1280157.0,historical,2025-11-11,158,available,0.735,0.73,0.74,0.74,0.010000000000000009,bid_ask_midpoint,2025-11-12T00:45:00+00:00,15.0,349974.0,1388.0,https://api.elections.kalshi.com/trade-api/v2/historical/markets/KXNBAGAME-25NOV11GSWOKC-OKC/candlesticks?start_ts=1762821900&end_ts=1762908300&period_interval=1,1,True,2025-11-11_Golden_State_Warriors_at_Oklahoma_City_Thunder
2025-11-11,2025-11-12 01:00:00+00:00,Boston Celtics,Philadelphia 76ers,100,102,1,2,https://www.basketball-reference.com/leagues/NBA_2026_games-november.html,KXNBAGAME-25NOV11BOSPHI-PHI,KXNBAGAME-25NOV11BOSPHI,Philadelphia 76ers,2025-11-12 04:00:00+00:00,2025-11-09 16:05:00+00:00,1.0,4838098.0,historical,2025-11-11,159,available,0.47,0.46,0.48,0.48,0.019999999999999962,bid_ask_midpoint,2025-11-12T00:45:00+00:00,15.0,969257.0,1383.0,https://api.elections.kalshi.com/trade-api/v2/historical/markets/KXNBAGAME-25NOV11BOSPHI-PHI/candlesticks?start_ts=1762821900&end_ts=1762908300&period_interval=1,1,True,2025-11-11_Boston_Celtics_at_Philadelphia_76ers
2025-11-11,2025-11-12 02:00:00+00:00,Indiana Pacers,Utah Jazz,128,152,1,24,https://www.basketball-reference.com/leagues/NBA_2026_games-november.html,KXNBAGAME-25NOV11INDUTA-UTA,KXNBAGAME-25NOV11INDUTA,Utah Jazz,2025-11-12 05:00:00+00:00,2025-11-09 19:06:00+00:00,1.0,2781759.0,historical,2025-11-12,160,available,0.455,0.45,0.46,0.46,0.010000000000000009,bid_ask_midpoint,2025-11-12T01:45:00+00:00,15.0,702462.0,1362.0,https://api.elections.kalshi.com/trade-api/v2/historical/markets/KXNBAGAME-25NOV11INDUTA-UTA/candlesticks?start_ts=1762825500&end_ts=1762911900&period_interval=1,1,True,2025-11-11_Indiana_Pacers_at_Utah_Jazz
2025-11-11,2025-11-12 04:00:00+00:00,Denver Nuggets,Sacramento Kings,122,108,0,-14,https://www.basketball-reference.com/leagues/NBA_2026_games-november.html,KXNBAGAME-25NOV11DENSAC-SAC,KXNBAGAME-25NOV11DENSAC,Sacramento Kings,2025-11-12 07:00:00+00:00,2025-11-09 19:06:00+00:00,0.0,4663929.0,historical,2025-11-12,161,available,0.235,0.23,0.24,0.24,0.009999999999999981,bid_ask_midpoint,2025-11-12T03:45:00+00:00,15.0,427283.0,1222.0,https://api.elections.kalshi.com/trade-api/v2/historical/markets/KXNBAGAME-25NOV11DENSAC-SAC/candlesticks?start_ts=1762832700&end_ts=1762919100&period_interval=1,0,True,2025-11-11_Denver_Nuggets_at_Sacramento_Kings
2025-11-12,2025-11-13 01:30:00+00:00,Phoenix Suns,Dallas Mavericks,123,114,0,-9,https://www.basketball-reference.com/leagues/NBA_2026_games-november.html,KXNBAGAME-25NOV12PHXDAL-DAL,KXNBAGAME-25NOV12PHXDAL,Dallas Mavericks,2025-11-13 04:30:00+00:00,2025-11-10 19:06:00+00:00,0.0,1686447.0,historical,2025-11-12,162,available,0.445,0.44,0.45,0.45,0.010000000000000009,bid_ask_midpoint,2025-11-13T01:15:00+00:00,15.0,111080.0,1404.0,https://api.elections.kalshi.com/trade-api/v2/historical/markets/KXNBAGAME-25NOV12PHXDAL-DAL/candlesticks?start_ts=1762910100&end_ts=1762996500&period_interval=1,0,True,2025-11-12_Phoenix_Suns_at_Dallas_Mavericks
2025-11-12,2025-11-13 01:00:00+00:00,Golden State Warriors,San Antonio Spurs,125,120,0,-5,https://www.basketball-reference.com/leagues/NBA_2026_games-november.html,KXNBAGAME-25NOV12GSWSAS-SAS,KXNBAGAME-25NOV12GSWSAS,San Antonio Spurs,2025-11-13 04:00:00+00:00,2025-11-10 16:06:00+00:00,0.0,4190907.0,historical,2025-11-12,164,available,0.605,0.6,0.61,0.61,0.010000000000000009,bid_ask_midpoint,2025-11-13T00:45:00+00:00,15.0,550614.0,1391.0,https://api.elections.kalshi.com/trade-api/v2/historical/markets/KXNBAGAME-25NOV12GSWSAS-SAS/candlesticks?start_ts=1762908300&end_ts=1762994700&period_interval=1,0,True,2025-11-12_Golden_State_Warriors_at_San_Antonio_Spurs
2025-11-12,2025-11-13 03:00:00+00:00,Atlanta Hawks,Sacramento Kings,133,100,0,-33,https://www.basketball-reference.com/leagues/NBA_2026_games-november.html,KXNBAGAME-25NOV12ATLSAC-SAC,KXNBAGAME-25NOV12ATLSAC,Sacramento Kings,2025-11-13 06:00:00+00:00,2025-11-10 19:06:00+00:00,0.0,2082452.0,historical,2025-11-13,166,available,0.375,0.37,0.38,0.38,0.010000000000000009,bid_ask_midpoint,2025-11-13T02:45:00+00:00,15.0,135513.0,1365.0,https://api.elections.kalshi.com/trade-api/v2/historical/markets/KXNBAGAME-25NOV12ATLSAC-SAC/candlesticks?start_ts=1762915500&end_ts=1763001900&period_interval=1,0,True,2025-11-12_Atlanta_Hawks_at_Sacramento_Kings
2025-11-12,2025-11-13 01:00:00+00:00,Portland Trail Blazers,New Orleans Pelicans,125,117,0,-8,https://www.basketball-reference.com/leagues/NBA_2026_games-november.html,KXNBAGAME-25NOV12PORNOP-NOP,KXNBAGAME-25NOV12PORNOP,New Orleans Pelicans,2025-11-13 04:00:00+00:00,2025-11-10 16:06:00+00:00,0.0,766963.0,historical,2025-11-12,167,available,0.245,0.24,0.25,0.25,0.010000000000000009,bid_ask_midpoint,2025-11-13T00:45:00+00:00,15.0,24125.0,1285.0,https://api.elections.kalshi.com/trade-api/v2/historical/markets/KXNBAGAME-25NOV12PORNOP-NOP/candlesticks?start_ts=1762908300&end_ts=1762994700&period_interval=1,0,True,2025-11-12_Portland_Trail_Blazers_at_New_Orleans_Pelicans
2025-11-12,2025-11-13 00:30:00+00:00,Cleveland Cavaliers,Miami Heat,130,116,0,-14,https://www.basketball-reference.com/leagues/NBA_2026_games-november.html,KXNBAGAME-25NOV12CLEMIA-MIA,KXNBAGAME-25NOV12CLEMIA,Miami Heat,2025-11-13 03:30:00+00:00,2025-11-10 16:06:00+00:00,0.0,1918361.0,historical,2025-11-12,168,available,0.645,0.64,0.65,0.65,0.010000000000000009,bid_ask_midpoint,2025-11-13T00:15:00+00:00,15.0,232408.0,1383.0,https://api.elections.kalshi.com/trade-api/v2/historical/markets/KXNBAGAME-25NOV12CLEMIA-MIA/candlesticks?start_ts=1762906500&end_ts=1762992900&period_interval=1,0,True,2025-11-12_Cleveland_Cavaliers_at_Miami_Heat
2025-11-12,2025-11-13 01:00:00+00:00,Washington Wizards,Houston Rockets,112,135,1,23,https://www.basketball-reference.com/leagues/NBA_2026_games-november.html,KXNBAGAME-25NOV12WASHOU-HOU,KXNBAGAME-25NOV12WASHOU,Houston Rockets,2025-11-13 04:00:00+00:00,2025-11-10 16:06:00+00:00,1.0,395322.0,historical,2025-11-12,169,available,0.915,0.91,0.92,0.92,0.010000000000000009,bid_ask_midpoint,2025-11-13T00:44:00+00:00,16.0,306582.0,1314.0,https://api.elections.kalshi.com/trade-api/v2/historical/markets/KXNBAGAME-25NOV12WASHOU-HOU/candlesticks?start_ts=1762908300&end_ts=1762994700&period_interval=1,1,True,2025-11-12_Washington_Wizards_at_Houston_Rockets
2025-11-12,2025-11-13 00:30:00+00:00,Memphis Grizzlies,Boston Celtics,95,131,1,36,https://www.basketball-reference.com/leagues/NBA_2026_games-november.html,KXNBAGAME-25NOV12MEMBOS-BOS,KXNBAGAME-25NOV12MEMBOS,Boston Celtics,2025-11-13 03:30:00+00:00,2025-11-10 16:06:00+00:00,1.0,704448.0,historical,2025-11-12,170,available,0.745,0.74,0.75,0.75,0.010000000000000009,bid_ask_midpoint,2025-11-13T00:15:00+00:00,15.0,354709.0,1335.0,https://api.elections.kalshi.com/trade-api/v2/historical/markets/KXNBAGAME-25NOV12MEMBOS-BOS/candlesticks?start_ts=1762906500&end_ts=1762992900&period_interval=1,1,True,2025-11-12_Memphis_Grizzlies_at_Boston_Celtics
2025-11-12,2025-11-13 00:00:00+00:00,Chicago Bulls,Detroit Pistons,113,124,1,11,https://www.basketball-reference.com/leagues/NBA_2026_games-november.html,KXNBAGAME-25NOV12CHIDET-DET,KXNBAGAME-25NOV12CHIDET,Detroit Pistons,2025-11-13 03:00:00+00:00,2025-11-10 16:06:00+00:00,1.0,3273216.0,historical,2025-11-12,172,missing,,,,,,,,,,,,1,True,2025-11-12_Chicago_Bulls_at_Detroit_Pistons
2025-11-12,2025-11-13 00:00:00+00:00,Milwaukee Bucks,Charlotte Hornets,100,111,1,11,https://www.basketball-reference.com/leagues/NBA_2026_games-november.html,KXNBAGAME-25NOV12MILCHA-CHA,KXNBAGAME-25NOV12MILCHA,Charlotte Hornets,2025-11-13 03:00:00+00:00,2025-11-10 16:06:00+00:00,1.0,1733963.0,historical,2025-11-12,173,available,0.425,0.42,0.43,0.42,0.010000000000000009,bid_ask_midpoint,2025-11-12T23:45:00+00:00,15.0,805648.0,1393.0,https://api.elections.kalshi.com/trade-api/v2/historical/markets/KXNBAGAME-25NOV12MILCHA-CHA/candlesticks?start_ts=1762904700&end_ts=1762991100&period_interval=1,1,True,2025-11-12_Milwaukee_Bucks_at_Charlotte_Hornets
2025-11-13,2025-11-14 00:00:00+00:00,Toronto Raptors,Cleveland Cavaliers,126,113,0,-13,https://www.basketball-reference.com/leagues/NBA_2026_games-november.html,KXNBAGAME-25NOV13TORCLE-CLE,KXNBAGAME-25NOV13TORCLE,Cleveland Cavaliers,2025-11-14 03:00:00+00:00,2025-11-11 16:05:00+00:00,0.0,4125129.0,historical,2025-11-13,174,available,0.725,0.72,0.73,0.73,0.010000000000000009,bid_ask_midpoint,2025-11-13T23:45:00+00:00,15.0,279279.0,1260.0,https://api.elections.kalshi.com/trade-api/v2/historical/markets/KXNBAGAME-25NOV13TORCLE-CLE/candlesticks?start_ts=1762991100&end_ts=1763077500&period_interval=1,0,True,2025-11-13_Toronto_Raptors_at_Cleveland_Cavaliers
2025-11-13,2025-11-14 02:00:00+00:00,Indiana Pacers,Phoenix Suns,98,133,1,35,https://www.basketball-reference.com/leagues/NBA_2026_games-november.html,KXNBAGAME-25NOV13INDPHX-PHX,KXNBAGAME-25NOV13INDPHX,Phoenix Suns,2025-11-14 05:00:00+00:00,2025-11-11 19:06:00+00:00,1.0,5038311.0,historical,2025-11-14,175,available,0.615,0.61,0.62,0.62,0.010000000000000009,bid_ask_midpoint,2025-11-14T01:45:00+00:00,15.0,1695692.0,1302.0,https://api.elections.kalshi.com/trade-api/v2/historical/markets/KXNBAGAME-25NOV13INDPHX-PHX/candlesticks?start_ts=1762998300&end_ts=1763084700&period_interval=1,1,True,2025-11-13_Indiana_Pacers_at_Phoenix_Suns
2025-11-13,2025-11-14 02:00:00+00:00,Atlanta Hawks,Utah Jazz,132,122,0,-10,https://www.basketball-reference.com/leagues/NBA_2026_games-november.html,KXNBAGAME-25NOV13ATLUTA-UTA,KXNBAGAME-25NOV13ATLUTA,Utah Jazz,2025-11-14 05:00:00+00:00,2025-11-11 19:06:00+00:00,0.0,4115243.0,historical,2025-11-14,176,available,0.46499999999999997,0.46,0.47,0.47,0.009999999999999953,bid_ask_midpoint,2025-11-14T01:45:00+00:00,15.0,454700.0,1301.0,https://api.elections.kalshi.com/trade-api/v2/historical/markets/KXNBAGAME-25NOV13ATLUTA-UTA/candlesticks?start_ts=1762998300&end_ts=1763084700&period_interval=1,0,True,2025-11-13_Atlanta_Hawks_at_Utah_Jazz
2025-11-14,2025-11-15 01:00:00+00:00,Sacramento Kings,Minnesota Timberwolves,110,124,1,14,https://www.basketball-reference.com/leagues/NBA_2026_games-november.html,KXNBAGAME-25NOV14SACMIN-MIN,KXNBAGAME-25NOV14SACMIN,Minnesota Timberwolves,2025-11-15 04:00:00+00:00,2025-11-12 16:06:00+00:00,1.0,1051910.0,historical,2025-11-14,179,available,0.835,0.83,0.84,0.84,0.010000000000000009,bid_ask_midpoint,2025-11-15T00:44:00+00:00,16.0,150094.0,1373.0,https://api.elections.kalshi.com/trade-api/v2/historical/markets/KXNBAGAME-25NOV14SACMIN-MIN/candlesticks?start_ts=1763081100&end_ts=1763167500&period_interval=1,1,True,2025-11-14_Sacramento_Kings_at_Minnesota_Timberwolves
2025-11-14,2025-11-15 01:00:00+00:00,Charlotte Hornets,Milwaukee Bucks,134,147,1,13,https://www.basketball-reference.com/leagues/NBA_2026_games-november.html,KXNBAGAME-25NOV14CHAMIL-MIL,KXNBAGAME-25NOV14CHAMIL,Milwaukee Bucks,2025-11-15 04:00:00+00:00,2025-11-12 16:06:00+00:00,1.0,3930118.0,historical,2025-11-14,180,missing,,,,,,,,,,,,1,True,2025-11-14_Charlotte_Hornets_at_Milwaukee_Bucks
2025-11-14,2025-11-15 02:30:00+00:00,Golden State Warriors,San Antonio Spurs,109,108,0,-1,https://www.basketball-reference.com/leagues/NBA_2026_games-november.html,KXNBAGAME-25NOV14GSWSAS-SAS,KXNBAGAME-25NOV14GSWSAS,San Antonio Spurs,2025-11-15 05:30:00+00:00,2025-11-12 19:06:00+00:00,0.0,5349394.0,historical,2025-11-15,181,available,0.575,0.57,0.58,0.58,0.010000000000000009,bid_ask_midpoint,2025-11-15T02:15:00+00:00,15.0,818085.0,1389.0,https://api.elections.kalshi.com/trade-api/v2/historical/markets/KXNBAGAME-25NOV14GSWSAS-SAS/candlesticks?start_ts=1763086500&end_ts=1763172900&period_interval=1,0,True,2025-11-14_Golden_State_Warriors_at_San_Antonio_Spurs
2025-11-14,2025-11-15 00:30:00+00:00,Philadelphia 76ers,Detroit Pistons,105,114,1,9,https://www.basketball-reference.com/leagues/NBA_2026_games-november.html,KXNBAGAME-25NOV14PHIDET-DET,KXNBAGAME-25NOV14PHIDET,Detroit Pistons,2025-11-15 03:30:00+00:00,2025-11-12 16:06:00+00:00,1.0,2892640.0,historical,2025-11-14,182,available,0.515,0.51,0.52,0.52,0.010000000000000009,bid_ask_midpoint,2025-11-15T00:15:00+00:00,15.0,729516.0,1388.0,https://api.elections.kalshi.com/trade-api/v2/historical/markets/KXNBAGAME-25NOV14PHIDET-DET/candlesticks?start_ts=1763079300&end_ts=1763165700&period_interval=1,1,True,2025-11-14_Philadelphia_76ers_at_Detroit_Pistons
2025-11-14,2025-11-15 01:00:00+00:00,Portland Trail Blazers,Houston Rockets,116,140,1,24,https://www.basketball-reference.com/leagues/NBA_2026_games-november.html,KXNBAGAME-25NOV14PORHOU-HOU,KXNBAGAME-25NOV14PORHOU,Houston Rockets,2025-11-15 04:00:00+00:00,2025-11-12 16:06:00+00:00,1.0,847787.0,historical,2025-11-14,184,available,0.73,0.72,0.74,0.74,0.020000000000000018,bid_ask_midpoint,2025-11-15T00:45:00+00:00,15.0,287746.0,1302.0,https://api.elections.kalshi.com/trade-api/v2/historical/markets/KXNBAGAME-25NOV14PORHOU-HOU/candlesticks?start_ts=1763081100&end_ts=1763167500&period_interval=1,1,True,2025-11-14_Portland_Trail_Blazers_at_Houston_Rockets
2025-11-14,2025-11-15 00:00:00+00:00,Brooklyn Nets,Orlando Magic,98,105,1,7,https://www.basketball-reference.com/leagues/NBA_2026_games-november.html,KXNBAGAME-25NOV14BKNORL-ORL,KXNBAGAME-25NOV14BKNORL,Orlando Magic,2025-11-15 03:00:00+00:00,2025-11-12 16:06:00+00:00,1.0,2430947.0,historical,2025-11-14,185,available,0.885,0.88,0.89,0.89,0.010000000000000009,bid_ask_midpoint,2025-11-14T23:45:00+00:00,15.0,377003.0,1302.0,https://api.elections.kalshi.com/trade-api/v2/historical/markets/KXNBAGAME-25NOV14BKNORL-ORL/candlesticks?start_ts=1763077500&end_ts=1763163900&period_interval=1,1,True,2025-11-14_Brooklyn_Nets_at_Orlando_Magic
2025-11-15,2025-11-16 01:00:00+00:00,Denver Nuggets,Minnesota Timberwolves,123,112,0,-11,https://www.basketball-reference.com/leagues/NBA_2026_games-november.html,KXNBAGAME-25NOV15DENMIN-MIN,KXNBAGAME-25NOV15DENMIN,Minnesota Timberwolves,2025-11-16 04:00:00+00:00,2025-11-13 16:05:00+00:00,0.0,4420459.0,historical,2025-11-15,187,available,0.485,0.48,0.49,0.49,0.010000000000000009,bid_ask_midpoint,2025-11-16T00:45:00+00:00,15.0,299692.0,1337.0,https://api.elections.kalshi.com/trade-api/v2/historical/markets/KXNBAGAME-25NOV15DENMIN-MIN/candlesticks?start_ts=1763167500&end_ts=1763253900&period_interval=1,0,True,2025-11-15_Denver_Nuggets_at_Minnesota_Timberwolves
2025-11-15,2025-11-16 00:00:00+00:00,Toronto Raptors,Indiana Pacers,129,111,0,-18,https://www.basketball-reference.com/leagues/NBA_2026_games-november.html,KXNBAGAME-25NOV15TORIND-IND,KXNBAGAME-25NOV15TORIND,Indiana Pacers,2025-11-16 03:00:00+00:00,2025-11-13 16:05:00+00:00,0.0,1311734.0,historical,2025-11-15,188,available,0.28500000000000003,0.28,0.29,0.29,0.009999999999999953,bid_ask_midpoint,2025-11-15T23:45:00+00:00,15.0,123221.0,1319.0,https://api.elections.kalshi.com/trade-api/v2/historical/markets/KXNBAGAME-25NOV15TORIND-IND/candlesticks?start_ts=1763163900&end_ts=1763250300&period_interval=1,0,True,2025-11-15_Toronto_Raptors_at_Indiana_Pacers
2025-11-15,2025-11-15 22:00:00+00:00,Memphis Grizzlies,Cleveland Cavaliers,100,108,1,8,https://www.basketball-reference.com/leagues/NBA_2026_games-november.html,KXNBAGAME-25NOV15MEMCLE-CLE,KXNBAGAME-25NOV15MEMCLE,Cleveland Cavaliers,2025-11-16 01:00:00+00:00,2025-11-13 13:05:00+00:00,1.0,2805520.0,historical,2025-11-15,189,available,0.825,0.82,0.83,0.83,0.010000000000000009,bid_ask_midpoint,2025-11-15T21:45:00+00:00,15.0,210969.0,1323.0,https://api.elections.kalshi.com/trade-api/v2/historical/markets/KXNBAGAME-25NOV15MEMCLE-CLE/candlesticks?start_ts=1763156700&end_ts=1763243100&period_interval=1,1,True,2025-11-15_Memphis_Grizzlies_at_Cleveland_Cavaliers
2025-11-15,2025-11-16 00:00:00+00:00,Oklahoma City Thunder,Charlotte Hornets,109,96,0,-13,https://www.basketball-reference.com/leagues/NBA_2026_games-november.html,KXNBAGAME-25NOV15OKCCHA-CHA,KXNBAGAME-25NOV15OKCCHA,Charlotte Hornets,2025-11-16 03:00:00+00:00,2025-11-13 16:05:00+00:00,0.0,1685827.0,historical,2025-11-15,190,available,0.08499999999999999,0.08,0.09,0.09,0.009999999999999995,bid_ask_midpoint,2025-11-15T23:45:00+00:00,15.0,224431.0,1331.0,https://api.elections.kalshi.com/trade-api/v2/historical/markets/KXNBAGAME-25NOV15OKCCHA-CHA/candlesticks?start_ts=1763163900&end_ts=1763250300&period_interval=1,0,True,2025-11-15_Oklahoma_City_Thunder_at_Charlotte_Hornets
2025-11-16,2025-11-16 21:00:00+00:00,Sacramento Kings,San Antonio Spurs,110,123,1,13,https://www.basketball-reference.com/leagues/NBA_2026_games-november.html,KXNBAGAME-25NOV16SACSAS-SAS,KXNBAGAME-25NOV16SACSAS,San Antonio Spurs,2025-11-17 00:00:00+00:00,2025-11-14 13:05:00+00:00,1.0,1927443.0,historical,2025-11-16,192,available,0.685,0.68,0.69,0.69,0.009999999999999898,bid_ask_midpoint,2025-11-16T20:45:00+00:00,15.0,570171.0,1398.0,https://api.elections.kalshi.com/trade-api/v2/historical/markets/KXNBAGAME-25NOV16SACSAS-SAS/candlesticks?start_ts=1763239500&end_ts=1763325900&period_interval=1,1,True,2025-11-16_Sacramento_Kings_at_San_Antonio_Spurs
2025-11-16,2025-11-16 23:00:00+00:00,Brooklyn Nets,Washington Wizards,129,106,0,-23,https://www.basketball-reference.com/leagues/NBA_2026_games-november.html,KXNBAGAME-25NOV16BKNWAS-WAS,KXNBAGAME-25NOV16BKNWAS,Washington Wizards,2025-11-17 02:00:00+00:00,2025-11-14 16:06:00+00:00,0.0,1753861.0,historical,2025-11-16,193,available,0.575,0.57,0.58,0.58,0.010000000000000009,bid_ask_midpoint,2025-11-16T22:45:00+00:00,15.0,87056.0,1265.0,https://api.elections.kalshi.com/trade-api/v2/historical/markets/KXNBAGAME-25NOV16BKNWAS-WAS/candlesticks?start_ts=1763246700&end_ts=1763333100&period_interval=1,0,True,2025-11-16_Brooklyn_Nets_at_Washington_Wizards
2025-11-16,2025-11-17 00:00:00+00:00,Orlando Magic,Houston Rockets,113,117,1,4,https://www.basketball-reference.com/leagues/NBA_2026_games-november.html,KXNBAGAME-25NOV16ORLHOU-HOU,KXNBAGAME-25NOV16ORLHOU,Houston Rockets,2025-11-17 03:00:00+00:00,2025-11-14 16:06:00+00:00,1.0,6555288.0,historical,2025-11-16,194,available,0.745,0.74,0.75,0.75,0.010000000000000009,bid_ask_midpoint,2025-11-16T23:45:00+00:00,15.0,370372.0,1282.0,https://api.elections.kalshi.com/trade-api/v2/historical/markets/KXNBAGAME-25NOV16ORLHOU-HOU/candlesticks?start_ts=1763250300&end_ts=1763336700&period_interval=1,1,True,2025-11-16_Orlando_Magic_at_Houston_Rockets
2025-11-16,2025-11-17 00:00:00+00:00,Golden State Warriors,New Orleans Pelicans,124,106,0,-18,https://www.basketball-reference.com/leagues/NBA_2026_games-november.html,KXNBAGAME-25NOV16GSWNOP-NOP,KXNBAGAME-25NOV16GSWNOP,New Orleans Pelicans,2025-11-17 03:00:00+00:00,2025-11-14 16:06:00+00:00,0.0,576561.0,historical,2025-11-16,195,available,0.185,0.18,0.19,0.19,0.010000000000000009,bid_ask_midpoint,2025-11-16T23:45:00+00:00,15.0,36004.0,1244.0,https://api.elections.kalshi.com/trade-api/v2/historical/markets/KXNBAGAME-25NOV16GSWNOP-NOP/candlesticks?start_ts=1763250300&end_ts=1763336700&period_interval=1,0,True,2025-11-16_Golden_State_Warriors_at_New_Orleans_Pelicans
2025-11-16,2025-11-17 00:30:00+00:00,Portland Trail Blazers,Dallas Mavericks,133,138,1,5,https://www.basketball-reference.com/leagues/NBA_2026_games-november.html,KXNBAGAME-25NOV16PORDAL-DAL,KXNBAGAME-25NOV16PORDAL,Dallas Mavericks,2025-11-17 03:30:00+00:00,2025-11-14 16:06:00+00:00,1.0,2414959.0,historical,2025-11-16,196,available,0.415,0.41,0.42,0.42,0.010000000000000009,bid_ask_midpoint,2025-11-17T00:15:00+00:00,15.0,103729.0,1318.0,https://api.elections.kalshi.com/trade-api/v2/historical/markets/KXNBAGAME-25NOV16PORDAL-DAL/candlesticks?start_ts=1763252100&end_ts=1763338500&period_interval=1,1,True,2025-11-16_Portland_Trail_Blazers_at_Dallas_Mavericks
2025-11-16,2025-11-17 01:00:00+00:00,Atlanta Hawks,Phoenix Suns,124,122,0,-2,https://www.basketball-reference.com/leagues/NBA_2026_games-november.html,KXNBAGAME-25NOV16ATLPHX-PHX,KXNBAGAME-25NOV16ATLPHX,Phoenix Suns,2025-11-17 04:00:00+00:00,2025-11-14 16:06:00+00:00,0.0,2375974.0,historical,2025-11-16,197,available,0.515,0.51,0.52,0.52,0.010000000000000009,bid_ask_midpoint,2025-11-17T00:45:00+00:00,15.0,189270.0,1229.0,https://api.elections.kalshi.com/trade-api/v2/historical/markets/KXNBAGAME-25NOV16ATLPHX-PHX/candlesticks?start_ts=1763253900&end_ts=1763340300&period_interval=1,0,True,2025-11-16_Atlanta_Hawks_at_Phoenix_Suns
2025-11-16,2025-11-17 01:00:00+00:00,Chicago Bulls,Utah Jazz,147,150,1,3,https://www.basketball-reference.com/leagues/NBA_2026_games-november.html,KXNBAGAME-25NOV16CHIUTA-UTA,KXNBAGAME-25NOV16CHIUTA,Utah Jazz,2025-11-17 04:00:00+00:00,2025-11-14 16:06:00+00:00,1.0,3522530.0,historical,2025-11-16,198,available,0.375,0.37,0.38,0.38,0.010000000000000009,bid_ask_midpoint,2025-11-17T00:45:00+00:00,15.0,61969.0,1253.0,https://api.elections.kalshi.com/trade-api/v2/historical/markets/KXNBAGAME-25NOV16CHIUTA-UTA/candlesticks?start_ts=1763253900&end_ts=1763340300&period_interval=1,1,True,2025-11-16_Chicago_Bulls_at_Utah_Jazz
2025-11-17,2025-11-18 01:00:00+00:00,Dallas Mavericks,Minnesota Timberwolves,96,120,1,24,https://www.basketball-reference.com/leagues/NBA_2026_games-november.html,KXNBAGAME-25NOV17DALMIN-MIN,KXNBAGAME-25NOV17DALMIN,Minnesota Timberwolves,2025-11-18 04:00:00+00:00,2025-11-15 16:06:00+00:00,1.0,369059.0,historical,2025-11-17,199,available,0.875,0.87,0.88,0.88,0.010000000000000009,bid_ask_midpoint,2025-11-18T00:45:00+00:00,15.0,165990.0,1313.0,https://api.elections.kalshi.com/trade-api/v2/historical/markets/KXNBAGAME-25NOV17DALMIN-MIN/candlesticks?start_ts=1763340300&end_ts=1763426700&period_interval=1,1,True,2025-11-17_Dallas_Mavericks_at_Minnesota_Timberwolves
2025-11-17,2025-11-18 01:00:00+00:00,Oklahoma City Thunder,New Orleans Pelicans,126,109,0,-17,https://www.basketball-reference.com/leagues/NBA_2026_games-november.html,KXNBAGAME-25NOV17OKCNOP-NOP,KXNBAGAME-25NOV17OKCNOP,New Orleans Pelicans,2025-11-18 04:00:00+00:00,2025-11-15 16:06:00+00:00,0.0,502323.0,historical,2025-11-17,200,available,0.065,0.06,0.07,0.07,0.010000000000000009,bid_ask_midpoint,2025-11-18T00:45:00+00:00,15.0,273657.0,1092.0,https://api.elections.kalshi.com/trade-api/v2/historical/markets/KXNBAGAME-25NOV17OKCNOP-NOP/candlesticks?start_ts=1763340300&end_ts=1763426700&period_interval=1,0,True,2025-11-17_Oklahoma_City_Thunder_at_New_Orleans_Pelicans
2025-11-17,2025-11-18 00:30:00+00:00,Charlotte Hornets,Toronto Raptors,108,110,1,2,https://www.basketball-reference.com/leagues/NBA_2026_games-november.html,KXNBAGAME-25NOV17CHATOR-TOR,KXNBAGAME-25NOV17CHATOR,Toronto Raptors,2025-11-18 03:30:00+00:00,2025-11-15 16:06:00+00:00,1.0,1956939.0,historical,2025-11-17,201,missing,,,,,,,,,,,,1,True,2025-11-17_Charlotte_Hornets_at_Toronto_Raptors
2025-11-17,2025-11-18 02:00:00+00:00,Chicago Bulls,Denver Nuggets,130,127,0,-3,https://www.basketball-reference.com/leagues/NBA_2026_games-november.html,KXNBAGAME-25NOV17CHIDEN-DEN,KXNBAGAME-25NOV17CHIDEN,Denver Nuggets,2025-11-18 05:00:00+00:00,2025-11-15 19:06:00+00:00,0.0,8303303.0,historical,2025-11-18,202,available,0.875,0.87,0.88,0.88,0.010000000000000009,bid_ask_midpoint,2025-11-18T01:45:00+00:00,15.0,282354.0,1356.0,https://api.elections.kalshi.com/trade-api/v2/historical/markets/KXNBAGAME-25NOV17CHIDEN-DEN/candlesticks?start_ts=1763343900&end_ts=1763430300&period_interval=1,0,True,2025-11-17_Chicago_Bulls_at_Denver_Nuggets
2025-11-17,2025-11-18 00:00:00+00:00,Indiana Pacers,Detroit Pistons,112,127,1,15,https://www.basketball-reference.com/leagues/NBA_2026_games-november.html,KXNBAGAME-25NOV17INDDET-DET,KXNBAGAME-25NOV17INDDET,Detroit Pistons,2025-11-18 03:00:00+00:00,2025-11-15 16:05:00+00:00,1.0,2659919.0,historical,2025-11-17,204,available,0.775,0.77,0.78,0.78,0.010000000000000009,bid_ask_midpoint,2025-11-17T23:45:00+00:00,15.0,1102975.0,1433.0,https://api.elections.kalshi.com/trade-api/v2/historical/markets/KXNBAGAME-25NOV17INDDET-DET/candlesticks?start_ts=1763336700&end_ts=1763423100&period_interval=1,1,True,2025-11-17_Indiana_Pacers_at_Detroit_Pistons
2025-11-17,2025-11-18 00:00:00+00:00,Milwaukee Bucks,Cleveland Cavaliers,106,118,1,12,https://www.basketball-reference.com/leagues/NBA_2026_games-november.html,KXNBAGAME-25NOV17MILCLE-CLE,KXNBAGAME-25NOV17MILCLE,Cleveland Cavaliers,2025-11-18 03:00:00+00:00,2025-11-15 16:05:00+00:00,1.0,1571636.0,historical,2025-11-17,205,available,0.695,0.69,0.7,0.69,0.010000000000000009,bid_ask_midpoint,2025-11-17T23:45:00+00:00,15.0,166936.0,1370.0,https://api.elections.kalshi.com/trade-api/v2/historical/markets/KXNBAGAME-25NOV17MILCLE-CLE/candlesticks?start_ts=1763336700&end_ts=1763423100&period_interval=1,1,True,2025-11-17_Milwaukee_Bucks_at_Cleveland_Cavaliers
2025-11-18,2025-11-19 04:00:00+00:00,Phoenix Suns,Portland Trail Blazers,127,110,0,-17,https://www.basketball-reference.com/leagues/NBA_2026_games-november.html,KXNBAGAME-25NOV18PHXPOR-POR,KXNBAGAME-25NOV18PHXPOR,Portland Trail Blazers,2025-11-19 07:00:00+00:00,2025-11-16 19:06:00+00:00,0.0,3185424.0,historical,2025-11-19,207,available,0.535,0.53,0.54,0.54,0.010000000000000009,bid_ask_midpoint,2025-11-19T03:45:00+00:00,15.0,593327.0,1346.0,https://api.elections.kalshi.com/trade-api/v2/historical/markets/KXNBAGAME-25NOV18PHXPOR-POR/candlesticks?start_ts=1763437500&end_ts=1763523900&period_interval=1,0,True,2025-11-18_Phoenix_Suns_at_Portland_Trail_Blazers
2025-11-18,2025-11-19 01:00:00+00:00,Memphis Grizzlies,San Antonio Spurs,101,111,1,10,https://www.basketball-reference.com/leagues/NBA_2026_games-november.html,KXNBAGAME-25NOV18MEMSAS-SAS,KXNBAGAME-25NOV18MEMSAS,San Antonio Spurs,2025-11-19 04:00:00+00:00,2025-11-16 16:06:00+00:00,1.0,3835437.0,historical,2025-11-18,208,available,0.685,0.68,0.69,0.69,0.009999999999999898,bid_ask_midpoint,2025-11-19T00:45:00+00:00,15.0,561133.0,1385.0,https://api.elections.kalshi.com/trade-api/v2/historical/markets/KXNBAGAME-25NOV18MEMSAS-SAS/candlesticks?start_ts=1763426700&end_ts=1763513100&period_interval=1,1,True,2025-11-18_Memphis_Grizzlies_at_San_Antonio_Spurs
2025-11-18,2025-11-19 00:30:00+00:00,Detroit Pistons,Atlanta Hawks,120,112,0,-8,https://www.basketball-reference.com/leagues/NBA_2026_games-november.html,KXNBAGAME-25NOV18DETATL-ATL,KXNBAGAME-25NOV18DETATL,Atlanta Hawks,2025-11-19 03:30:00+00:00,2025-11-16 16:06:00+00:00,0.0,2474414.0,historical,2025-11-18,210,available,0.45,0.44,0.46,0.46,0.020000000000000018,bid_ask_midpoint,2025-11-19T00:15:00+00:00,15.0,479035.0,1298.0,https://api.elections.kalshi.com/trade-api/v2/historical/markets/KXNBAGAME-25NOV18DETATL-ATL/candlesticks?start_ts=1763424900&end_ts=1763511300&period_interval=1,0,True,2025-11-18_Detroit_Pistons_at_Atlanta_Hawks
2025-11-18,2025-11-19 00:00:00+00:00,Golden State Warriors,Orlando Magic,113,121,1,8,https://www.basketball-reference.com/leagues/NBA_2026_games-november.html,KXNBAGAME-25NOV18GSWORL-ORL,KXNBAGAME-25NOV18GSWORL,Orlando Magic,2025-11-19 03:00:00+00:00,2025-11-16 16:05:00+00:00,1.0,2360506.0,historical,2025-11-18,211,available,0.435,0.43,0.44,0.44,0.010000000000000009,bid_ask_midpoint,2025-11-18T23:45:00+00:00,15.0,473944.0,1359.0,https://api.elections.kalshi.com/trade-api/v2/historical/markets/KXNBAGAME-25NOV18GSWORL-ORL/candlesticks?start_ts=1763423100&end_ts=1763509500&period_interval=1,1,True,2025-11-18_Golden_State_Warriors_at_Orlando_Magic
2025-11-18,2025-11-19 00:30:00+00:00,Boston Celtics,Brooklyn Nets,113,99,0,-14,https://www.basketball-reference.com/leagues/NBA_2026_games-november.html,KXNBAGAME-25NOV18BOSBKN-BKN,KXNBAGAME-25NOV18BOSBKN,Brooklyn Nets,2025-11-19 03:30:00+00:00,2025-11-16 16:06:00+00:00,0.0,1930028.0,historical,2025-11-18,212,missing,,,,,,,,,,,,0,True,2025-11-18_Boston_Celtics_at_Brooklyn_Nets
2025-11-19,2025-11-20 03:00:00+00:00,Chicago Bulls,Portland Trail Blazers,122,121,0,-1,https://www.basketball-reference.com/leagues/NBA_2026_games-november.html,KXNBAGAME-25NOV19CHIPOR-POR,KXNBAGAME-25NOV19CHIPOR,Portland Trail Blazers,2025-11-20 06:00:00+00:00,2025-11-17 19:06:00+00:00,0.0,3380192.0,historical,2025-11-20,213,missing,,,,,,,,,,,,0,True,2025-11-19_Chicago_Bulls_at_Portland_Trail_Blazers
2025-11-19,2025-11-20 01:00:00+00:00,Denver Nuggets,New Orleans Pelicans,125,118,0,-7,https://www.basketball-reference.com/leagues/NBA_2026_games-november.html,KXNBAGAME-25NOV19DENNOP-NOP,KXNBAGAME-25NOV19DENNOP,New Orleans Pelicans,2025-11-20 04:00:00+00:00,2025-11-17 16:06:00+00:00,0.0,731175.0,historical,2025-11-19,215,available,0.15000000000000002,0.14,0.16,0.16,0.01999999999999999,bid_ask_midpoint,2025-11-20T00:45:00+00:00,15.0,196499.0,1234.0,https://api.elections.kalshi.com/trade-api/v2/historical/markets/KXNBAGAME-25NOV19DENNOP-NOP/candlesticks?start_ts=1763513100&end_ts=1763599500&period_interval=1,0,True,2025-11-19_Denver_Nuggets_at_New_Orleans_Pelicans
2025-11-19,2025-11-20 01:00:00+00:00,Washington Wizards,Minnesota Timberwolves,109,120,1,11,https://www.basketball-reference.com/leagues/NBA_2026_games-november.html,KXNBAGAME-25NOV19WASMIN-MIN,KXNBAGAME-25NOV19WASMIN,Minnesota Timberwolves,2025-11-20 04:00:00+00:00,2025-11-17 16:06:00+00:00,1.0,956808.0,historical,2025-11-19,216,available,0.915,0.91,0.92,0.92,0.010000000000000009,bid_ask_midpoint,2025-11-20T00:45:00+00:00,15.0,214108.0,1228.0,https://api.elections.kalshi.com/trade-api/v2/historical/markets/KXNBAGAME-25NOV19WASMIN-MIN/candlesticks?start_ts=1763513100&end_ts=1763599500&period_interval=1,1,True,2025-11-19_Washington_Wizards_at_Minnesota_Timberwolves
2025-11-19,2025-11-20 01:00:00+00:00,Sacramento Kings,Oklahoma City Thunder,99,113,1,14,https://www.basketball-reference.com/leagues/NBA_2026_games-november.html,KXNBAGAME-25NOV19SACOKC-OKC,KXNBAGAME-25NOV19SACOKC,Oklahoma City Thunder,2025-11-20 04:00:00+00:00,2025-11-17 16:06:00+00:00,1.0,700202.0,historical,2025-11-19,217,available,0.935,0.93,0.94,0.94,0.009999999999999898,bid_ask_midpoint,2025-11-20T00:45:00+00:00,15.0,358169.0,1308.0,https://api.elections.kalshi.com/trade-api/v2/historical/markets/KXNBAGAME-25NOV19SACOKC-OKC/candlesticks?start_ts=1763513100&end_ts=1763599500&period_interval=1,1,True,2025-11-19_Sacramento_Kings_at_Oklahoma_City_Thunder
2025-11-19,2025-11-20 00:00:00+00:00,Toronto Raptors,Philadelphia 76ers,121,112,0,-9,https://www.basketball-reference.com/leagues/NBA_2026_games-november.html,KXNBAGAME-25NOV19TORPHI-PHI,KXNBAGAME-25NOV19TORPHI,Philadelphia 76ers,2025-11-20 03:00:00+00:00,2025-11-17 16:05:00+00:00,0.0,2309595.0,historical,2025-11-19,218,available,0.445,0.44,0.45,0.45,0.010000000000000009,bid_ask_midpoint,2025-11-19T23:45:00+00:00,15.0,343999.0,1384.0,https://api.elections.kalshi.com/trade-api/v2/historical/markets/KXNBAGAME-25NOV19TORPHI-PHI/candlesticks?start_ts=1763509500&end_ts=1763595900&period_interval=1,0,True,2025-11-19_Toronto_Raptors_at_Philadelphia_76ers
2025-11-19,2025-11-20 00:00:00+00:00,Charlotte Hornets,Indiana Pacers,118,127,1,9,https://www.basketball-reference.com/leagues/NBA_2026_games-november.html,KXNBAGAME-25NOV19CHAIND-IND,KXNBAGAME-25NOV19CHAIND,Indiana Pacers,2025-11-20 03:00:00+00:00,2025-11-17 16:05:00+00:00,1.0,1811144.0,historical,2025-11-19,219,available,0.46499999999999997,0.46,0.47,0.47,0.009999999999999953,bid_ask_midpoint,2025-11-19T23:45:00+00:00,15.0,407225.0,1390.0,https://api.elections.kalshi.com/trade-api/v2/historical/markets/KXNBAGAME-25NOV19CHAIND-IND/candlesticks?start_ts=1763509500&end_ts=1763595900&period_interval=1,1,True,2025-11-19_Charlotte_Hornets_at_Indiana_Pacers
2025-11-19,2025-11-20 00:00:00+00:00,Houston Rockets,Cleveland Cavaliers,114,104,0,-10,https://www.basketball-reference.com/leagues/NBA_2026_games-november.html,KXNBAGAME-25NOV19HOUCLE-CLE,KXNBAGAME-25NOV19HOUCLE,Cleveland Cavaliers,2025-11-20 03:00:00+00:00,2025-11-17 16:05:00+00:00,0.0,3606919.0,historical,2025-11-19,220,available,0.46499999999999997,0.46,0.47,0.47,0.009999999999999953,bid_ask_midpoint,2025-11-19T23:45:00+00:00,15.0,553645.0,1381.0,https://api.elections.kalshi.com/trade-api/v2/historical/markets/KXNBAGAME-25NOV19HOUCLE-CLE/candlesticks?start_ts=1763509500&end_ts=1763595900&period_interval=1,0,True,2025-11-19_Houston_Rockets_at_Cleveland_Cavaliers
2025-11-19,2025-11-20 00:30:00+00:00,Golden State Warriors,Miami Heat,96,110,1,14,https://www.basketball-reference.com/leagues/NBA_2026_games-november.html,KXNBAGAME-25NOV19GSWMIA-MIA,KXNBAGAME-25NOV19GSWMIA,Miami Heat,2025-11-20 03:30:00+00:00,2025-11-17 16:06:00+00:00,1.0,2431129.0,historical,2025-11-19,221,available,0.785,0.78,0.79,0.79,0.010000000000000009,bid_ask_midpoint,2025-11-20T00:15:00+00:00,15.0,579348.0,1416.0,https://api.elections.kalshi.com/trade-api/v2/historical/markets/KXNBAGAME-25NOV19GSWMIA-MIA/candlesticks?start_ts=1763511300&end_ts=1763597700&period_interval=1,1,True,2025-11-19_Golden_State_Warriors_at_Miami_Heat
2025-11-20,2025-11-21 01:00:00+00:00,Sacramento Kings,Memphis Grizzlies,96,137,1,41,https://www.basketball-reference.com/leagues/NBA_2026_games-november.html,KXNBAGAME-25NOV20SACMEM-MEM,KXNBAGAME-25NOV20SACMEM,Memphis Grizzlies,2025-11-21 04:00:00+00:00,2025-11-18 16:06:00+00:00,1.0,528411.0,historical,2025-11-20,223,available,0.575,0.57,0.58,0.58,0.010000000000000009,bid_ask_midpoint,2025-11-21T00:45:00+00:00,15.0,142483.0,1187.0,https://api.elections.kalshi.com/trade-api/v2/historical/markets/KXNBAGAME-25NOV20SACMEM-MEM/candlesticks?start_ts=1763599500&end_ts=1763685900&period_interval=1,1,True,2025-11-20_Sacramento_Kings_at_Memphis_Grizzlies
2025-11-20,2025-11-21 01:00:00+00:00,Philadelphia 76ers,Milwaukee Bucks,123,114,0,-9,https://www.basketball-reference.com/leagues/NBA_2026_games-november.html,KXNBAGAME-25NOV20PHIMIL-MIL,KXNBAGAME-25NOV20PHIMIL,Milwaukee Bucks,2025-11-21 04:00:00+00:00,2025-11-18 16:06:00+00:00,0.0,3359643.0,historical,2025-11-20,224,available,0.46499999999999997,0.46,0.47,0.46,0.009999999999999953,bid_ask_midpoint,2025-11-21T00:45:00+00:00,15.0,197104.0,1259.0,https://api.elections.kalshi.com/trade-api/v2/historical/markets/KXNBAGAME-25NOV20PHIMIL-MIL/candlesticks?start_ts=1763599500&end_ts=1763685900&period_interval=1,0,True,2025-11-20_Philadelphia_76ers_at_Milwaukee_Bucks
2025-11-20,2025-11-21 01:00:00+00:00,Atlanta Hawks,San Antonio Spurs,126,135,1,9,https://www.basketball-reference.com/leagues/NBA_2026_games-november.html,KXNBAGAME-25NOV20ATLSAS-SAS,KXNBAGAME-25NOV20ATLSAS,San Antonio Spurs,2025-11-21 04:00:00+00:00,2025-11-18 16:06:00+00:00,1.0,2902856.0,historical,2025-11-20,225,available,0.495,0.49,0.5,0.5,0.010000000000000009,bid_ask_midpoint,2025-11-21T00:45:00+00:00,15.0,468989.0,1241.0,https://api.elections.kalshi.com/trade-api/v2/historical/markets/KXNBAGAME-25NOV20ATLSAS-SAS/candlesticks?start_ts=1763599500&end_ts=1763685900&period_interval=1,1,True,2025-11-20_Atlanta_Hawks_at_San_Antonio_Spurs
2025-11-21,2025-11-22 02:30:00+00:00,Denver Nuggets,Houston Rockets,112,109,0,-3,https://www.basketball-reference.com/leagues/NBA_2026_games-november.html,KXNBAGAME-25NOV21DENHOU-HOU,KXNBAGAME-25NOV21DENHOU,Houston Rockets,2025-11-22 05:30:00+00:00,2025-11-19 19:06:00+00:00,0.0,4863924.0,historical,2025-11-22,226,available,0.565,0.56,0.57,0.57,0.009999999999999898,bid_ask_midpoint,2025-11-22T02:15:00+00:00,15.0,316466.0,1349.0,https://api.elections.kalshi.com/trade-api/v2/historical/markets/KXNBAGAME-25NOV21DENHOU-HOU/candlesticks?start_ts=1763691300&end_ts=1763777700&period_interval=1,0,True,2025-11-21_Denver_Nuggets_at_Houston_Rockets
2025-11-21,2025-11-22 03:00:00+00:00,Portland Trail Blazers,Golden State Warriors,127,123,0,-4,https://www.basketball-reference.com/leagues/NBA_2026_games-november.html,KXNBAGAME-25NOV21PORGSW-GSW,KXNBAGAME-25NOV21PORGSW,Golden State Warriors,2025-11-22 06:00:00+00:00,2025-11-19 19:06:00+00:00,0.0,5077845.0,historical,2025-11-22,227,available,0.785,0.78,0.79,0.79,0.010000000000000009,bid_ask_midpoint,2025-11-22T02:45:00+00:00,15.0,221118.0,1333.0,https://api.elections.kalshi.com/trade-api/v2/historical/markets/KXNBAGAME-25NOV21PORGSW-GSW/candlesticks?start_ts=1763693100&end_ts=1763779500&period_interval=1,0,True,2025-11-21_Portland_Trail_Blazers_at_Golden_State_Warriors
2025-11-21,2025-11-22 03:00:00+00:00,Oklahoma City Thunder,Utah Jazz,144,112,0,-32,https://www.basketball-reference.com/leagues/NBA_2026_games-november.html,KXNBAGAME-25NOV21OKCUTA-UTA,KXNBAGAME-25NOV21OKCUTA,Utah Jazz,2025-11-22 06:00:00+00:00,2025-11-19 19:06:00+00:00,0.0,2917776.0,historical,2025-11-22,228,available,0.095,0.09,0.1,0.1,0.010000000000000009,bid_ask_midpoint,2025-11-22T02:45:00+00:00,15.0,356023.0,1328.0,https://api.elections.kalshi.com/trade-api/v2/historical/markets/KXNBAGAME-25NOV21OKCUTA-UTA/candlesticks?start_ts=1763693100&end_ts=1763779500&period_interval=1,0,True,2025-11-21_Oklahoma_City_Thunder_at_Utah_Jazz
2025-11-21,2025-11-22 02:00:00+00:00,Minnesota Timberwolves,Phoenix Suns,113,114,1,1,https://www.basketball-reference.com/leagues/NBA_2026_games-november.html,KXNBAGAME-25NOV21MINPHX-PHX,KXNBAGAME-25NOV21MINPHX,Phoenix Suns,2025-11-22 05:00:00+00:00,2025-11-19 19:06:00+00:00,1.0,3736512.0,historical,2025-11-22,229,available,0.37,0.36,0.38,0.38,0.020000000000000018,bid_ask_midpoint,2025-11-22T01:45:00+00:00,15.0,220578.0,1359.0,https://api.elections.kalshi.com/trade-api/v2/historical/markets/KXNBAGAME-25NOV21MINPHX-PHX/candlesticks?start_ts=1763689500&end_ts=1763775900&period_interval=1,1,True,2025-11-21_Minnesota_Timberwolves_at_Phoenix_Suns
2025-11-21,2025-11-22 00:30:00+00:00,Brooklyn Nets,Boston Celtics,113,105,0,-8,https://www.basketball-reference.com/leagues/NBA_2026_games-november.html,KXNBAGAME-25NOV21BKNBOS-BOS,KXNBAGAME-25NOV21BKNBOS,Boston Celtics,2025-11-22 03:30:00+00:00,2025-11-19 16:06:00+00:00,0.0,3864659.0,historical,2025-11-21,230,missing,,,,,,,,,,,,0,True,2025-11-21_Brooklyn_Nets_at_Boston_Celtics
2025-11-21,2025-11-22 01:00:00+00:00,Miami Heat,Chicago Bulls,143,107,0,-36,https://www.basketball-reference.com/leagues/NBA_2026_games-november.html,KXNBAGAME-25NOV21MIACHI-CHI,KXNBAGAME-25NOV21MIACHI,Chicago Bulls,2025-11-22 04:00:00+00:00,2025-11-19 16:06:00+00:00,0.0,2446271.0,historical,2025-11-21,231,available,0.555,0.55,0.56,0.56,0.010000000000000009,bid_ask_midpoint,2025-11-22T00:45:00+00:00,15.0,604851.0,1330.0,https://api.elections.kalshi.com/trade-api/v2/historical/markets/KXNBAGAME-25NOV21MIACHI-CHI/candlesticks?start_ts=1763685900&end_ts=1763772300&period_interval=1,0,True,2025-11-21_Miami_Heat_at_Chicago_Bulls
2025-11-21,2025-11-22 00:30:00+00:00,Washington Wizards,Toronto Raptors,110,140,1,30,https://www.basketball-reference.com/leagues/NBA_2026_games-november.html,KXNBAGAME-25NOV21WASTOR-TOR,KXNBAGAME-25NOV21WASTOR,Toronto Raptors,2025-11-22 03:30:00+00:00,2025-11-19 16:06:00+00:00,1.0,758688.0,historical,2025-11-21,232,available,0.885,0.88,0.89,0.89,0.010000000000000009,bid_ask_midpoint,2025-11-22T00:15:00+00:00,15.0,426273.0,1320.0,https://api.elections.kalshi.com/trade-api/v2/historical/markets/KXNBAGAME-25NOV21WASTOR-TOR/candlesticks?start_ts=1763684100&end_ts=1763770500&period_interval=1,1,True,2025-11-21_Washington_Wizards_at_Toronto_Raptors
2025-11-21,2025-11-22 00:00:00+00:00,Indiana Pacers,Cleveland Cavaliers,109,120,1,11,https://www.basketball-reference.com/leagues/NBA_2026_games-november.html,KXNBAGAME-25NOV21INDCLE-CLE,KXNBAGAME-25NOV21INDCLE,Cleveland Cavaliers,2025-11-22 03:00:00+00:00,2025-11-19 16:06:00+00:00,1.0,1525231.0,historical,2025-11-21,233,available,0.875,0.87,0.88,0.88,0.010000000000000009,bid_ask_midpoint,2025-11-21T23:45:00+00:00,15.0,461131.0,1370.0,https://api.elections.kalshi.com/trade-api/v2/historical/markets/KXNBAGAME-25NOV21INDCLE-CLE/candlesticks?start_ts=1763682300&end_ts=1763768700&period_interval=1,1,True,2025-11-21_Indiana_Pacers_at_Cleveland_Cavaliers
2025-11-21,2025-11-22 01:30:00+00:00,New Orleans Pelicans,Dallas Mavericks,115,118,1,3,https://www.basketball-reference.com/leagues/NBA_2026_games-november.html,KXNBAGAME-25NOV21NOPDAL-DAL,KXNBAGAME-25NOV21NOPDAL,Dallas Mavericks,2025-11-22 04:30:00+00:00,2025-11-19 19:06:00+00:00,1.0,4060080.0,historical,2025-11-21,234,available,0.595,0.59,0.6,0.6,0.010000000000000009,bid_ask_midpoint,2025-11-22T01:15:00+00:00,15.0,507682.0,1407.0,https://api.elections.kalshi.com/trade-api/v2/historical/markets/KXNBAGAME-25NOV21NOPDAL-DAL/candlesticks?start_ts=1763687700&end_ts=1763774100&period_interval=1,1,True,2025-11-21_New_Orleans_Pelicans_at_Dallas_Mavericks
2025-11-22,2025-11-23 00:00:00+00:00,Atlanta Hawks,New Orleans Pelicans,115,98,0,-17,https://www.basketball-reference.com/leagues/NBA_2026_games-november.html,KXNBAGAME-25NOV22ATLNOP-NOP,KXNBAGAME-25NOV22ATLNOP,New Orleans Pelicans,2025-11-23 03:00:00+00:00,2025-11-20 16:06:00+00:00,0.0,1337608.0,historical,2025-11-22,237,available,0.2,0.19,0.21,0.21,0.01999999999999999,bid_ask_midpoint,2025-11-22T23:45:00+00:00,15.0,62600.0,1329.0,https://api.elections.kalshi.com/trade-api/v2/historical/markets/KXNBAGAME-25NOV22ATLNOP-NOP/candlesticks?start_ts=1763768700&end_ts=1763855100&period_interval=1,0,True,2025-11-22_Atlanta_Hawks_at_New_Orleans_Pelicans
2025-11-22,2025-11-23 01:00:00+00:00,Washington Wizards,Chicago Bulls,120,121,1,1,https://www.basketball-reference.com/leagues/NBA_2026_games-november.html,KXNBAGAME-25NOV22WASCHI-CHI,KXNBAGAME-25NOV22WASCHI,Chicago Bulls,2025-11-23 04:00:00+00:00,2025-11-20 16:06:00+00:00,1.0,3618225.0,historical,2025-11-22,238,available,0.855,0.85,0.86,0.86,0.010000000000000009,bid_ask_midpoint,2025-11-23T00:45:00+00:00,15.0,172597.0,1126.0,https://api.elections.kalshi.com/trade-api/v2/historical/markets/KXNBAGAME-25NOV22WASCHI-CHI/candlesticks?start_ts=1763772300&end_ts=1763858700&period_interval=1,1,True,2025-11-22_Washington_Wizards_at_Chicago_Bulls
2025-11-22,2025-11-23 01:00:00+00:00,Detroit Pistons,Milwaukee Bucks,129,116,0,-13,https://www.basketball-reference.com/leagues/NBA_2026_games-november.html,KXNBAGAME-25NOV22DETMIL-MIL,KXNBAGAME-25NOV22DETMIL,Milwaukee Bucks,2025-11-23 04:00:00+00:00,2025-11-20 16:06:00+00:00,0.0,1348129.0,historical,2025-11-22,239,available,0.245,0.24,0.25,0.25,0.010000000000000009,bid_ask_midpoint,2025-11-23T00:45:00+00:00,15.0,316357.0,1201.0,https://api.elections.kalshi.com/trade-api/v2/historical/markets/KXNBAGAME-25NOV22DETMIL-MIL/candlesticks?start_ts=1763772300&end_ts=1763858700&period_interval=1,0,True,2025-11-22_Detroit_Pistons_at_Milwaukee_Bucks
2025-11-22,2025-11-23 01:30:00+00:00,Memphis Grizzlies,Dallas Mavericks,102,96,0,-6,https://www.basketball-reference.com/leagues/NBA_2026_games-november.html,KXNBAGAME-25NOV22MEMDAL-DAL,KXNBAGAME-25NOV22MEMDAL,Dallas Mavericks,2025-11-23 04:30:00+00:00,2025-11-20 19:06:00+00:00,0.0,3766023.0,historical,2025-11-22,240,available,0.505,0.5,0.51,0.51,0.010000000000000009,bid_ask_midpoint,2025-11-23T01:15:00+00:00,15.0,554559.0,1335.0,https://api.elections.kalshi.com/trade-api/v2/historical/markets/KXNBAGAME-25NOV22MEMDAL-DAL/candlesticks?start_ts=1763774100&end_ts=1763860500&period_interval=1,0,True,2025-11-22_Memphis_Grizzlies_at_Dallas_Mavericks
2025-11-22,2025-11-23 03:00:00+00:00,Sacramento Kings,Denver Nuggets,128,123,0,-5,https://www.basketball-reference.com/leagues/NBA_2026_games-november.html,KXNBAGAME-25NOV22SACDEN-DEN,KXNBAGAME-25NOV22SACDEN,Denver Nuggets,2025-11-23 06:00:00+00:00,2025-11-20 19:06:00+00:00,0.0,6059124.0,historical,2025-11-23,241,available,0.835,0.83,0.84,0.84,0.010000000000000009,bid_ask_midpoint,2025-11-23T02:45:00+00:00,15.0,522066.0,1312.0,https://api.elections.kalshi.com/trade-api/v2/historical/markets/KXNBAGAME-25NOV22SACDEN-DEN/candlesticks?start_ts=1763779500&end_ts=1763865900&period_interval=1,0,True,2025-11-22_Sacramento_Kings_at_Denver_Nuggets
2025-11-23,2025-11-24 00:00:00+00:00,Portland Trail Blazers,Oklahoma City Thunder,95,122,1,27,https://www.basketball-reference.com/leagues/NBA_2026_games-november.html,KXNBAGAME-25NOV23POROKC-OKC,KXNBAGAME-25NOV23POROKC,Oklahoma City Thunder,2025-11-24 03:00:00+00:00,2025-11-21 16:06:00+00:00,1.0,1389899.0,historical,2025-11-23,242,available,0.895,0.89,0.9,0.89,0.010000000000000009,bid_ask_midpoint,2025-11-23T23:45:00+00:00,15.0,165908.0,1256.0,https://api.elections.kalshi.com/trade-api/v2/historical/markets/KXNBAGAME-25NOV23POROKC-OKC/candlesticks?start_ts=1763855100&end_ts=1763941500&period_interval=1,1,True,2025-11-23_Portland_Trail_Blazers_at_Oklahoma_City_Thunder
2025-11-23,2025-11-24 01:00:00+00:00,San Antonio Spurs,Phoenix Suns,102,111,1,9,https://www.basketball-reference.com/leagues/NBA_2026_games-november.html,KXNBAGAME-25NOV23SASPHX-PHX,KXNBAGAME-25NOV23SASPHX,Phoenix Suns,2025-11-24 04:00:00+00:00,2025-11-21 16:06:00+00:00,1.0,4596533.0,historical,2025-11-23,243,available,0.545,0.54,0.55,0.55,0.010000000000000009,bid_ask_midpoint,2025-11-24T00:45:00+00:00,15.0,281682.0,1247.0,https://api.elections.kalshi.com/trade-api/v2/historical/markets/KXNBAGAME-25NOV23SASPHX-PHX/candlesticks?start_ts=1763858700&end_ts=1763945100&period_interval=1,1,True,2025-11-23_San_Antonio_Spurs_at_Phoenix_Suns
2025-11-23,2025-11-23 23:00:00+00:00,Brooklyn Nets,Toronto Raptors,109,119,1,10,https://www.basketball-reference.com/leagues/NBA_2026_games-november.html,KXNBAGAME-25NOV23BKNTOR-TOR,KXNBAGAME-25NOV23BKNTOR,Toronto Raptors,2025-11-24 02:00:00+00:00,2025-11-21 16:06:00+00:00,1.0,1593398.0,historical,2025-11-23,244,available,0.845,0.84,0.85,0.85,0.010000000000000009,bid_ask_midpoint,2025-11-23T22:45:00+00:00,15.0,297970.0,1342.0,https://api.elections.kalshi.com/trade-api/v2/historical/markets/KXNBAGAME-25NOV23BKNTOR-TOR/candlesticks?start_ts=1763851500&end_ts=1763937900&period_interval=1,1,True,2025-11-23_Brooklyn_Nets_at_Toronto_Raptors
2025-11-23,2025-11-23 23:00:00+00:00,Orlando Magic,Boston Celtics,129,138,1,9,https://www.basketball-reference.com/leagues/NBA_2026_games-november.html,KXNBAGAME-25NOV23ORLBOS-BOS,KXNBAGAME-25NOV23ORLBOS,Boston Celtics,2025-11-24 02:00:00+00:00,2025-11-21 16:06:00+00:00,1.0,670237.0,historical,2025-11-23,246,missing,,,,,,,,,,,,1,True,2025-11-23_Orlando_Magic_at_Boston_Celtics
2025-11-23,2025-11-23 23:00:00+00:00,Charlotte Hornets,Atlanta Hawks,110,113,1,3,https://www.basketball-reference.com/leagues/NBA_2026_games-november.html,KXNBAGAME-25NOV23CHAATL-ATL,KXNBAGAME-25NOV23CHAATL,Atlanta Hawks,2025-11-24 02:00:00+00:00,2025-11-21 16:06:00+00:00,1.0,2463921.0,historical,2025-11-23,247,missing,,,,,,,,,,,,1,True,2025-11-23_Charlotte_Hornets_at_Atlanta_Hawks
2025-11-23,2025-11-23 18:00:00+00:00,Miami Heat,Philadelphia 76ers,127,117,0,-10,https://www.basketball-reference.com/leagues/NBA_2026_games-november.html,KXNBAGAME-25NOV23MIAPHI-PHI,KXNBAGAME-25NOV23MIAPHI,Philadelphia 76ers,2025-11-23 21:00:00+00:00,2025-11-21 10:06:00+00:00,0.0,2229066.0,historical,2025-11-23,248,available,0.48,0.47,0.49,0.47,0.020000000000000018,bid_ask_midpoint,2025-11-23T17:45:00+00:00,15.0,379503.0,1159.0,https://api.elections.kalshi.com/trade-api/v2/historical/markets/KXNBAGAME-25NOV23MIAPHI-PHI/candlesticks?start_ts=1763833500&end_ts=1763919900&period_interval=1,0,True,2025-11-23_Miami_Heat_at_Philadelphia_76ers
2025-11-24,2025-11-25 03:00:00+00:00,Minnesota Timberwolves,Sacramento Kings,112,117,1,5,https://www.basketball-reference.com/leagues/NBA_2026_games-november.html,KXNBAGAME-25NOV24MINSAC-SAC,KXNBAGAME-25NOV24MINSAC,Sacramento Kings,2025-11-25 06:00:00+00:00,2025-11-22 19:07:00+00:00,1.0,3674053.0,historical,2025-11-25,250,available,0.20500000000000002,0.2,0.21,,0.009999999999999981,bid_ask_midpoint,2025-11-25T02:45:00+00:00,15.0,128917.0,1404.0,https://api.elections.kalshi.com/trade-api/v2/historical/markets/KXNBAGAME-25NOV24MINSAC-SAC/candlesticks?start_ts=1763952300&end_ts=1764038700&period_interval=1,1,True,2025-11-24_Minnesota_Timberwolves_at_Sacramento_Kings
2025-11-24,2025-11-25 03:00:00+00:00,Utah Jazz,Golden State Warriors,117,134,1,17,https://www.basketball-reference.com/leagues/NBA_2026_games-november.html,KXNBAGAME-25NOV24UTAGSW-GSW,KXNBAGAME-25NOV24UTAGSW,Golden State Warriors,2025-11-25 06:00:00+00:00,2025-11-22 19:07:00+00:00,1.0,762926.0,historical,2025-11-25,251,available,0.855,0.85,0.86,0.85,0.010000000000000009,bid_ask_midpoint,2025-11-25T02:45:00+00:00,15.0,57482.0,1369.0,https://api.elections.kalshi.com/trade-api/v2/historical/markets/KXNBAGAME-25NOV24UTAGSW-GSW/candlesticks?start_ts=1763952300&end_ts=1764038700&period_interval=1,1,True,2025-11-24_Utah_Jazz_at_Golden_State_Warriors
2025-11-24,2025-11-25 01:00:00+00:00,Chicago Bulls,New Orleans Pelicans,130,143,1,13,https://www.basketball-reference.com/leagues/NBA_2026_games-november.html,KXNBAGAME-25NOV24CHINOP-NOP,KXNBAGAME-25NOV24CHINOP,New Orleans Pelicans,2025-11-25 04:00:00+00:00,2025-11-22 16:06:00+00:00,1.0,1371692.0,historical,2025-11-24,252,available,0.345,0.34,0.35,0.35,0.009999999999999953,bid_ask_midpoint,2025-11-25T00:45:00+00:00,15.0,255058.0,1439.0,https://api.elections.kalshi.com/trade-api/v2/historical/markets/KXNBAGAME-25NOV24CHINOP-NOP/candlesticks?start_ts=1763945100&end_ts=1764031500&period_interval=1,1,True,2025-11-24_Chicago_Bulls_at_New_Orleans_Pelicans
2025-11-24,2025-11-25 02:30:00+00:00,Houston Rockets,Phoenix Suns,114,92,0,-22,https://www.basketball-reference.com/leagues/NBA_2026_games-november.html,KXNBAGAME-25NOV24HOUPHX-PHX,KXNBAGAME-25NOV24HOUPHX,Phoenix Suns,2025-11-25 05:30:00+00:00,2025-11-22 19:07:00+00:00,0.0,3968586.0,historical,2025-11-25,253,available,0.325,0.32,0.33,0.33,0.010000000000000009,bid_ask_midpoint,2025-11-25T02:15:00+00:00,15.0,567108.0,1429.0,https://api.elections.kalshi.com/trade-api/v2/historical/markets/KXNBAGAME-25NOV24HOUPHX-PHX/candlesticks?start_ts=1763950500&end_ts=1764036900&period_interval=1,0,True,2025-11-24_Houston_Rockets_at_Phoenix_Suns
2025-11-24,2025-11-25 01:00:00+00:00,Portland Trail Blazers,Milwaukee Bucks,115,103,0,-12,https://www.basketball-reference.com/leagues/NBA_2026_games-november.html,KXNBAGAME-25NOV24PORMIL-MIL,KXNBAGAME-25NOV24PORMIL,Milwaukee Bucks,2025-11-25 04:00:00+00:00,2025-11-22 16:06:00+00:00,0.0,933162.0,historical,2025-11-24,254,missing,,,,,,,,,,,,0,True,2025-11-24_Portland_Trail_Blazers_at_Milwaukee_Bucks
2025-11-24,2025-11-25 00:00:00+00:00,Cleveland Cavaliers,Toronto Raptors,99,110,1,11,https://www.basketball-reference.com/leagues/NBA_2026_games-november.html,KXNBAGAME-25NOV24CLETOR-TOR,KXNBAGAME-25NOV24CLETOR,Toronto Raptors,2025-11-25 03:00:00+00:00,2025-11-22 16:06:00+00:00,1.0,3423663.0,historical,2025-11-24,255,missing,,,,,,,,,,,,1,True,2025-11-24_Cleveland_Cavaliers_at_Toronto_Raptors
2025-11-24,2025-11-25 00:30:00+00:00,Dallas Mavericks,Miami Heat,102,106,1,4,https://www.basketball-reference.com/leagues/NBA_2026_games-november.html,KXNBAGAME-25NOV24DALMIA-MIA,KXNBAGAME-25NOV24DALMIA,Miami Heat,2025-11-25 03:30:00+00:00,2025-11-22 16:06:00+00:00,1.0,1718245.0,historical,2025-11-24,256,available,0.715,0.71,0.72,0.72,0.010000000000000009,bid_ask_midpoint,2025-11-25T00:15:00+00:00,15.0,421600.0,1362.0,https://api.elections.kalshi.com/trade-api/v2/historical/markets/KXNBAGAME-25NOV24DALMIA-MIA/candlesticks?start_ts=1763943300&end_ts=1764029700&period_interval=1,1,True,2025-11-24_Dallas_Mavericks_at_Miami_Heat
2025-11-24,2025-11-25 00:00:00+00:00,Detroit Pistons,Indiana Pacers,122,117,0,-5,https://www.basketball-reference.com/leagues/NBA_2026_games-november.html,KXNBAGAME-25NOV24DETIND-IND,KXNBAGAME-25NOV24DETIND,Indiana Pacers,2025-11-25 03:00:00+00:00,2025-11-22 16:06:00+00:00,0.0,1494734.0,historical,2025-11-24,258,available,0.20500000000000002,0.2,0.21,0.21,0.009999999999999981,bid_ask_midpoint,2025-11-24T23:45:00+00:00,15.0,157556.0,1333.0,https://api.elections.kalshi.com/trade-api/v2/historical/markets/KXNBAGAME-25NOV24DETIND-IND/candlesticks?start_ts=1763941500&end_ts=1764027900&period_interval=1,0,True,2025-11-24_Detroit_Pistons_at_Indiana_Pacers
2025-11-24,2025-11-25 01:00:00+00:00,Denver Nuggets,Memphis Grizzlies,125,115,0,-10,https://www.basketball-reference.com/leagues/NBA_2026_games-november.html,KXNBAGAME-25NOV24DENMEM-MEM,KXNBAGAME-25NOV24DENMEM,Memphis Grizzlies,2025-11-25 04:00:00+00:00,2025-11-22 16:06:00+00:00,0.0,772002.0,historical,2025-11-24,259,available,0.275,0.27,0.28,,0.010000000000000009,bid_ask_midpoint,2025-11-25T00:45:00+00:00,15.0,66323.0,1397.0,https://api.elections.kalshi.com/trade-api/v2/historical/markets/KXNBAGAME-25NOV24DENMEM-MEM/candlesticks?start_ts=1763945100&end_ts=1764031500&period_interval=1,0,True,2025-11-24_Denver_Nuggets_at_Memphis_Grizzlies
2025-11-25,2025-11-26 00:00:00+00:00,Atlanta Hawks,Washington Wizards,113,132,1,19,https://www.basketball-reference.com/leagues/NBA_2026_games-november.html,KXNBAGAME-25NOV25ATLWAS-WAS,KXNBAGAME-25NOV25ATLWAS,Washington Wizards,2025-11-26 03:00:00+00:00,2025-11-23 16:06:00+00:00,1.0,4345307.0,historical,2025-11-25,260,available,0.175,0.17,0.18,0.18,0.009999999999999981,bid_ask_midpoint,2025-11-25T23:45:00+00:00,15.0,299360.0,1279.0,https://api.elections.kalshi.com/trade-api/v2/historical/markets/KXNBAGAME-25NOV25ATLWAS-WAS/candlesticks?start_ts=1764027900&end_ts=1764114300&period_interval=1,1,True,2025-11-25_Atlanta_Hawks_at_Washington_Wizards
2025-11-25,2025-11-26 01:00:00+00:00,Orlando Magic,Philadelphia 76ers,144,103,0,-41,https://www.basketball-reference.com/leagues/NBA_2026_games-november.html,KXNBAGAME-25NOV25ORLPHI-PHI,KXNBAGAME-25NOV25ORLPHI,Philadelphia 76ers,2025-11-26 04:00:00+00:00,2025-11-23 16:06:00+00:00,0.0,3313835.0,historical,2025-11-25,261,available,0.375,0.37,0.38,0.38,0.010000000000000009,bid_ask_midpoint,2025-11-26T00:45:00+00:00,15.0,625240.0,1372.0,https://api.elections.kalshi.com/trade-api/v2/historical/markets/KXNBAGAME-25NOV25ORLPHI-PHI/candlesticks?start_ts=1764031500&end_ts=1764117900&period_interval=1,0,True,2025-11-25_Orlando_Magic_at_Philadelphia_76ers
2025-11-26,2025-11-27 03:00:00+00:00,Phoenix Suns,Sacramento Kings,112,100,0,-12,https://www.basketball-reference.com/leagues/NBA_2026_games-november.html,KXNBAGAME-25NOV26PHXSAC-SAC,KXNBAGAME-25NOV26PHXSAC,Sacramento Kings,2025-11-27 06:00:00+00:00,2025-11-24 19:06:00+00:00,0.0,1667330.0,historical,2025-11-27,263,available,0.365,0.36,0.37,0.37,0.010000000000000009,bid_ask_midpoint,2025-11-27T02:45:00+00:00,15.0,130764.0,1398.0,https://api.elections.kalshi.com/trade-api/v2/historical/markets/KXNBAGAME-25NOV26PHXSAC-SAC/candlesticks?start_ts=1764125100&end_ts=1764211500&period_interval=1,0,True,2025-11-26_Phoenix_Suns_at_Sacramento_Kings
2025-11-26,2025-11-27 03:00:00+00:00,San Antonio Spurs,Portland Trail Blazers,115,102,0,-13,https://www.basketball-reference.com/leagues/NBA_2026_games-november.html,KXNBAGAME-25NOV26SASPOR-POR,KXNBAGAME-25NOV26SASPOR,Portland Trail Blazers,2025-11-27 06:00:00+00:00,2025-11-24 19:06:00+00:00,0.0,2403455.0,historical,2025-11-27,264,missing,,,,,,,,,,,,0,True,2025-11-26_San_Antonio_Spurs_at_Portland_Trail_Blazers
2025-11-26,2025-11-27 03:00:00+00:00,Houston Rockets,Golden State Warriors,104,100,0,-4,https://www.basketball-reference.com/leagues/NBA_2026_games-november.html,KXNBAGAME-25NOV26HOUGSW-GSW,KXNBAGAME-25NOV26HOUGSW,Golden State Warriors,2025-11-27 06:00:00+00:00,2025-11-24 19:06:00+00:00,0.0,7835814.0,historical,2025-11-27,265,missing,,,,,,,,,,,,0,True,2025-11-26_Houston_Rockets_at_Golden_State_Warriors
2025-11-26,2025-11-27 01:00:00+00:00,Memphis Grizzlies,New Orleans Pelicans,133,128,0,-5,https://www.basketball-reference.com/leagues/NBA_2026_games-november.html,KXNBAGAME-25NOV26MEMNOP-NOP,KXNBAGAME-25NOV26MEMNOP,New Orleans Pelicans,2025-11-27 04:00:00+00:00,2025-11-24 16:06:00+00:00,0.0,3467385.0,historical,2025-11-26,266,available,0.405,0.4,0.41,0.41,0.009999999999999953,bid_ask_midpoint,2025-11-27T00:45:00+00:00,15.0,98969.0,1251.0,https://api.elections.kalshi.com/trade-api/v2/historical/markets/KXNBAGAME-25NOV26MEMNOP-NOP/candlesticks?start_ts=1764117900&end_ts=1764204300&period_interval=1,0,True,2025-11-26_Memphis_Grizzlies_at_New_Orleans_Pelicans
2025-11-26,2025-11-27 00:30:00+00:00,Minnesota Timberwolves,Oklahoma City Thunder,105,113,1,8,https://www.basketball-reference.com/leagues/NBA_2026_games-november.html,KXNBAGAME-25NOV26MINOKC-OKC,KXNBAGAME-25NOV26MINOKC,Oklahoma City Thunder,2025-11-27 03:30:00+00:00,2025-11-24 16:06:00+00:00,1.0,4960316.0,historical,2025-11-26,267,available,0.795,0.79,0.8,0.8,0.010000000000000009,bid_ask_midpoint,2025-11-27T00:15:00+00:00,15.0,409811.0,1382.0,https://api.elections.kalshi.com/trade-api/v2/historical/markets/KXNBAGAME-25NOV26MINOKC-OKC/candlesticks?start_ts=1764116100&end_ts=1764202500&period_interval=1,1,True,2025-11-26_Minnesota_Timberwolves_at_Oklahoma_City_Thunder
2025-11-26,2025-11-27 00:30:00+00:00,Milwaukee Bucks,Miami Heat,103,106,1,3,https://www.basketball-reference.com/leagues/NBA_2026_games-november.html,KXNBAGAME-25NOV26MILMIA-MIA,KXNBAGAME-25NOV26MILMIA,Miami Heat,2025-11-27 03:30:00+00:00,2025-11-24 16:06:00+00:00,1.0,1474554.0,historical,2025-11-26,268,available,0.795,0.79,0.8,0.8,0.010000000000000009,bid_ask_midpoint,2025-11-27T00:15:00+00:00,15.0,279355.0,1260.0,https://api.elections.kalshi.com/trade-api/v2/historical/markets/KXNBAGAME-25NOV26MILMIA-MIA/candlesticks?start_ts=1764116100&end_ts=1764202500&period_interval=1,1,True,2025-11-26_Milwaukee_Bucks_at_Miami_Heat
2025-11-26,2025-11-26 22:00:00+00:00,Detroit Pistons,Boston Celtics,114,117,1,3,https://www.basketball-reference.com/leagues/NBA_2026_games-november.html,KXNBAGAME-25NOV26DETBOS-BOS,KXNBAGAME-25NOV26DETBOS,Boston Celtics,2025-11-27 01:00:00+00:00,2025-11-24 13:06:00+00:00,1.0,5199405.0,historical,2025-11-26,270,available,0.445,0.44,0.45,0.45,0.010000000000000009,bid_ask_midpoint,2025-11-26T21:45:00+00:00,15.0,568435.0,1393.0,https://api.elections.kalshi.com/trade-api/v2/historical/markets/KXNBAGAME-25NOV26DETBOS-BOS/candlesticks?start_ts=1764107100&end_ts=1764193500&period_interval=1,1,True,2025-11-26_Detroit_Pistons_at_Boston_Celtics
2025-11-26,2025-11-27 00:30:00+00:00,Indiana Pacers,Toronto Raptors,95,97,1,2,https://www.basketball-reference.com/leagues/NBA_2026_games-november.html,KXNBAGAME-25NOV26INDTOR-TOR,KXNBAGAME-25NOV26INDTOR,Toronto Raptors,2025-11-27 03:30:00+00:00,2025-11-24 16:06:00+00:00,1.0,3069381.0,historical,2025-11-26,271,available,0.805,0.8,0.81,0.81,0.010000000000000009,bid_ask_midpoint,2025-11-27T00:15:00+00:00,15.0,289274.0,1286.0,https://api.elections.kalshi.com/trade-api/v2/historical/markets/KXNBAGAME-25NOV26INDTOR-TOR/candlesticks?start_ts=1764116100&end_ts=1764202500&period_interval=1,1,True,2025-11-26_Indiana_Pacers_at_Toronto_Raptors
2025-11-28,2025-11-29 02:30:00+00:00,Phoenix Suns,Oklahoma City Thunder,119,123,1,4,https://www.basketball-reference.com/leagues/NBA_2026_games-november.html,KXNBAGAME-25NOV28PHXOKC-OKC,KXNBAGAME-25NOV28PHXOKC,Oklahoma City Thunder,2025-11-29 05:30:00+00:00,2025-11-26 19:06:00+00:00,1.0,1243564.0,historical,2025-11-29,272,available,0.885,0.88,0.89,0.89,0.010000000000000009,bid_ask_midpoint,2025-11-29T02:15:00+00:00,15.0,149622.0,1395.0,https://api.elections.kalshi.com/trade-api/v2/historical/markets/KXNBAGAME-25NOV28PHXOKC-OKC/candlesticks?start_ts=1764296100&end_ts=1764382500&period_interval=1,1,True,2025-11-28_Phoenix_Suns_at_Oklahoma_City_Thunder
2025-11-28,2025-11-29 02:30:00+00:00,Sacramento Kings,Utah Jazz,119,128,1,9,https://www.basketball-reference.com/leagues/NBA_2026_games-november.html,KXNBAGAME-25NOV28SACUTA-UTA,KXNBAGAME-25NOV28SACUTA,Utah Jazz,2025-11-29 05:30:00+00:00,2025-11-26 19:06:00+00:00,1.0,1088909.0,historical,2025-11-29,275,missing,,,,,,,,,,,,1,True,2025-11-28_Sacramento_Kings_at_Utah_Jazz
2025-11-28,2025-11-29 02:30:00+00:00,San Antonio Spurs,Denver Nuggets,139,136,0,-3,https://www.basketball-reference.com/leagues/NBA_2026_games-november.html,KXNBAGAME-25NOV28SASDEN-DEN,KXNBAGAME-25NOV28SASDEN,Denver Nuggets,2025-11-29 05:30:00+00:00,2025-11-26 19:06:00+00:00,0.0,2466812.0,historical,2025-11-29,276,available,0.735,0.73,0.74,0.74,0.010000000000000009,bid_ask_midpoint,2025-11-29T02:15:00+00:00,15.0,126893.0,1438.0,https://api.elections.kalshi.com/trade-api/v2/historical/markets/KXNBAGAME-25NOV28SASDEN-DEN/candlesticks?start_ts=1764296100&end_ts=1764382500&period_interval=1,0,True,2025-11-28_San_Antonio_Spurs_at_Denver_Nuggets
2025-11-28,2025-11-29 00:30:00+00:00,Orlando Magic,Detroit Pistons,112,109,0,-3,https://www.basketball-reference.com/leagues/NBA_2026_games-november.html,KXNBAGAME-25NOV28ORLDET-DET,KXNBAGAME-25NOV28ORLDET,Detroit Pistons,2025-11-29 03:30:00+00:00,2025-11-26 16:06:00+00:00,0.0,4492940.0,historical,2025-11-28,277,missing,,,,,,,,,,,,0,True,2025-11-28_Orlando_Magic_at_Detroit_Pistons
2025-11-28,2025-11-29 00:30:00+00:00,Washington Wizards,Indiana Pacers,86,119,1,33,https://www.basketball-reference.com/leagues/NBA_2026_games-november.html,KXNBAGAME-25NOV28WASIND-IND,KXNBAGAME-25NOV28WASIND,Indiana Pacers,2025-11-29 03:30:00+00:00,2025-11-26 16:06:00+00:00,1.0,292584.0,historical,2025-11-28,278,available,0.695,0.69,0.7,,0.010000000000000009,bid_ask_midpoint,2025-11-29T00:15:00+00:00,15.0,47313.0,1439.0,https://api.elections.kalshi.com/trade-api/v2/historical/markets/KXNBAGAME-25NOV28WASIND-IND/candlesticks?start_ts=1764288900&end_ts=1764375300&period_interval=1,1,True,2025-11-28_Washington_Wizards_at_Indiana_Pacers
2025-11-28,2025-11-29 00:30:00+00:00,Chicago Bulls,Charlotte Hornets,116,123,1,7,https://www.basketball-reference.com/leagues/NBA_2026_games-november.html,KXNBAGAME-25NOV28CHICHA-CHA,KXNBAGAME-25NOV28CHICHA,Charlotte Hornets,2025-11-29 03:30:00+00:00,2025-11-26 16:06:00+00:00,1.0,1194716.0,historical,2025-11-28,279,available,0.42,0.41,0.43,0.43,0.020000000000000018,bid_ask_midpoint,2025-11-29T00:15:00+00:00,15.0,78691.0,1417.0,https://api.elections.kalshi.com/trade-api/v2/historical/markets/KXNBAGAME-25NOV28CHICHA-CHA/candlesticks?start_ts=1764288900&end_ts=1764375300&period_interval=1,1,True,2025-11-28_Chicago_Bulls_at_Charlotte_Hornets
2025-11-28,2025-11-29 00:30:00+00:00,Philadelphia 76ers,Brooklyn Nets,115,103,0,-12,https://www.basketball-reference.com/leagues/NBA_2026_games-november.html,KXNBAGAME-25NOV28PHIBKN-BKN,KXNBAGAME-25NOV28PHIBKN,Brooklyn Nets,2025-11-29 03:30:00+00:00,2025-11-26 16:06:00+00:00,0.0,407496.0,historical,2025-11-28,280,available,0.28500000000000003,0.28,0.29,0.29,0.009999999999999953,bid_ask_midpoint,2025-11-29T00:15:00+00:00,15.0,31445.0,1437.0,https://api.elections.kalshi.com/trade-api/v2/historical/markets/KXNBAGAME-25NOV28PHIBKN-BKN/candlesticks?start_ts=1764288900&end_ts=1764375300&period_interval=1,0,True,2025-11-28_Philadelphia_76ers_at_Brooklyn_Nets
2025-11-28,2025-11-29 00:30:00+00:00,Cleveland Cavaliers,Atlanta Hawks,123,130,1,7,https://www.basketball-reference.com/leagues/NBA_2026_games-november.html,KXNBAGAME-25NOV28CLEATL-ATL,KXNBAGAME-25NOV28CLEATL,Atlanta Hawks,2025-11-29 03:30:00+00:00,2025-11-26 16:06:00+00:00,1.0,2064164.0,historical,2025-11-28,281,missing,,,,,,,,,,,,1,True,2025-11-28_Cleveland_Cavaliers_at_Atlanta_Hawks
2025-11-29,2025-11-30 02:00:00+00:00,Denver Nuggets,Phoenix Suns,130,112,0,-18,https://www.basketball-reference.com/leagues/NBA_2026_games-november.html,KXNBAGAME-25NOV29DENPHX-PHX,KXNBAGAME-25NOV29DENPHX,Phoenix Suns,2025-11-30 05:00:00+00:00,2025-11-27 19:06:00+00:00,0.0,1599983.0,historical,2025-11-30,284,available,0.375,0.37,0.38,0.38,0.010000000000000009,bid_ask_midpoint,2025-11-30T01:45:00+00:00,15.0,98028.0,1246.0,https://api.elections.kalshi.com/trade-api/v2/historical/markets/KXNBAGAME-25NOV29DENPHX-PHX/candlesticks?start_ts=1764380700&end_ts=1764467100&period_interval=1,0,True,2025-11-29_Denver_Nuggets_at_Phoenix_Suns
2025-11-29,2025-11-30 01:30:00+00:00,New Orleans Pelicans,Golden State Warriors,96,104,1,8,https://www.basketball-reference.com/leagues/NBA_2026_games-november.html,KXNBAGAME-25NOV29NOPGSW-GSW,KXNBAGAME-25NOV29NOPGSW,Golden State Warriors,2025-11-30 04:30:00+00:00,2025-11-27 19:06:00+00:00,1.0,2029555.0,historical,2025-11-29,285,available,0.785,0.78,0.79,0.79,0.010000000000000009,bid_ask_midpoint,2025-11-30T01:15:00+00:00,15.0,177243.0,1299.0,https://api.elections.kalshi.com/trade-api/v2/historical/markets/KXNBAGAME-25NOV29NOPGSW-GSW/candlesticks?start_ts=1764378900&end_ts=1764465300&period_interval=1,1,True,2025-11-29_New_Orleans_Pelicans_at_Golden_State_Warriors
2025-11-29,2025-11-30 01:00:00+00:00,Brooklyn Nets,Milwaukee Bucks,99,116,1,17,https://www.basketball-reference.com/leagues/NBA_2026_games-november.html,KXNBAGAME-25NOV29BKNMIL-MIL,KXNBAGAME-25NOV29BKNMIL,Milwaukee Bucks,2025-11-30 04:00:00+00:00,2025-11-27 16:06:00+00:00,1.0,605980.0,historical,2025-11-29,286,available,0.825,0.82,0.83,0.83,0.010000000000000009,bid_ask_midpoint,2025-11-30T00:45:00+00:00,15.0,374775.0,1280.0,https://api.elections.kalshi.com/trade-api/v2/historical/markets/KXNBAGAME-25NOV29BKNMIL-MIL/candlesticks?start_ts=1764377100&end_ts=1764463500&period_interval=1,1,True,2025-11-29_Brooklyn_Nets_at_Milwaukee_Bucks
2025-11-29,2025-11-30 01:00:00+00:00,Detroit Pistons,Miami Heat,138,135,0,-3,https://www.basketball-reference.com/leagues/NBA_2026_games-november.html,KXNBAGAME-25NOV29DETMIA-MIA,KXNBAGAME-25NOV29DETMIA,Miami Heat,2025-11-30 04:00:00+00:00,2025-11-27 16:06:00+00:00,0.0,1791552.0,historical,2025-11-29,287,missing,,,,,,,,,,,,0,True,2025-11-29_Detroit_Pistons_at_Miami_Heat
2025-11-29,2025-11-29 23:00:00+00:00,Toronto Raptors,Charlotte Hornets,111,118,1,7,https://www.basketball-reference.com/leagues/NBA_2026_games-november.html,KXNBAGAME-25NOV29TORCHA-CHA,KXNBAGAME-25NOV29TORCHA,Charlotte Hornets,2025-11-30 02:00:00+00:00,2025-11-27 16:06:00+00:00,1.0,4765112.0,historical,2025-11-29,288,available,0.265,0.26,0.27,,0.010000000000000009,bid_ask_midpoint,2025-11-29T22:45:00+00:00,15.0,1281960.0,1233.0,https://api.elections.kalshi.com/trade-api/v2/historical/markets/KXNBAGAME-25NOV29TORCHA-CHA/candlesticks?start_ts=1764369900&end_ts=1764456300&period_interval=1,1,True,2025-11-29_Toronto_Raptors_at_Charlotte_Hornets
2025-11-29,2025-11-29 22:00:00+00:00,Boston Celtics,Minnesota Timberwolves,115,119,1,4,https://www.basketball-reference.com/leagues/NBA_2026_games-november.html,KXNBAGAME-25NOV29BOSMIN-MIN,KXNBAGAME-25NOV29BOSMIN,Minnesota Timberwolves,2025-11-30 01:00:00+00:00,2025-11-27 13:06:00+00:00,1.0,2903635.0,historical,2025-11-29,289,missing,,,,,,,,,,,,1,True,2025-11-29_Boston_Celtics_at_Minnesota_Timberwolves
2025-11-29,2025-11-30 00:30:00+00:00,Chicago Bulls,Indiana Pacers,101,103,1,2,https://www.basketball-reference.com/leagues/NBA_2026_games-november.html,KXNBAGAME-25NOV29CHIIND-IND,KXNBAGAME-25NOV29CHIIND,Indiana Pacers,2025-11-30 03:30:00+00:00,2025-11-27 16:06:00+00:00,1.0,2595939.0,historical,2025-11-29,290,available,0.415,0.41,0.42,0.42,0.010000000000000009,bid_ask_midpoint,2025-11-30T00:15:00+00:00,15.0,113604.0,1238.0,https://api.elections.kalshi.com/trade-api/v2/historical/markets/KXNBAGAME-25NOV29CHIIND-IND/candlesticks?start_ts=1764375300&end_ts=1764461700&period_interval=1,1,True,2025-11-29_Chicago_Bulls_at_Indiana_Pacers
2025-11-30,2025-12-01 00:00:00+00:00,San Antonio Spurs,Minnesota Timberwolves,112,125,1,13,https://www.basketball-reference.com/leagues/NBA_2026_games-november.html,KXNBAGAME-25NOV30SASMIN-MIN,KXNBAGAME-25NOV30SASMIN,Minnesota Timberwolves,2025-12-01 03:00:00+00:00,2025-11-28 16:06:00+00:00,1.0,2537325.0,historical,2025-11-30,291,available,0.64,0.63,0.65,0.65,0.020000000000000018,bid_ask_midpoint,2025-11-30T23:45:00+00:00,15.0,171229.0,1296.0,https://api.elections.kalshi.com/trade-api/v2/historical/markets/KXNBAGAME-25NOV30SASMIN-MIN/candlesticks?start_ts=1764459900&end_ts=1764546300&period_interval=1,1,True,2025-11-30_San_Antonio_Spurs_at_Minnesota_Timberwolves
2025-11-30,2025-12-01 02:00:00+00:00,Memphis Grizzlies,Sacramento Kings,115,107,0,-8,https://www.basketball-reference.com/leagues/NBA_2026_games-november.html,KXNBAGAME-25NOV30MEMSAC-SAC,KXNBAGAME-25NOV30MEMSAC,Sacramento Kings,2025-12-01 05:00:00+00:00,2025-11-28 19:07:00+00:00,0.0,3451706.0,historical,2025-12-01,292,available,0.43,0.42,0.44,0.44,0.020000000000000018,bid_ask_midpoint,2025-12-01T01:45:00+00:00,15.0,134572.0,1261.0,https://api.elections.kalshi.com/trade-api/v2/historical/markets/KXNBAGAME-25NOV30MEMSAC-SAC/candlesticks?start_ts=1764467100&end_ts=1764553500&period_interval=1,0,True,2025-11-30_Memphis_Grizzlies_at_Sacramento_Kings
2025-11-30,2025-11-30 23:00:00+00:00,Oklahoma City Thunder,Portland Trail Blazers,123,115,0,-8,https://www.basketball-reference.com/leagues/NBA_2026_games-november.html,KXNBAGAME-25NOV30OKCPOR-POR,KXNBAGAME-25NOV30OKCPOR,Portland Trail Blazers,2025-12-01 02:00:00+00:00,2025-11-28 16:06:00+00:00,0.0,2783053.0,historical,2025-11-30,294,available,0.155,0.15,0.16,0.16,0.010000000000000009,bid_ask_midpoint,2025-11-30T22:45:00+00:00,15.0,206333.0,1351.0,https://api.elections.kalshi.com/trade-api/v2/historical/markets/KXNBAGAME-25NOV30OKCPOR-POR/candlesticks?start_ts=1764456300&end_ts=1764542700&period_interval=1,0,True,2025-11-30_Oklahoma_City_Thunder_at_Portland_Trail_Blazers
2025-11-30,2025-11-30 23:00:00+00:00,Boston Celtics,Cleveland Cavaliers,117,115,0,-2,https://www.basketball-reference.com/leagues/NBA_2026_games-november.html,KXNBAGAME-25NOV30BOSCLE-CLE,KXNBAGAME-25NOV30BOSCLE,Cleveland Cavaliers,2025-12-01 02:00:00+00:00,2025-11-28 16:06:00+00:00,0.0,2269690.0,historical,2025-11-30,295,available,0.705,0.7,0.71,0.7,0.010000000000000009,bid_ask_midpoint,2025-11-30T22:45:00+00:00,15.0,174931.0,1303.0,https://api.elections.kalshi.com/trade-api/v2/historical/markets/KXNBAGAME-25NOV30BOSCLE-CLE/candlesticks?start_ts=1764456300&end_ts=1764542700&period_interval=1,0,True,2025-11-30_Boston_Celtics_at_Cleveland_Cavaliers
2025-11-30,2025-11-30 20:00:00+00:00,Houston Rockets,Utah Jazz,129,101,0,-28,https://www.basketball-reference.com/leagues/NBA_2026_games-november.html,KXNBAGAME-25NOV30HOUUTA-UTA,KXNBAGAME-25NOV30HOUUTA,Utah Jazz,2025-11-30 23:00:00+00:00,2025-11-28 13:06:00+00:00,0.0,839490.0,historical,2025-11-30,297,missing,,,,,,,,,,,,0,True,2025-11-30_Houston_Rockets_at_Utah_Jazz
2025-11-30,2025-11-30 23:00:00+00:00,Atlanta Hawks,Philadelphia 76ers,142,134,0,-8,https://www.basketball-reference.com/leagues/NBA_2026_games-november.html,KXNBAGAME-25NOV30ATLPHI-PHI,KXNBAGAME-25NOV30ATLPHI,Philadelphia 76ers,2025-12-01 02:00:00+00:00,2025-11-28 16:06:00+00:00,0.0,4715576.0,historical,2025-11-30,298,missing,,,,,,,,,,,,0,True,2025-11-30_Atlanta_Hawks_at_Philadelphia_76ers
2025-12-01,2025-12-02 00:00:00+00:00,Atlanta Hawks,Detroit Pistons,98,99,1,1,https://www.basketball-reference.com/leagues/NBA_2026_games-december.html,KXNBAGAME-25DEC01ATLDET-DET,KXNBAGAME-25DEC01ATLDET,Detroit Pistons,2025-12-02 03:00:00+00:00,2025-11-29 16:06:00+00:00,1.0,1944768.0,historical,2025-12-01,299,available,0.785,0.78,0.79,0.79,0.010000000000000009,bid_ask_midpoint,2025-12-01T23:45:00+00:00,15.0,210172.0,1412.0,https://api.elections.kalshi.com/trade-api/v2/historical/markets/KXNBAGAME-25DEC01ATLDET-DET/candlesticks?start_ts=1764546300&end_ts=1764632700&period_interval=1,1,True,2025-12-01_Atlanta_Hawks_at_Detroit_Pistons
2025-12-01,2025-12-02 00:00:00+00:00,Cleveland Cavaliers,Indiana Pacers,135,119,0,-16,https://www.basketball-reference.com/leagues/NBA_2026_games-december.html,KXNBAGAME-25DEC01CLEIND-IND,KXNBAGAME-25DEC01CLEIND,Indiana Pacers,2025-12-02 03:00:00+00:00,2025-11-29 16:06:00+00:00,0.0,1125739.0,historical,2025-12-01,300,available,0.365,0.36,0.37,0.36,0.010000000000000009,bid_ask_midpoint,2025-12-01T23:45:00+00:00,15.0,158772.0,1384.0,https://api.elections.kalshi.com/trade-api/v2/historical/markets/KXNBAGAME-25DEC01CLEIND-IND/candlesticks?start_ts=1764546300&end_ts=1764632700&period_interval=1,0,True,2025-12-01_Cleveland_Cavaliers_at_Indiana_Pacers
2025-12-01,2025-12-02 00:00:00+00:00,Milwaukee Bucks,Washington Wizards,126,129,1,3,https://www.basketball-reference.com/leagues/NBA_2026_games-december.html,KXNBAGAME-25DEC01MILWAS-WAS,KXNBAGAME-25DEC01MILWAS,Washington Wizards,2025-12-02 03:00:00+00:00,2025-11-29 16:06:00+00:00,1.0,1898581.0,historical,2025-12-01,301,available,0.2,0.19,0.21,0.21,0.01999999999999999,bid_ask_midpoint,2025-12-01T23:45:00+00:00,15.0,111548.0,1272.0,https://api.elections.kalshi.com/trade-api/v2/historical/markets/KXNBAGAME-25DEC01MILWAS-WAS/candlesticks?start_ts=1764546300&end_ts=1764632700&period_interval=1,1,True,2025-12-01_Milwaukee_Bucks_at_Washington_Wizards
2025-12-01,2025-12-02 00:30:00+00:00,Charlotte Hornets,Brooklyn Nets,103,116,1,13,https://www.basketball-reference.com/leagues/NBA_2026_games-december.html,KXNBAGAME-25DEC01CHABKN-BKN,KXNBAGAME-25DEC01CHABKN,Brooklyn Nets,2025-12-02 03:30:00+00:00,2025-11-29 16:06:00+00:00,1.0,1955103.0,historical,2025-12-01,302,available,0.375,0.37,0.38,0.38,0.010000000000000009,bid_ask_midpoint,2025-12-02T00:15:00+00:00,15.0,76828.0,1350.0,https://api.elections.kalshi.com/trade-api/v2/historical/markets/KXNBAGAME-25DEC01CHABKN-BKN/candlesticks?start_ts=1764548100&end_ts=1764634500&period_interval=1,1,True,2025-12-01_Charlotte_Hornets_at_Brooklyn_Nets
2025-12-01,2025-12-02 00:30:00+00:00,Chicago Bulls,Orlando Magic,120,125,1,5,https://www.basketball-reference.com/leagues/NBA_2026_games-december.html,KXNBAGAME-25DEC01CHIORL-ORL,KXNBAGAME-25DEC01CHIORL,Orlando Magic,2025-12-02 03:30:00+00:00,2025-11-29 16:06:00+00:00,1.0,2744201.0,historical,2025-12-01,304,available,0.765,0.76,0.77,0.76,0.010000000000000009,bid_ask_midpoint,2025-12-02T00:15:00+00:00,15.0,99743.0,1304.0,https://api.elections.kalshi.com/trade-api/v2/historical/markets/KXNBAGAME-25DEC01CHIORL-ORL/candlesticks?start_ts=1764548100&end_ts=1764634500&period_interval=1,1,True,2025-12-01_Chicago_Bulls_at_Orlando_Magic
2025-12-01,2025-12-02 02:00:00+00:00,Dallas Mavericks,Denver Nuggets,131,121,0,-10,https://www.basketball-reference.com/leagues/NBA_2026_games-december.html,KXNBAGAME-25DEC01DALDEN-DEN,KXNBAGAME-25DEC01DALDEN,Denver Nuggets,2025-12-02 05:00:00+00:00,2025-11-29 19:06:00+00:00,0.0,2440597.0,historical,2025-12-02,305,available,0.825,0.82,0.83,0.83,0.010000000000000009,bid_ask_midpoint,2025-12-02T01:45:00+00:00,15.0,147690.0,1342.0,https://api.elections.kalshi.com/trade-api/v2/historical/markets/KXNBAGAME-25DEC01DALDEN-DEN/candlesticks?start_ts=1764553500&end_ts=1764639900&period_interval=1,0,True,2025-12-01_Dallas_Mavericks_at_Denver_Nuggets
2025-12-01,2025-12-02 02:00:00+00:00,Houston Rockets,Utah Jazz,125,133,1,8,https://www.basketball-reference.com/leagues/NBA_2026_games-december.html,KXNBAGAME-25DEC01HOUUTA-UTA,KXNBAGAME-25DEC01HOUUTA,Utah Jazz,2025-12-02 05:00:00+00:00,2025-11-29 19:06:00+00:00,1.0,5883954.0,historical,2025-12-02,306,available,0.165,0.16,0.17,0.16,0.010000000000000009,bid_ask_midpoint,2025-12-02T01:45:00+00:00,15.0,205580.0,1300.0,https://api.elections.kalshi.com/trade-api/v2/historical/markets/KXNBAGAME-25DEC01HOUUTA-UTA/candlesticks?start_ts=1764553500&end_ts=1764639900&period_interval=1,1,True,2025-12-01_Houston_Rockets_at_Utah_Jazz
2025-12-02,2025-12-03 04:00:00+00:00,Oklahoma City Thunder,Golden State Warriors,124,112,0,-12,https://www.basketball-reference.com/leagues/NBA_2026_games-december.html,KXNBAGAME-25DEC02OKCGSW-GSW,KXNBAGAME-25DEC02OKCGSW,Golden State Warriors,2025-12-03 07:00:00+00:00,2025-11-30 19:06:00+00:00,0.0,8416770.0,historical,2025-12-03,308,missing,,,,,,,,,,,,0,True,2025-12-02_Oklahoma_City_Thunder_at_Golden_State_Warriors
2025-12-02,2025-12-03 01:00:00+00:00,Minnesota Timberwolves,New Orleans Pelicans,149,142,0,-7,https://www.basketball-reference.com/leagues/NBA_2026_games-december.html,KXNBAGAME-25DEC02MINNOP-NOP,KXNBAGAME-25DEC02MINNOP,New Orleans Pelicans,2025-12-03 04:00:00+00:00,2025-11-30 16:06:00+00:00,0.0,4328719.0,historical,2025-12-02,309,missing,,,,,,,,,,,,0,True,2025-12-02_Minnesota_Timberwolves_at_New_Orleans_Pelicans
2025-12-02,2025-12-03 01:00:00+00:00,Memphis Grizzlies,San Antonio Spurs,119,126,1,7,https://www.basketball-reference.com/leagues/NBA_2026_games-december.html,KXNBAGAME-25DEC02MEMSAS-SAS,KXNBAGAME-25DEC02MEMSAS,San Antonio Spurs,2025-12-03 04:00:00+00:00,2025-11-30 16:06:00+00:00,1.0,2242920.0,historical,2025-12-02,310,available,0.645,0.64,0.65,0.65,0.010000000000000009,bid_ask_midpoint,2025-12-03T00:45:00+00:00,15.0,405288.0,1414.0,https://api.elections.kalshi.com/trade-api/v2/historical/markets/KXNBAGAME-25DEC02MEMSAS-SAS/candlesticks?start_ts=1764636300&end_ts=1764722700&period_interval=1,1,True,2025-12-02_Memphis_Grizzlies_at_San_Antonio_Spurs
2025-12-02,2025-12-03 00:30:00+00:00,Portland Trail Blazers,Toronto Raptors,118,121,1,3,https://www.basketball-reference.com/leagues/NBA_2026_games-december.html,KXNBAGAME-25DEC02PORTOR-TOR,KXNBAGAME-25DEC02PORTOR,Toronto Raptors,2025-12-03 03:30:00+00:00,2025-11-30 16:06:00+00:00,1.0,3477012.0,historical,2025-12-02,311,available,0.655,0.65,0.66,0.66,0.010000000000000009,bid_ask_midpoint,2025-12-03T00:15:00+00:00,15.0,721325.0,1410.0,https://api.elections.kalshi.com/trade-api/v2/historical/markets/KXNBAGAME-25DEC02PORTOR-TOR/candlesticks?start_ts=1764634500&end_ts=1764720900&period_interval=1,1,True,2025-12-02_Portland_Trail_Blazers_at_Toronto_Raptors
2025-12-02,2025-12-03 00:00:00+00:00,Washington Wizards,Philadelphia 76ers,102,121,1,19,https://www.basketball-reference.com/leagues/NBA_2026_games-december.html,KXNBAGAME-25DEC02WASPHI-PHI,KXNBAGAME-25DEC02WASPHI,Philadelphia 76ers,2025-12-03 03:00:00+00:00,2025-11-30 16:06:00+00:00,1.0,1272790.0,historical,2025-12-02,312,available,0.865,0.86,0.87,0.87,0.010000000000000009,bid_ask_midpoint,2025-12-02T23:45:00+00:00,15.0,363280.0,1287.0,https://api.elections.kalshi.com/trade-api/v2/historical/markets/KXNBAGAME-25DEC02WASPHI-PHI/candlesticks?start_ts=1764632700&end_ts=1764719100&period_interval=1,1,True,2025-12-02_Washington_Wizards_at_Philadelphia_76ers
2025-12-03,2025-12-04 01:30:00+00:00,Miami Heat,Dallas Mavericks,108,118,1,10,https://www.basketball-reference.com/leagues/NBA_2026_games-december.html,KXNBAGAME-25DEC03MIADAL-DAL,KXNBAGAME-25DEC03MIADAL,Dallas Mavericks,2025-12-04 04:30:00+00:00,2025-12-01 19:06:00+00:00,1.0,3844848.0,historical,2025-12-03,314,available,0.375,0.37,0.38,0.38,0.010000000000000009,bid_ask_midpoint,2025-12-04T01:15:00+00:00,15.0,199319.0,1354.0,https://api.elections.kalshi.com/trade-api/v2/historical/markets/KXNBAGAME-25DEC03MIADAL-DAL/candlesticks?start_ts=1764724500&end_ts=1764810900&period_interval=1,1,True,2025-12-03_Miami_Heat_at_Dallas_Mavericks
2025-12-03,2025-12-04 01:00:00+00:00,Detroit Pistons,Milwaukee Bucks,109,113,1,4,https://www.basketball-reference.com/leagues/NBA_2026_games-december.html,KXNBAGAME-25DEC03DETMIL-MIL,KXNBAGAME-25DEC03DETMIL,Milwaukee Bucks,2025-12-04 04:00:00+00:00,2025-12-01 16:06:00+00:00,1.0,4886237.0,historical,2025-12-03,315,available,0.365,0.36,0.37,0.37,0.010000000000000009,bid_ask_midpoint,2025-12-04T00:45:00+00:00,15.0,212654.0,1365.0,https://api.elections.kalshi.com/trade-api/v2/historical/markets/KXNBAGAME-25DEC03DETMIL-MIL/candlesticks?start_ts=1764722700&end_ts=1764809100&period_interval=1,1,True,2025-12-03_Detroit_Pistons_at_Milwaukee_Bucks
2025-12-03,2025-12-04 01:00:00+00:00,Brooklyn Nets,Chicago Bulls,113,103,0,-10,https://www.basketball-reference.com/leagues/NBA_2026_games-december.html,KXNBAGAME-25DEC03BKNCHI-CHI,KXNBAGAME-25DEC03BKNCHI,Chicago Bulls,2025-12-04 04:00:00+00:00,2025-12-01 16:06:00+00:00,0.0,2272401.0,historical,2025-12-03,316,available,0.745,0.74,0.75,0.75,0.010000000000000009,bid_ask_midpoint,2025-12-04T00:45:00+00:00,15.0,143962.0,1401.0,https://api.elections.kalshi.com/trade-api/v2/historical/markets/KXNBAGAME-25DEC03BKNCHI-CHI/candlesticks?start_ts=1764722700&end_ts=1764809100&period_interval=1,0,True,2025-12-03_Brooklyn_Nets_at_Chicago_Bulls
2025-12-03,2025-12-04 01:00:00+00:00,Sacramento Kings,Houston Rockets,95,121,1,26,https://www.basketball-reference.com/leagues/NBA_2026_games-december.html,KXNBAGAME-25DEC03SACHOU-HOU,KXNBAGAME-25DEC03SACHOU,Houston Rockets,2025-12-04 04:00:00+00:00,2025-12-01 16:06:00+00:00,1.0,646262.0,historical,2025-12-03,318,available,0.895,0.89,0.9,0.9,0.010000000000000009,bid_ask_midpoint,2025-12-04T00:45:00+00:00,15.0,296672.0,1252.0,https://api.elections.kalshi.com/trade-api/v2/historical/markets/KXNBAGAME-25DEC03SACHOU-HOU/candlesticks?start_ts=1764722700&end_ts=1764809100&period_interval=1,1,True,2025-12-03_Sacramento_Kings_at_Houston_Rockets
2025-12-03,2025-12-04 00:00:00+00:00,San Antonio Spurs,Orlando Magic,114,112,0,-2,https://www.basketball-reference.com/leagues/NBA_2026_games-december.html,KXNBAGAME-25DEC03SASORL-ORL,KXNBAGAME-25DEC03SASORL,Orlando Magic,2025-12-04 03:00:00+00:00,2025-12-01 16:06:00+00:00,0.0,2734240.0,historical,2025-12-03,319,available,0.74,0.73,0.75,0.75,0.020000000000000018,bid_ask_midpoint,2025-12-03T23:45:00+00:00,15.0,147285.0,1351.0,https://api.elections.kalshi.com/trade-api/v2/historical/markets/KXNBAGAME-25DEC03SASORL-ORL/candlesticks?start_ts=1764719100&end_ts=1764805500&period_interval=1,0,True,2025-12-03_San_Antonio_Spurs_at_Orlando_Magic
2025-12-03,2025-12-04 00:00:00+00:00,Denver Nuggets,Indiana Pacers,135,120,0,-15,https://www.basketball-reference.com/leagues/NBA_2026_games-december.html,KXNBAGAME-25DEC03DENIND-IND,KXNBAGAME-25DEC03DENIND,Indiana Pacers,2025-12-04 03:00:00+00:00,2025-12-01 16:06:00+00:00,0.0,1003505.0,historical,2025-12-03,320,available,0.25,0.24,0.26,0.26,0.020000000000000018,bid_ask_midpoint,2025-12-03T23:45:00+00:00,15.0,202593.0,1336.0,https://api.elections.kalshi.com/trade-api/v2/historical/markets/KXNBAGAME-25DEC03DENIND-IND/candlesticks?start_ts=1764719100&end_ts=1764805500&period_interval=1,0,True,2025-12-03_Denver_Nuggets_at_Indiana_Pacers
2025-12-03,2025-12-04 00:00:00+00:00,Portland Trail Blazers,Cleveland Cavaliers,122,110,0,-12,https://www.basketball-reference.com/leagues/NBA_2026_games-december.html,KXNBAGAME-25DEC03PORCLE-CLE,KXNBAGAME-25DEC03PORCLE,Cleveland Cavaliers,2025-12-04 03:00:00+00:00,2025-12-01 16:06:00+00:00,0.0,2462013.0,historical,2025-12-03,321,available,0.81,0.8,0.82,0.82,0.019999999999999907,bid_ask_midpoint,2025-12-03T23:45:00+00:00,15.0,338154.0,1272.0,https://api.elections.kalshi.com/trade-api/v2/historical/markets/KXNBAGAME-25DEC03PORCLE-CLE/candlesticks?start_ts=1764719100&end_ts=1764805500&period_interval=1,0,True,2025-12-03_Portland_Trail_Blazers_at_Cleveland_Cavaliers
2025-12-04,2025-12-05 00:00:00+00:00,Golden State Warriors,Philadelphia 76ers,98,99,1,1,https://www.basketball-reference.com/leagues/NBA_2026_games-december.html,KXNBAGAME-25DEC04GSWPHI-PHI,KXNBAGAME-25DEC04GSWPHI,Philadelphia 76ers,2025-12-05 03:00:00+00:00,2025-12-02 16:06:00+00:00,1.0,4488357.0,historical,2025-12-04,323,available,0.625,0.62,0.63,0.63,0.010000000000000009,bid_ask_midpoint,2025-12-04T23:45:00+00:00,15.0,659642.0,1239.0,https://api.elections.kalshi.com/trade-api/v2/historical/markets/KXNBAGAME-25DEC04GSWPHI-PHI/candlesticks?start_ts=1764805500&end_ts=1764891900&period_interval=1,1,True,2025-12-04_Golden_State_Warriors_at_Philadelphia_76ers
2025-12-04,2025-12-05 00:00:00+00:00,Boston Celtics,Washington Wizards,146,101,0,-45,https://www.basketball-reference.com/leagues/NBA_2026_games-december.html,KXNBAGAME-25DEC04BOSWAS-WAS,KXNBAGAME-25DEC04BOSWAS,Washington Wizards,2025-12-05 03:00:00+00:00,2025-12-02 16:06:00+00:00,0.0,2063201.0,historical,2025-12-04,324,available,0.185,0.18,0.19,0.19,0.010000000000000009,bid_ask_midpoint,2025-12-04T23:45:00+00:00,15.0,375970.0,1241.0,https://api.elections.kalshi.com/trade-api/v2/historical/markets/KXNBAGAME-25DEC04BOSWAS-WAS/candlesticks?start_ts=1764805500&end_ts=1764891900&period_interval=1,0,True,2025-12-04_Boston_Celtics_at_Washington_Wizards
2025-12-04,2025-12-05 00:30:00+00:00,Utah Jazz,Brooklyn Nets,123,110,0,-13,https://www.basketball-reference.com/leagues/NBA_2026_games-december.html,KXNBAGAME-25DEC04UTABKN-BKN,KXNBAGAME-25DEC04UTABKN,Brooklyn Nets,2025-12-05 03:30:00+00:00,2025-12-02 16:06:00+00:00,0.0,2594523.0,historical,2025-12-04,325,available,0.365,0.36,0.37,0.37,0.010000000000000009,bid_ask_midpoint,2025-12-05T00:15:00+00:00,15.0,261252.0,1187.0,https://api.elections.kalshi.com/trade-api/v2/historical/markets/KXNBAGAME-25DEC04UTABKN-BKN/candlesticks?start_ts=1764807300&end_ts=1764893700&period_interval=1,0,True,2025-12-04_Utah_Jazz_at_Brooklyn_Nets
2025-12-04,2025-12-05 01:00:00+00:00,Minnesota Timberwolves,New Orleans Pelicans,125,116,0,-9,https://www.basketball-reference.com/leagues/NBA_2026_games-december.html,KXNBAGAME-25DEC04MINNOP-NOP,KXNBAGAME-25DEC04MINNOP,New Orleans Pelicans,2025-12-05 04:00:00+00:00,2025-12-02 16:06:00+00:00,0.0,2521822.0,historical,2025-12-04,327,available,0.165,0.16,0.17,0.17,0.010000000000000009,bid_ask_midpoint,2025-12-05T00:45:00+00:00,15.0,252362.0,1174.0,https://api.elections.kalshi.com/trade-api/v2/historical/markets/KXNBAGAME-25DEC04MINNOP-NOP/candlesticks?start_ts=1764809100&end_ts=1764895500&period_interval=1,0,True,2025-12-04_Minnesota_Timberwolves_at_New_Orleans_Pelicans
2025-12-05,2025-12-06 01:00:00+00:00,Phoenix Suns,Houston Rockets,98,117,1,19,https://www.basketball-reference.com/leagues/NBA_2026_games-december.html,KXNBAGAME-25DEC05PHXHOU-HOU,KXNBAGAME-25DEC05PHXHOU,Houston Rockets,2025-12-06 04:00:00+00:00,2025-12-03 16:07:00+00:00,1.0,630630.0,historical,2025-12-05,328,available,0.785,0.78,0.79,0.79,0.010000000000000009,bid_ask_midpoint,2025-12-06T00:45:00+00:00,15.0,179030.0,1377.0,https://api.elections.kalshi.com/trade-api/v2/historical/markets/KXNBAGAME-25DEC05PHXHOU-HOU/candlesticks?start_ts=1764895500&end_ts=1764981900&period_interval=1,1,True,2025-12-05_Phoenix_Suns_at_Houston_Rockets
2025-12-05,2025-12-06 01:00:00+00:00,Indiana Pacers,Chicago Bulls,120,105,0,-15,https://www.basketball-reference.com/leagues/NBA_2026_games-december.html,KXNBAGAME-25DEC05INDCHI-CHI,KXNBAGAME-25DEC05INDCHI,Chicago Bulls,2025-12-06 04:00:00+00:00,2025-12-03 16:07:00+00:00,0.0,1098439.0,historical,2025-12-05,330,available,0.645,0.64,0.65,0.65,0.010000000000000009,bid_ask_midpoint,2025-12-06T00:45:00+00:00,15.0,172375.0,1399.0,https://api.elections.kalshi.com/trade-api/v2/historical/markets/KXNBAGAME-25DEC05INDCHI-CHI/candlesticks?start_ts=1764895500&end_ts=1764981900&period_interval=1,0,True,2025-12-05_Indiana_Pacers_at_Chicago_Bulls
2025-12-05,2025-12-06 02:30:00+00:00,Dallas Mavericks,Oklahoma City Thunder,111,132,1,21,https://www.basketball-reference.com/leagues/NBA_2026_games-december.html,KXNBAGAME-25DEC05DALOKC-OKC,KXNBAGAME-25DEC05DALOKC,Oklahoma City Thunder,2025-12-06 05:30:00+00:00,2025-12-03 19:07:00+00:00,1.0,1953869.0,historical,2025-12-06,331,missing,,,,,,,,,,,,1,True,2025-12-05_Dallas_Mavericks_at_Oklahoma_City_Thunder
2025-12-05,2025-12-06 01:00:00+00:00,Philadelphia 76ers,Milwaukee Bucks,116,101,0,-15,https://www.basketball-reference.com/leagues/NBA_2026_games-december.html,KXNBAGAME-25DEC05PHIMIL-MIL,KXNBAGAME-25DEC05PHIMIL,Milwaukee Bucks,2025-12-06 04:00:00+00:00,2025-12-03 16:07:00+00:00,0.0,554023.0,historical,2025-12-05,332,available,0.475,0.47,0.48,0.47,0.010000000000000009,bid_ask_midpoint,2025-12-06T00:45:00+00:00,15.0,59962.0,1320.0,https://api.elections.kalshi.com/trade-api/v2/historical/markets/KXNBAGAME-25DEC05PHIMIL-MIL/candlesticks?start_ts=1764895500&end_ts=1764981900&period_interval=1,0,True,2025-12-05_Philadelphia_76ers_at_Milwaukee_Bucks
2025-12-05,2025-12-06 00:30:00+00:00,Charlotte Hornets,Toronto Raptors,111,86,0,-25,https://www.basketball-reference.com/leagues/NBA_2026_games-december.html,KXNBAGAME-25DEC05CHATOR-TOR,KXNBAGAME-25DEC05CHATOR,Toronto Raptors,2025-12-06 03:30:00+00:00,2025-12-03 16:07:00+00:00,0.0,1945481.0,historical,2025-12-05,333,available,0.715,0.71,0.72,0.72,0.010000000000000009,bid_ask_midpoint,2025-12-06T00:15:00+00:00,15.0,255784.0,1340.0,https://api.elections.kalshi.com/trade-api/v2/historical/markets/KXNBAGAME-25DEC05CHATOR-TOR/candlesticks?start_ts=1764893700&end_ts=1764980100&period_interval=1,0,True,2025-12-05_Charlotte_Hornets_at_Toronto_Raptors
2025-12-05,2025-12-06 00:00:00+00:00,Miami Heat,Orlando Magic,105,106,1,1,https://www.basketball-reference.com/leagues/NBA_2026_games-december.html,KXNBAGAME-25DEC05MIAORL-ORL,KXNBAGAME-25DEC05MIAORL,Orlando Magic,2025-12-06 03:00:00+00:00,2025-12-03 16:07:00+00:00,1.0,1820674.0,historical,2025-12-05,334,available,0.675,0.67,0.68,0.68,0.010000000000000009,bid_ask_midpoint,2025-12-05T23:45:00+00:00,15.0,135306.0,1379.0,https://api.elections.kalshi.com/trade-api/v2/historical/markets/KXNBAGAME-25DEC05MIAORL-ORL/candlesticks?start_ts=1764891900&end_ts=1764978300&period_interval=1,1,True,2025-12-05_Miami_Heat_at_Orlando_Magic
2025-12-05,2025-12-06 00:30:00+00:00,Portland Trail Blazers,Detroit Pistons,116,122,1,6,https://www.basketball-reference.com/leagues/NBA_2026_games-december.html,KXNBAGAME-25DEC05PORDET-DET,KXNBAGAME-25DEC05PORDET,Detroit Pistons,2025-12-06 03:30:00+00:00,2025-12-03 16:07:00+00:00,1.0,2725885.0,historical,2025-12-05,335,available,0.755,0.75,0.76,0.76,0.010000000000000009,bid_ask_midpoint,2025-12-06T00:15:00+00:00,15.0,589437.0,1323.0,https://api.elections.kalshi.com/trade-api/v2/historical/markets/KXNBAGAME-25DEC05PORDET-DET/candlesticks?start_ts=1764893700&end_ts=1764980100&period_interval=1,1,True,2025-12-05_Portland_Trail_Blazers_at_Detroit_Pistons
2025-12-05,2025-12-06 00:30:00+00:00,San Antonio Spurs,Cleveland Cavaliers,117,130,1,13,https://www.basketball-reference.com/leagues/NBA_2026_games-december.html,KXNBAGAME-25DEC05SASCLE-CLE,KXNBAGAME-25DEC05SASCLE,Cleveland Cavaliers,2025-12-06 03:30:00+00:00,2025-12-03 16:07:00+00:00,1.0,969566.0,historical,2025-12-05,336,available,0.635,0.63,0.64,0.64,0.010000000000000009,bid_ask_midpoint,2025-12-06T00:15:00+00:00,15.0,140709.0,1333.0,https://api.elections.kalshi.com/trade-api/v2/historical/markets/KXNBAGAME-25DEC05SASCLE-CLE/candlesticks?start_ts=1764893700&end_ts=1764980100&period_interval=1,1,True,2025-12-05_San_Antonio_Spurs_at_Cleveland_Cavaliers
2025-12-05,2025-12-06 00:30:00+00:00,Denver Nuggets,Atlanta Hawks,134,133,0,-1,https://www.basketball-reference.com/leagues/NBA_2026_games-december.html,KXNBAGAME-25DEC05DENATL-ATL,KXNBAGAME-25DEC05DENATL,Atlanta Hawks,2025-12-06 03:30:00+00:00,2025-12-03 16:07:00+00:00,0.0,2741481.0,historical,2025-12-05,337,missing,,,,,,,,,,,,0,True,2025-12-05_Denver_Nuggets_at_Atlanta_Hawks
2025-12-06,2025-12-06 22:00:00+00:00,New Orleans Pelicans,Brooklyn Nets,101,119,1,18,https://www.basketball-reference.com/leagues/NBA_2026_games-december.html,KXNBAGAME-25DEC06NOPBKN-BKN,KXNBAGAME-25DEC06NOPBKN,Brooklyn Nets,2025-12-07 01:00:00+00:00,2025-12-04 13:06:00+00:00,1.0,1689940.0,historical,2025-12-06,340,available,0.615,0.61,0.62,0.62,0.010000000000000009,bid_ask_midpoint,2025-12-06T21:45:00+00:00,15.0,363527.0,1318.0,https://api.elections.kalshi.com/trade-api/v2/historical/markets/KXNBAGAME-25DEC06NOPBKN-BKN/candlesticks?start_ts=1764971100&end_ts=1765057500&period_interval=1,1,True,2025-12-06_New_Orleans_Pelicans_at_Brooklyn_Nets
2025-12-06,2025-12-07 00:00:00+00:00,Atlanta Hawks,Washington Wizards,131,116,0,-15,https://www.basketball-reference.com/leagues/NBA_2026_games-december.html,KXNBAGAME-25DEC06ATLWAS-WAS,KXNBAGAME-25DEC06ATLWAS,Washington Wizards,2025-12-07 03:00:00+00:00,2025-12-04 16:07:00+00:00,0.0,1339083.0,historical,2025-12-06,341,missing,,,,,,,,,,,,0,True,2025-12-06_Atlanta_Hawks_at_Washington_Wizards
2025-12-06,2025-12-07 00:30:00+00:00,Golden State Warriors,Cleveland Cavaliers,99,94,0,-5,https://www.basketball-reference.com/leagues/NBA_2026_games-december.html,KXNBAGAME-25DEC06GSWCLE-CLE,KXNBAGAME-25DEC06GSWCLE,Cleveland Cavaliers,2025-12-07 03:30:00+00:00,2025-12-04 16:07:00+00:00,0.0,3145733.0,historical,2025-12-06,342,available,0.765,0.76,0.77,0.77,0.010000000000000009,bid_ask_midpoint,2025-12-07T00:15:00+00:00,15.0,564813.0,1274.0,https://api.elections.kalshi.com/trade-api/v2/historical/markets/KXNBAGAME-25DEC06GSWCLE-CLE/candlesticks?start_ts=1764980100&end_ts=1765066500&period_interval=1,0,True,2025-12-06_Golden_State_Warriors_at_Cleveland_Cavaliers
2025-12-06,2025-12-07 00:30:00+00:00,Milwaukee Bucks,Detroit Pistons,112,124,1,12,https://www.basketball-reference.com/leagues/NBA_2026_games-december.html,KXNBAGAME-25DEC06MILDET-DET,KXNBAGAME-25DEC06MILDET,Detroit Pistons,2025-12-07 03:30:00+00:00,2025-12-04 16:07:00+00:00,1.0,641025.0,historical,2025-12-06,343,available,0.845,0.84,0.85,0.85,0.010000000000000009,bid_ask_midpoint,2025-12-07T00:15:00+00:00,15.0,154507.0,1329.0,https://api.elections.kalshi.com/trade-api/v2/historical/markets/KXNBAGAME-25DEC06MILDET-DET/candlesticks?start_ts=1764980100&end_ts=1765066500&period_interval=1,1,True,2025-12-06_Milwaukee_Bucks_at_Detroit_Pistons
2025-12-06,2025-12-07 01:00:00+00:00,Sacramento Kings,Miami Heat,127,111,0,-16,https://www.basketball-reference.com/leagues/NBA_2026_games-december.html,KXNBAGAME-25DEC06SACMIA-MIA,KXNBAGAME-25DEC06SACMIA,Miami Heat,2025-12-07 04:00:00+00:00,2025-12-04 16:07:00+00:00,0.0,984853.0,historical,2025-12-06,344,available,0.765,0.76,0.77,0.77,0.010000000000000009,bid_ask_midpoint,2025-12-07T00:45:00+00:00,15.0,255913.0,1282.0,https://api.elections.kalshi.com/trade-api/v2/historical/markets/KXNBAGAME-25DEC06SACMIA-MIA/candlesticks?start_ts=1764981900&end_ts=1765068300&period_interval=1,0,True,2025-12-06_Sacramento_Kings_at_Miami_Heat
2025-12-06,2025-12-07 01:30:00+00:00,Houston Rockets,Dallas Mavericks,109,122,1,13,https://www.basketball-reference.com/leagues/NBA_2026_games-december.html,KXNBAGAME-25DEC06HOUDAL-DAL,KXNBAGAME-25DEC06HOUDAL,Dallas Mavericks,2025-12-07 04:30:00+00:00,2025-12-04 19:07:00+00:00,1.0,1315956.0,historical,2025-12-06,346,available,0.295,0.29,0.3,0.3,0.010000000000000009,bid_ask_midpoint,2025-12-07T01:15:00+00:00,15.0,130209.0,1182.0,https://api.elections.kalshi.com/trade-api/v2/historical/markets/KXNBAGAME-25DEC06HOUDAL-DAL/candlesticks?start_ts=1764983700&end_ts=1765070100&period_interval=1,1,True,2025-12-06_Houston_Rockets_at_Dallas_Mavericks
2025-12-07,2025-12-08 00:00:00+00:00,Golden State Warriors,Chicago Bulls,123,91,0,-32,https://www.basketball-reference.com/leagues/NBA_2026_games-december.html,KXNBAGAME-25DEC07GSWCHI-CHI,KXNBAGAME-25DEC07GSWCHI,Chicago Bulls,2025-12-08 03:00:00+00:00,2025-12-05 16:07:00+00:00,0.0,1309656.0,historical,2025-12-07,348,available,0.485,0.48,0.49,0.49,0.010000000000000009,bid_ask_midpoint,2025-12-07T23:45:00+00:00,15.0,99266.0,1311.0,https://api.elections.kalshi.com/trade-api/v2/historical/markets/KXNBAGAME-25DEC07GSWCHI-CHI/candlesticks?start_ts=1765064700&end_ts=1765151100&period_interval=1,0,True,2025-12-07_Golden_State_Warriors_at_Chicago_Bulls
2025-12-07,2025-12-07 23:00:00+00:00,Portland Trail Blazers,Memphis Grizzlies,96,119,1,23,https://www.basketball-reference.com/leagues/NBA_2026_games-december.html,KXNBAGAME-25DEC07PORMEM-MEM,KXNBAGAME-25DEC07PORMEM,Memphis Grizzlies,2025-12-08 02:00:00+00:00,2025-12-05 16:07:00+00:00,1.0,1788495.0,historical,2025-12-07,349,available,0.555,0.55,0.56,0.55,0.010000000000000009,bid_ask_midpoint,2025-12-07T22:45:00+00:00,15.0,82701.0,1126.0,https://api.elections.kalshi.com/trade-api/v2/historical/markets/KXNBAGAME-25DEC07PORMEM-MEM/candlesticks?start_ts=1765061100&end_ts=1765147500&period_interval=1,1,True,2025-12-07_Portland_Trail_Blazers_at_Memphis_Grizzlies
2025-12-07,2025-12-08 01:00:00+00:00,Oklahoma City Thunder,Utah Jazz,131,101,0,-30,https://www.basketball-reference.com/leagues/NBA_2026_games-december.html,KXNBAGAME-25DEC07OKCUTA-UTA,KXNBAGAME-25DEC07OKCUTA,Utah Jazz,2025-12-08 04:00:00+00:00,2025-12-05 16:07:00+00:00,0.0,851068.0,historical,2025-12-07,350,available,0.18,0.17,0.19,0.19,0.01999999999999999,bid_ask_midpoint,2025-12-08T00:45:00+00:00,15.0,243403.0,1240.0,https://api.elections.kalshi.com/trade-api/v2/historical/markets/KXNBAGAME-25DEC07OKCUTA-UTA/candlesticks?start_ts=1765068300&end_ts=1765154700&period_interval=1,0,True,2025-12-07_Oklahoma_City_Thunder_at_Utah_Jazz
2025-12-07,2025-12-07 20:30:00+00:00,Boston Celtics,Toronto Raptors,121,113,0,-8,https://www.basketball-reference.com/leagues/NBA_2026_games-december.html,KXNBAGAME-25DEC07BOSTOR-TOR,KXNBAGAME-25DEC07BOSTOR,Toronto Raptors,2025-12-07 23:30:00+00:00,2025-12-05 13:06:00+00:00,0.0,2173078.0,historical,2025-12-07,351,available,0.425,0.42,0.43,0.43,0.010000000000000009,bid_ask_midpoint,2025-12-07T20:15:00+00:00,15.0,118230.0,1096.0,https://api.elections.kalshi.com/trade-api/v2/historical/markets/KXNBAGAME-25DEC07BOSTOR-TOR/candlesticks?start_ts=1765052100&end_ts=1765138500&period_interval=1,0,True,2025-12-07_Boston_Celtics_at_Toronto_Raptors
2025-12-07,2025-12-07 23:00:00+00:00,Denver Nuggets,Charlotte Hornets,115,106,0,-9,https://www.basketball-reference.com/leagues/NBA_2026_games-december.html,KXNBAGAME-25DEC07DENCHA-CHA,KXNBAGAME-25DEC07DENCHA,Charlotte Hornets,2025-12-08 02:00:00+00:00,2025-12-05 16:07:00+00:00,0.0,1591418.0,historical,2025-12-07,353,available,0.185,0.18,0.19,0.19,0.010000000000000009,bid_ask_midpoint,2025-12-07T22:45:00+00:00,15.0,53659.0,1111.0,https://api.elections.kalshi.com/trade-api/v2/historical/markets/KXNBAGAME-25DEC07DENCHA-CHA/candlesticks?start_ts=1765061100&end_ts=1765147500&period_interval=1,0,True,2025-12-07_Denver_Nuggets_at_Charlotte_Hornets
2025-12-08,2025-12-09 00:00:00+00:00,Sacramento Kings,Indiana Pacers,105,116,1,11,https://www.basketball-reference.com/leagues/NBA_2026_games-december.html,KXNBAGAME-25DEC08SACIND-IND,KXNBAGAME-25DEC08SACIND,Indiana Pacers,2025-12-09 03:00:00+00:00,2025-12-06 16:06:00+00:00,1.0,3768144.0,historical,2025-12-08,354,available,0.605,0.6,0.61,0.61,0.010000000000000009,bid_ask_midpoint,2025-12-08T23:45:00+00:00,15.0,411235.0,1426.0,https://api.elections.kalshi.com/trade-api/v2/historical/markets/KXNBAGAME-25DEC08SACIND-IND/candlesticks?start_ts=1765151100&end_ts=1765237500&period_interval=1,1,True,2025-12-08_Sacramento_Kings_at_Indiana_Pacers
2025-12-08,2025-12-09 00:30:00+00:00,Phoenix Suns,Minnesota Timberwolves,108,105,0,-3,https://www.basketball-reference.com/leagues/NBA_2026_games-december.html,KXNBAGAME-25DEC08PHXMIN-MIN,KXNBAGAME-25DEC08PHXMIN,Minnesota Timberwolves,2025-12-09 03:30:00+00:00,2025-12-06 16:06:00+00:00,0.0,5051202.0,historical,2025-12-08,355,available,0.775,0.77,0.78,0.78,0.010000000000000009,bid_ask_midpoint,2025-12-09T00:15:00+00:00,15.0,566828.0,1433.0,https://api.elections.kalshi.com/trade-api/v2/historical/markets/KXNBAGAME-25DEC08PHXMIN-MIN/candlesticks?start_ts=1765152900&end_ts=1765239300&period_interval=1,0,True,2025-12-08_Phoenix_Suns_at_Minnesota_Timberwolves
2025-12-08,2025-12-09 01:00:00+00:00,San Antonio Spurs,New Orleans Pelicans,135,132,0,-3,https://www.basketball-reference.com/leagues/NBA_2026_games-december.html,KXNBAGAME-25DEC08SASNOP-NOP,KXNBAGAME-25DEC08SASNOP,New Orleans Pelicans,2025-12-09 04:00:00+00:00,2025-12-06 16:06:00+00:00,0.0,2894447.0,historical,2025-12-08,356,available,0.215,0.21,0.22,0.22,0.010000000000000009,bid_ask_midpoint,2025-12-09T00:45:00+00:00,15.0,168846.0,1379.0,https://api.elections.kalshi.com/trade-api/v2/historical/markets/KXNBAGAME-25DEC08SASNOP-NOP/candlesticks?start_ts=1765154700&end_ts=1765241100&period_interval=1,0,True,2025-12-08_San_Antonio_Spurs_at_New_Orleans_Pelicans
2025-12-09,2025-12-09 23:00:00+00:00,Miami Heat,Orlando Magic,108,117,1,9,https://www.basketball-reference.com/leagues/NBA_2026_games-december.html,KXNBAGAME-25DEC09MIAORL-ORL,KXNBAGAME-25DEC09MIAORL,Orlando Magic,2025-12-10 02:00:00+00:00,2025-12-07 16:06:00+00:00,1.0,7773231.0,historical,2025-12-09,357,available,0.515,0.51,0.52,0.52,0.010000000000000009,bid_ask_midpoint,2025-12-09T22:45:00+00:00,15.0,876350.0,1411.0,https://api.elections.kalshi.com/trade-api/v2/historical/markets/KXNBAGAME-25DEC09MIAORL-ORL/candlesticks?start_ts=1765233900&end_ts=1765320300&period_interval=1,1,True,2025-12-09_Miami_Heat_at_Orlando_Magic
2025-12-10,2025-12-11 00:30:00+00:00,Phoenix Suns,Oklahoma City Thunder,89,138,1,49,https://www.basketball-reference.com/leagues/NBA_2026_games-december.html,KXNBAGAME-25DEC10PHXOKC-OKC,KXNBAGAME-25DEC10PHXOKC,Oklahoma City Thunder,2025-12-11 03:30:00+00:00,2025-12-08 16:05:00+00:00,1.0,2706383.0,historical,2025-12-10,359,available,0.895,0.89,0.9,0.89,0.010000000000000009,bid_ask_midpoint,2025-12-11T00:15:00+00:00,15.0,1276862.0,1441.0,https://api.elections.kalshi.com/trade-api/v2/historical/markets/KXNBAGAME-25DEC10PHXOKC-OKC/candlesticks?start_ts=1765325700&end_ts=1765412100&period_interval=1,1,True,2025-12-10_Phoenix_Suns_at_Oklahoma_City_Thunder
2025-12-11,2025-12-12 03:00:00+00:00,Denver Nuggets,Sacramento Kings,136,105,0,-31,https://www.basketball-reference.com/leagues/NBA_2026_games-december.html,KXNBAGAME-25DEC11DENSAC-SAC,KXNBAGAME-25DEC11DENSAC,Sacramento Kings,2025-12-12 06:00:00+00:00,2025-12-09 19:05:00+00:00,0.0,1616777.0,historical,2025-12-12,361,available,0.185,0.18,0.19,0.19,0.010000000000000009,bid_ask_midpoint,2025-12-12T02:45:00+00:00,15.0,142072.0,1212.0,https://api.elections.kalshi.com/trade-api/v2/historical/markets/KXNBAGAME-25DEC11DENSAC-SAC/candlesticks?start_ts=1765421100&end_ts=1765507500&period_interval=1,0,True,2025-12-11_Denver_Nuggets_at_Sacramento_Kings
2025-12-11,2025-12-12 01:00:00+00:00,Portland Trail Blazers,New Orleans Pelicans,120,143,1,23,https://www.basketball-reference.com/leagues/NBA_2026_games-december.html,KXNBAGAME-25DEC11PORNOP-NOP,KXNBAGAME-25DEC11PORNOP,New Orleans Pelicans,2025-12-12 04:00:00+00:00,2025-12-09 16:05:00+00:00,1.0,1934968.0,historical,2025-12-11,362,missing,,,,,,,,,,,,1,True,2025-12-11_Portland_Trail_Blazers_at_New_Orleans_Pelicans
2025-12-11,2025-12-12 01:00:00+00:00,Boston Celtics,Milwaukee Bucks,101,116,1,15,https://www.basketball-reference.com/leagues/NBA_2026_games-december.html,KXNBAGAME-25DEC11BOSMIL-MIL,KXNBAGAME-25DEC11BOSMIL,Milwaukee Bucks,2025-12-12 04:00:00+00:00,2025-12-09 16:05:00+00:00,1.0,2158364.0,historical,2025-12-11,364,available,0.21000000000000002,0.2,0.22,0.22,0.01999999999999999,bid_ask_midpoint,2025-12-12T00:45:00+00:00,15.0,266933.0,1272.0,https://api.elections.kalshi.com/trade-api/v2/historical/markets/KXNBAGAME-25DEC11BOSMIL-MIL/candlesticks?start_ts=1765413900&end_ts=1765500300&period_interval=1,1,True,2025-12-11_Boston_Celtics_at_Milwaukee_Bucks
2025-12-12,2025-12-13 03:00:00+00:00,Minnesota Timberwolves,Golden State Warriors,127,120,0,-7,https://www.basketball-reference.com/leagues/NBA_2026_games-december.html,KXNBAGAME-25DEC12MINGSW-GSW,KXNBAGAME-25DEC12MINGSW,Golden State Warriors,2025-12-13 06:00:00+00:00,2025-12-10 19:06:00+00:00,0.0,9376182.0,historical,2025-12-13,365,available,0.625,0.62,0.63,0.63,0.010000000000000009,bid_ask_midpoint,2025-12-13T02:45:00+00:00,15.0,866759.0,1368.0,https://api.elections.kalshi.com/trade-api/v2/historical/markets/KXNBAGAME-25DEC12MINGSW-GSW/candlesticks?start_ts=1765507500&end_ts=1765593900&period_interval=1,0,True,2025-12-12_Minnesota_Timberwolves_at_Golden_State_Warriors
2025-12-12,2025-12-13 00:00:00+00:00,Chicago Bulls,Charlotte Hornets,129,126,0,-3,https://www.basketball-reference.com/leagues/NBA_2026_games-december.html,KXNBAGAME-25DEC12CHICHA-CHA,KXNBAGAME-25DEC12CHICHA,Charlotte Hornets,2025-12-13 03:00:00+00:00,2025-12-10 16:06:00+00:00,0.0,3487929.0,historical,2025-12-12,366,available,0.43,0.42,0.44,0.44,0.020000000000000018,bid_ask_midpoint,2025-12-12T23:45:00+00:00,15.0,520812.0,1410.0,https://api.elections.kalshi.com/trade-api/v2/historical/markets/KXNBAGAME-25DEC12CHICHA-CHA/candlesticks?start_ts=1765496700&end_ts=1765583100&period_interval=1,0,True,2025-12-12_Chicago_Bulls_at_Charlotte_Hornets
2025-12-12,2025-12-13 00:00:00+00:00,Atlanta Hawks,Detroit Pistons,115,142,1,27,https://www.basketball-reference.com/leagues/NBA_2026_games-december.html,KXNBAGAME-25DEC12ATLDET-DET,KXNBAGAME-25DEC12ATLDET,Detroit Pistons,2025-12-13 03:00:00+00:00,2025-12-10 16:05:00+00:00,1.0,1745314.0,historical,2025-12-12,367,available,0.715,0.71,0.72,0.72,0.010000000000000009,bid_ask_midpoint,2025-12-12T23:45:00+00:00,15.0,522291.0,1358.0,https://api.elections.kalshi.com/trade-api/v2/historical/markets/KXNBAGAME-25DEC12ATLDET-DET/candlesticks?start_ts=1765496700&end_ts=1765583100&period_interval=1,1,True,2025-12-12_Atlanta_Hawks_at_Detroit_Pistons
2025-12-12,2025-12-13 00:00:00+00:00,Indiana Pacers,Philadelphia 76ers,105,115,1,10,https://www.basketball-reference.com/leagues/NBA_2026_games-december.html,KXNBAGAME-25DEC12INDPHI-PHI,KXNBAGAME-25DEC12INDPHI,Philadelphia 76ers,2025-12-13 03:00:00+00:00,2025-12-10 16:06:00+00:00,1.0,3754763.0,historical,2025-12-12,368,available,0.675,0.67,0.68,0.68,0.010000000000000009,bid_ask_midpoint,2025-12-12T23:45:00+00:00,15.0,775905.0,1375.0,https://api.elections.kalshi.com/trade-api/v2/historical/markets/KXNBAGAME-25DEC12INDPHI-PHI/candlesticks?start_ts=1765496700&end_ts=1765583100&period_interval=1,1,True,2025-12-12_Indiana_Pacers_at_Philadelphia_76ers
2025-12-12,2025-12-13 00:00:00+00:00,Cleveland Cavaliers,Washington Wizards,130,126,0,-4,https://www.basketball-reference.com/leagues/NBA_2026_games-december.html,KXNBAGAME-25DEC12CLEWAS-WAS,KXNBAGAME-25DEC12CLEWAS,Washington Wizards,2025-12-13 03:00:00+00:00,2025-12-10 16:05:00+00:00,0.0,6636388.0,historical,2025-12-12,369,available,0.10500000000000001,0.1,0.11,0.11,0.009999999999999995,bid_ask_midpoint,2025-12-12T23:45:00+00:00,15.0,405031.0,1389.0,https://api.elections.kalshi.com/trade-api/v2/historical/markets/KXNBAGAME-25DEC12CLEWAS-WAS/candlesticks?start_ts=1765496700&end_ts=1765583100&period_interval=1,0,True,2025-12-12_Cleveland_Cavaliers_at_Washington_Wizards
2025-12-12,2025-12-13 01:00:00+00:00,Utah Jazz,Memphis Grizzlies,130,126,0,-4,https://www.basketball-reference.com/leagues/NBA_2026_games-december.html,KXNBAGAME-25DEC12UTAMEM-MEM,KXNBAGAME-25DEC12UTAMEM,Memphis Grizzlies,2025-12-13 04:00:00+00:00,2025-12-10 16:06:00+00:00,0.0,3496848.0,historical,2025-12-12,370,missing,,,,,,,,,,,,0,True,2025-12-12_Utah_Jazz_at_Memphis_Grizzlies
2025-12-12,2025-12-13 01:30:00+00:00,Brooklyn Nets,Dallas Mavericks,111,119,1,8,https://www.basketball-reference.com/leagues/NBA_2026_games-december.html,KXNBAGAME-25DEC12BKNDAL-DAL,KXNBAGAME-25DEC12BKNDAL,Dallas Mavericks,2025-12-13 04:30:00+00:00,2025-12-10 19:06:00+00:00,1.0,3296127.0,historical,2025-12-12,371,available,0.735,0.73,0.74,0.74,0.010000000000000009,bid_ask_midpoint,2025-12-13T01:15:00+00:00,15.0,160330.0,1367.0,https://api.elections.kalshi.com/trade-api/v2/historical/markets/KXNBAGAME-25DEC12BKNDAL-DAL/candlesticks?start_ts=1765502100&end_ts=1765588500&period_interval=1,1,True,2025-12-12_Brooklyn_Nets_at_Dallas_Mavericks
2025-12-13,2025-12-14 02:00:00+00:00,San Antonio Spurs,Oklahoma City Thunder,111,109,0,-2,https://www.basketball-reference.com/leagues/NBA_2026_games-december.html,KXNBAGAME-25DEC13SASOKC-OKC,KXNBAGAME-25DEC13SASOKC,Oklahoma City Thunder,2025-12-14 05:00:00+00:00,2025-12-11 19:06:00+00:00,0.0,11041892.0,historical,2025-12-14,372,available,0.815,0.81,0.82,0.82,0.009999999999999898,bid_ask_midpoint,2025-12-14T01:45:00+00:00,15.0,1301300.0,1414.0,https://api.elections.kalshi.com/trade-api/v2/historical/markets/KXNBAGAME-25DEC13SASOKC-OKC/candlesticks?start_ts=1765590300&end_ts=1765676700&period_interval=1,0,True,2025-12-13_San_Antonio_Spurs_at_Oklahoma_City_Thunder
2025-12-14,2025-12-14 20:00:00+00:00,Washington Wizards,Indiana Pacers,108,89,0,-19,https://www.basketball-reference.com/leagues/NBA_2026_games-december.html,KXNBAGAME-25DEC14WASIND-IND,KXNBAGAME-25DEC14WASIND,Indiana Pacers,2025-12-14 23:00:00+00:00,2025-12-12 13:06:00+00:00,0.0,1237464.0,historical,2025-12-14,374,available,0.775,0.77,0.78,,0.010000000000000009,bid_ask_midpoint,2025-12-14T19:45:00+00:00,15.0,65268.0,1371.0,https://api.elections.kalshi.com/trade-api/v2/historical/markets/KXNBAGAME-25DEC14WASIND-IND/candlesticks?start_ts=1765655100&end_ts=1765741500&period_interval=1,0,True,2025-12-14_Washington_Wizards_at_Indiana_Pacers
2025-12-14,2025-12-14 20:30:00+00:00,Charlotte Hornets,Cleveland Cavaliers,119,111,0,-8,https://www.basketball-reference.com/leagues/NBA_2026_games-december.html,KXNBAGAME-25DEC14CHACLE-CLE,KXNBAGAME-25DEC14CHACLE,Cleveland Cavaliers,2025-12-14 23:30:00+00:00,2025-12-12 13:06:00+00:00,0.0,2521404.0,historical,2025-12-14,375,available,0.835,0.83,0.84,,0.010000000000000009,bid_ask_midpoint,2025-12-14T20:15:00+00:00,15.0,55016.0,1333.0,https://api.elections.kalshi.com/trade-api/v2/historical/markets/KXNBAGAME-25DEC14CHACLE-CLE/candlesticks?start_ts=1765656900&end_ts=1765743300&period_interval=1,0,True,2025-12-14_Charlotte_Hornets_at_Cleveland_Cavaliers
2025-12-14,2025-12-14 23:00:00+00:00,Philadelphia 76ers,Atlanta Hawks,117,120,1,3,https://www.basketball-reference.com/leagues/NBA_2026_games-december.html,KXNBAGAME-25DEC14PHIATL-ATL,KXNBAGAME-25DEC14PHIATL,Atlanta Hawks,2025-12-15 02:00:00+00:00,2025-12-12 16:06:00+00:00,1.0,2105108.0,historical,2025-12-14,376,missing,,,,,,,,,,,,1,True,2025-12-14_Philadelphia_76ers_at_Atlanta_Hawks
2025-12-14,2025-12-14 23:00:00+00:00,Milwaukee Bucks,Brooklyn Nets,82,127,1,45,https://www.basketball-reference.com/leagues/NBA_2026_games-december.html,KXNBAGAME-25DEC14MILBKN-BKN,KXNBAGAME-25DEC14MILBKN,Brooklyn Nets,2025-12-15 02:00:00+00:00,2025-12-12 16:06:00+00:00,1.0,804350.0,historical,2025-12-14,377,missing,,,,,,,,,,,,1,True,2025-12-14_Milwaukee_Bucks_at_Brooklyn_Nets
2025-12-14,2025-12-15 00:00:00+00:00,New Orleans Pelicans,Chicago Bulls,114,104,0,-10,https://www.basketball-reference.com/leagues/NBA_2026_games-december.html,KXNBAGAME-25DEC14NOPCHI-CHI,KXNBAGAME-25DEC14NOPCHI,Chicago Bulls,2025-12-15 03:00:00+00:00,2025-12-12 16:06:00+00:00,0.0,2450832.0,historical,2025-12-14,378,available,0.615,0.61,0.62,0.62,0.010000000000000009,bid_ask_midpoint,2025-12-14T23:45:00+00:00,15.0,54565.0,1180.0,https://api.elections.kalshi.com/trade-api/v2/historical/markets/KXNBAGAME-25DEC14NOPCHI-CHI/candlesticks?start_ts=1765669500&end_ts=1765755900&period_interval=1,0,True,2025-12-14_New_Orleans_Pelicans_at_Chicago_Bulls
2025-12-14,2025-12-15 00:00:00+00:00,Sacramento Kings,Minnesota Timberwolves,103,117,1,14,https://www.basketball-reference.com/leagues/NBA_2026_games-december.html,KXNBAGAME-25DEC14SACMIN-MIN,KXNBAGAME-25DEC14SACMIN,Minnesota Timberwolves,2025-12-15 03:00:00+00:00,2025-12-12 16:06:00+00:00,1.0,1582167.0,historical,2025-12-14,379,available,0.805,0.8,0.81,0.81,0.010000000000000009,bid_ask_midpoint,2025-12-14T23:45:00+00:00,15.0,132087.0,1146.0,https://api.elections.kalshi.com/trade-api/v2/historical/markets/KXNBAGAME-25DEC14SACMIN-MIN/candlesticks?start_ts=1765669500&end_ts=1765755900&period_interval=1,1,True,2025-12-14_Sacramento_Kings_at_Minnesota_Timberwolves
2025-12-14,2025-12-15 02:00:00+00:00,Golden State Warriors,Portland Trail Blazers,131,136,1,5,https://www.basketball-reference.com/leagues/NBA_2026_games-december.html,KXNBAGAME-25DEC14GSWPOR-POR,KXNBAGAME-25DEC14GSWPOR,Portland Trail Blazers,2025-12-15 05:00:00+00:00,2025-12-12 19:06:00+00:00,1.0,4290198.0,historical,2025-12-15,381,available,0.355,0.35,0.36,0.36,0.010000000000000009,bid_ask_midpoint,2025-12-15T01:45:00+00:00,15.0,60379.0,1262.0,https://api.elections.kalshi.com/trade-api/v2/historical/markets/KXNBAGAME-25DEC14GSWPOR-POR/candlesticks?start_ts=1765676700&end_ts=1765763100&period_interval=1,1,True,2025-12-14_Golden_State_Warriors_at_Portland_Trail_Blazers
2025-12-15,2025-12-16 02:30:00+00:00,Houston Rockets,Denver Nuggets,125,128,1,3,https://www.basketball-reference.com/leagues/NBA_2026_games-december.html,KXNBAGAME-25DEC15HOUDEN-DEN,KXNBAGAME-25DEC15HOUDEN,Denver Nuggets,2025-12-16 05:30:00+00:00,2025-12-13 19:06:00+00:00,1.0,7795625.0,historical,2025-12-16,383,available,0.485,0.48,0.49,0.49,0.010000000000000009,bid_ask_midpoint,2025-12-16T02:15:00+00:00,15.0,333729.0,1439.0,https://api.elections.kalshi.com/trade-api/v2/historical/markets/KXNBAGAME-25DEC15HOUDEN-DEN/candlesticks?start_ts=1765764900&end_ts=1765851300&period_interval=1,1,True,2025-12-15_Houston_Rockets_at_Denver_Nuggets
2025-12-15,2025-12-16 02:00:00+00:00,Dallas Mavericks,Utah Jazz,133,140,1,7,https://www.basketball-reference.com/leagues/NBA_2026_games-december.html,KXNBAGAME-25DEC15DALUTA-UTA,KXNBAGAME-25DEC15DALUTA,Utah Jazz,2025-12-16 05:00:00+00:00,2025-12-13 19:06:00+00:00,1.0,6213627.0,historical,2025-12-16,384,available,0.485,0.48,0.49,0.49,0.010000000000000009,bid_ask_midpoint,2025-12-16T01:45:00+00:00,15.0,374446.0,1412.0,https://api.elections.kalshi.com/trade-api/v2/historical/markets/KXNBAGAME-25DEC15DALUTA-UTA/candlesticks?start_ts=1765763100&end_ts=1765849500&period_interval=1,1,True,2025-12-15_Dallas_Mavericks_at_Utah_Jazz
2025-12-15,2025-12-16 00:30:00+00:00,Toronto Raptors,Miami Heat,106,96,0,-10,https://www.basketball-reference.com/leagues/NBA_2026_games-december.html,KXNBAGAME-25DEC15TORMIA-MIA,KXNBAGAME-25DEC15TORMIA,Miami Heat,2025-12-16 03:30:00+00:00,2025-12-13 16:06:00+00:00,0.0,1536900.0,historical,2025-12-15,385,available,0.635,0.63,0.64,0.64,0.010000000000000009,bid_ask_midpoint,2025-12-16T00:15:00+00:00,15.0,70709.0,1412.0,https://api.elections.kalshi.com/trade-api/v2/historical/markets/KXNBAGAME-25DEC15TORMIA-MIA/candlesticks?start_ts=1765757700&end_ts=1765844100&period_interval=1,0,True,2025-12-15_Toronto_Raptors_at_Miami_Heat
2025-12-15,2025-12-16 00:00:00+00:00,Detroit Pistons,Boston Celtics,112,105,0,-7,https://www.basketball-reference.com/leagues/NBA_2026_games-december.html,KXNBAGAME-25DEC15DETBOS-BOS,KXNBAGAME-25DEC15DETBOS,Boston Celtics,2025-12-16 03:00:00+00:00,2025-12-13 16:06:00+00:00,0.0,4385662.0,historical,2025-12-15,386,missing,,,,,,,,,,,,0,True,2025-12-15_Detroit_Pistons_at_Boston_Celtics
2025-12-17,2025-12-18 01:00:00+00:00,Cleveland Cavaliers,Chicago Bulls,111,127,1,16,https://www.basketball-reference.com/leagues/NBA_2026_games-december.html,KXNBAGAME-25DEC17CLECHI-CHI,KXNBAGAME-25DEC17CLECHI,Chicago Bulls,2025-12-18 04:00:00+00:00,2025-12-15 16:05:00+00:00,1.0,3405409.0,historical,2025-12-17,388,available,0.345,0.34,0.35,0.35,0.009999999999999953,bid_ask_midpoint,2025-12-18T00:45:00+00:00,15.0,534208.0,1392.0,https://api.elections.kalshi.com/trade-api/v2/historical/markets/KXNBAGAME-25DEC17CLECHI-CHI/candlesticks?start_ts=1765932300&end_ts=1766018700&period_interval=1,1,True,2025-12-17_Cleveland_Cavaliers_at_Chicago_Bulls
2025-12-17,2025-12-18 01:00:00+00:00,Memphis Grizzlies,Minnesota Timberwolves,116,110,0,-6,https://www.basketball-reference.com/leagues/NBA_2026_games-december.html,KXNBAGAME-25DEC17MEMMIN-MIN,KXNBAGAME-25DEC17MEMMIN,Minnesota Timberwolves,2025-12-18 04:00:00+00:00,2025-12-15 16:05:00+00:00,0.0,4544538.0,historical,2025-12-17,389,available,0.705,0.7,0.71,0.71,0.010000000000000009,bid_ask_midpoint,2025-12-18T00:45:00+00:00,15.0,488501.0,1440.0,https://api.elections.kalshi.com/trade-api/v2/historical/markets/KXNBAGAME-25DEC17MEMMIN-MIN/candlesticks?start_ts=1765932300&end_ts=1766018700&period_interval=1,0,True,2025-12-17_Memphis_Grizzlies_at_Minnesota_Timberwolves
2025-12-18,2025-12-19 03:00:00+00:00,Sacramento Kings,Portland Trail Blazers,133,134,1,1,https://www.basketball-reference.com/leagues/NBA_2026_games-december.html,KXNBAGAME-25DEC18SACPOR-POR,KXNBAGAME-25DEC18SACPOR,Portland Trail Blazers,2025-12-19 06:00:00+00:00,2025-12-17 04:06:00+00:00,1.0,3775706.0,historical,2025-12-19,390,available,0.745,0.74,0.75,0.75,0.010000000000000009,bid_ask_midpoint,2025-12-19T02:45:00+00:00,15.0,39967.0,1287.0,https://api.elections.kalshi.com/trade-api/v2/historical/markets/KXNBAGAME-25DEC18SACPOR-POR/candlesticks?start_ts=1766025900&end_ts=1766112300&period_interval=1,1,True,2025-12-18_Sacramento_Kings_at_Portland_Trail_Blazers
2025-12-18,2025-12-19 02:00:00+00:00,Golden State Warriors,Phoenix Suns,98,99,1,1,https://www.basketball-reference.com/leagues/NBA_2026_games-december.html,KXNBAGAME-25DEC18GSWPHX-PHX,KXNBAGAME-25DEC18GSWPHX,Phoenix Suns,2025-12-19 05:00:00+00:00,2025-12-17 04:06:00+00:00,1.0,2194809.0,historical,2025-12-19,392,available,0.445,0.44,0.45,0.46,0.010000000000000009,bid_ask_midpoint,2025-12-19T01:45:00+00:00,15.0,194596.0,1233.0,https://api.elections.kalshi.com/trade-api/v2/historical/markets/KXNBAGAME-25DEC18GSWPHX-PHX/candlesticks?start_ts=1766022300&end_ts=1766108700&period_interval=1,1,True,2025-12-18_Golden_State_Warriors_at_Phoenix_Suns
2025-12-18,2025-12-19 02:00:00+00:00,Orlando Magic,Denver Nuggets,115,126,1,11,https://www.basketball-reference.com/leagues/NBA_2026_games-december.html,KXNBAGAME-25DEC18ORLDEN-DEN,KXNBAGAME-25DEC18ORLDEN,Denver Nuggets,2025-12-19 05:00:00+00:00,2025-12-17 04:06:00+00:00,1.0,802961.0,historical,2025-12-19,393,available,0.705,0.7,0.71,0.71,0.010000000000000009,bid_ask_midpoint,2025-12-19T01:45:00+00:00,15.0,73199.0,1245.0,https://api.elections.kalshi.com/trade-api/v2/historical/markets/KXNBAGAME-25DEC18ORLDEN-DEN/candlesticks?start_ts=1766022300&end_ts=1766108700&period_interval=1,1,True,2025-12-18_Orlando_Magic_at_Denver_Nuggets
2025-12-18,2025-12-19 01:30:00+00:00,Detroit Pistons,Dallas Mavericks,114,116,1,2,https://www.basketball-reference.com/leagues/NBA_2026_games-december.html,KXNBAGAME-25DEC18DETDAL-DAL,KXNBAGAME-25DEC18DETDAL,Dallas Mavericks,2025-12-19 04:30:00+00:00,2025-12-17 04:06:00+00:00,1.0,2672495.0,historical,2025-12-18,394,missing,,,,,,,,,,,,1,True,2025-12-18_Detroit_Pistons_at_Dallas_Mavericks
2025-12-18,2025-12-19 01:00:00+00:00,Washington Wizards,San Antonio Spurs,94,119,1,25,https://www.basketball-reference.com/leagues/NBA_2026_games-december.html,KXNBAGAME-25DEC18WASSAS-SAS,KXNBAGAME-25DEC18WASSAS,San Antonio Spurs,2025-12-19 04:00:00+00:00,2025-12-17 04:05:00+00:00,1.0,305891.0,historical,2025-12-18,395,available,0.895,0.89,0.9,0.9,0.010000000000000009,bid_ask_midpoint,2025-12-19T00:44:00+00:00,16.0,79095.0,1215.0,https://api.elections.kalshi.com/trade-api/v2/historical/markets/KXNBAGAME-25DEC18WASSAS-SAS/candlesticks?start_ts=1766018700&end_ts=1766105100&period_interval=1,1,True,2025-12-18_Washington_Wizards_at_San_Antonio_Spurs
2025-12-18,2025-12-19 00:30:00+00:00,Miami Heat,Brooklyn Nets,106,95,0,-11,https://www.basketball-reference.com/leagues/NBA_2026_games-december.html,KXNBAGAME-25DEC18MIABKN-BKN,KXNBAGAME-25DEC18MIABKN,Brooklyn Nets,2025-12-19 03:30:00+00:00,2025-12-17 04:05:00+00:00,0.0,1903885.0,historical,2025-12-18,396,missing,,,,,,,,,,,,0,True,2025-12-18_Miami_Heat_at_Brooklyn_Nets
2025-12-18,2025-12-19 01:00:00+00:00,Houston Rockets,New Orleans Pelicans,128,133,1,5,https://www.basketball-reference.com/leagues/NBA_2026_games-december.html,KXNBAGAME-25DEC18HOUNOP-NOP,KXNBAGAME-25DEC18HOUNOP,New Orleans Pelicans,2025-12-19 04:00:00+00:00,2025-12-17 04:05:00+00:00,1.0,1776865.0,historical,2025-12-18,397,missing,,,,,,,,,,,,1,True,2025-12-18_Houston_Rockets_at_New_Orleans_Pelicans
2025-12-18,2025-12-19 01:00:00+00:00,Toronto Raptors,Milwaukee Bucks,111,105,0,-6,https://www.basketball-reference.com/leagues/NBA_2026_games-december.html,KXNBAGAME-25DEC18TORMIL-MIL,KXNBAGAME-25DEC18TORMIL,Milwaukee Bucks,2025-12-19 04:00:00+00:00,2025-12-17 04:06:00+00:00,0.0,1416096.0,historical,2025-12-18,398,missing,,,,,,,,,,,,0,True,2025-12-18_Toronto_Raptors_at_Milwaukee_Bucks
2025-12-18,2025-12-19 00:00:00+00:00,New York Knicks,Indiana Pacers,114,113,0,-1,https://www.basketball-reference.com/leagues/NBA_2026_games-december.html,KXNBAGAME-25DEC18NYKIND-IND,KXNBAGAME-25DEC18NYKIND,Indiana Pacers,2025-12-19 03:00:00+00:00,2025-12-17 04:05:00+00:00,0.0,3132291.0,historical,2025-12-18,399,available,0.375,0.37,0.38,0.38,0.010000000000000009,bid_ask_midpoint,2025-12-18T23:45:00+00:00,15.0,602996.0,1309.0,https://api.elections.kalshi.com/trade-api/v2/historical/markets/KXNBAGAME-25DEC18NYKIND-IND/candlesticks?start_ts=1766015100&end_ts=1766101500&period_interval=1,0,True,2025-12-18_New_York_Knicks_at_Indiana_Pacers
2025-12-18,2025-12-19 00:00:00+00:00,Atlanta Hawks,Charlotte Hornets,126,133,1,7,https://www.basketball-reference.com/leagues/NBA_2026_games-december.html,KXNBAGAME-25DEC18ATLCHA-CHA,KXNBAGAME-25DEC18ATLCHA,Charlotte Hornets,2025-12-19 03:00:00+00:00,2025-12-17 04:05:00+00:00,1.0,2526930.0,historical,2025-12-18,400,available,0.375,0.37,0.38,0.38,0.010000000000000009,bid_ask_midpoint,2025-12-18T23:45:00+00:00,15.0,296042.0,1275.0,https://api.elections.kalshi.com/trade-api/v2/historical/markets/KXNBAGAME-25DEC18ATLCHA-CHA/candlesticks?start_ts=1766015100&end_ts=1766101500&period_interval=1,1,True,2025-12-18_Atlanta_Hawks_at_Charlotte_Hornets
2025-12-19,2025-12-20 00:00:00+00:00,Miami Heat,Boston Celtics,116,129,1,13,https://www.basketball-reference.com/leagues/NBA_2026_games-december.html,KXNBAGAME-25DEC19MIABOS-BOS,KXNBAGAME-25DEC19MIABOS,Boston Celtics,2025-12-20 03:00:00+00:00,2025-12-17 16:06:00+00:00,1.0,1479060.0,historical,2025-12-19,402,available,0.715,0.71,0.72,0.72,0.010000000000000009,bid_ask_midpoint,2025-12-19T23:45:00+00:00,15.0,191973.0,1309.0,https://api.elections.kalshi.com/trade-api/v2/historical/markets/KXNBAGAME-25DEC19MIABOS-BOS/candlesticks?start_ts=1766101500&end_ts=1766187900&period_interval=1,1,True,2025-12-19_Miami_Heat_at_Boston_Celtics
2025-12-19,2025-12-20 00:00:00+00:00,Philadelphia 76ers,New York Knicks,116,107,0,-9,https://www.basketball-reference.com/leagues/NBA_2026_games-december.html,KXNBAGAME-25DEC19PHINYK-NYK,KXNBAGAME-25DEC19PHINYK,New York Knicks,2025-12-20 03:00:00+00:00,2025-12-17 16:06:00+00:00,0.0,4225086.0,historical,2025-12-19,403,available,0.685,0.68,0.69,0.69,0.009999999999999898,bid_ask_midpoint,2025-12-19T23:45:00+00:00,15.0,597740.0,1368.0,https://api.elections.kalshi.com/trade-api/v2/historical/markets/KXNBAGAME-25DEC19PHINYK-NYK/candlesticks?start_ts=1766101500&end_ts=1766187900&period_interval=1,0,True,2025-12-19_Philadelphia_76ers_at_New_York_Knicks
2025-12-19,2025-12-20 00:30:00+00:00,San Antonio Spurs,Atlanta Hawks,126,98,0,-28,https://www.basketball-reference.com/leagues/NBA_2026_games-december.html,KXNBAGAME-25DEC19SASATL-ATL,KXNBAGAME-25DEC19SASATL,Atlanta Hawks,2025-12-20 03:30:00+00:00,2025-12-17 16:06:00+00:00,0.0,805749.0,historical,2025-12-19,404,available,0.395,0.39,0.4,,0.010000000000000009,bid_ask_midpoint,2025-12-20T00:15:00+00:00,15.0,93465.0,1285.0,https://api.elections.kalshi.com/trade-api/v2/historical/markets/KXNBAGAME-25DEC19SASATL-ATL/candlesticks?start_ts=1766103300&end_ts=1766189700&period_interval=1,0,True,2025-12-19_San_Antonio_Spurs_at_Atlanta_Hawks
2025-12-19,2025-12-20 00:30:00+00:00,Chicago Bulls,Cleveland Cavaliers,136,125,0,-11,https://www.basketball-reference.com/leagues/NBA_2026_games-december.html,KXNBAGAME-25DEC19CHICLE-CLE,KXNBAGAME-25DEC19CHICLE,Cleveland Cavaliers,2025-12-20 03:30:00+00:00,2025-12-17 16:06:00+00:00,0.0,2391669.0,historical,2025-12-19,405,available,0.615,0.61,0.62,0.61,0.010000000000000009,bid_ask_midpoint,2025-12-20T00:15:00+00:00,15.0,111639.0,1357.0,https://api.elections.kalshi.com/trade-api/v2/historical/markets/KXNBAGAME-25DEC19CHICLE-CLE/candlesticks?start_ts=1766103300&end_ts=1766189700&period_interval=1,0,True,2025-12-19_Chicago_Bulls_at_Cleveland_Cavaliers
2025-12-19,2025-12-20 02:30:00+00:00,Oklahoma City Thunder,Minnesota Timberwolves,107,112,1,5,https://www.basketball-reference.com/leagues/NBA_2026_games-december.html,KXNBAGAME-25DEC19OKCMIN-MIN,KXNBAGAME-25DEC19OKCMIN,Minnesota Timberwolves,2025-12-20 05:30:00+00:00,2025-12-17 19:06:00+00:00,1.0,6320885.0,historical,2025-12-20,406,available,0.3,0.29,0.31,0.31,0.020000000000000018,bid_ask_midpoint,2025-12-20T02:15:00+00:00,15.0,300881.0,1339.0,https://api.elections.kalshi.com/trade-api/v2/historical/markets/KXNBAGAME-25DEC19OKCMIN-MIN/candlesticks?start_ts=1766110500&end_ts=1766196900&period_interval=1,1,True,2025-12-19_Oklahoma_City_Thunder_at_Minnesota_Timberwolves
2025-12-20,2025-12-21 02:30:00+00:00,Orlando Magic,Utah Jazz,128,127,0,-1,https://www.basketball-reference.com/leagues/NBA_2026_games-december.html,KXNBAGAME-25DEC20ORLUTA-UTA,KXNBAGAME-25DEC20ORLUTA,Utah Jazz,2025-12-21 05:30:00+00:00,2025-12-18 19:06:00+00:00,0.0,5948565.0,historical,2025-12-21,407,available,0.275,0.27,0.28,0.28,0.010000000000000009,bid_ask_midpoint,2025-12-21T02:15:00+00:00,15.0,297842.0,1348.0,https://api.elections.kalshi.com/trade-api/v2/historical/markets/KXNBAGAME-25DEC20ORLUTA-UTA/candlesticks?start_ts=1766196900&end_ts=1766283300&period_interval=1,0,True,2025-12-20_Orlando_Magic_at_Utah_Jazz
2025-12-20,2025-12-21 03:00:00+00:00,Portland Trail Blazers,Sacramento Kings,98,93,0,-5,https://www.basketball-reference.com/leagues/NBA_2026_games-december.html,KXNBAGAME-25DEC20PORSAC-SAC,KXNBAGAME-25DEC20PORSAC,Sacramento Kings,2025-12-21 06:00:00+00:00,2025-12-18 19:06:00+00:00,0.0,2381201.0,historical,2025-12-21,409,available,0.395,0.39,0.4,0.4,0.010000000000000009,bid_ask_midpoint,2025-12-21T02:45:00+00:00,15.0,102756.0,1247.0,https://api.elections.kalshi.com/trade-api/v2/historical/markets/KXNBAGAME-25DEC20PORSAC-SAC/candlesticks?start_ts=1766198700&end_ts=1766285100&period_interval=1,0,True,2025-12-20_Portland_Trail_Blazers_at_Sacramento_Kings
2025-12-20,2025-12-21 01:00:00+00:00,Washington Wizards,Memphis Grizzlies,130,122,0,-8,https://www.basketball-reference.com/leagues/NBA_2026_games-december.html,KXNBAGAME-25DEC20WASMEM-MEM,KXNBAGAME-25DEC20WASMEM,Memphis Grizzlies,2025-12-21 04:00:00+00:00,2025-12-18 16:06:00+00:00,0.0,1383711.0,historical,2025-12-20,410,available,0.835,0.83,0.84,0.84,0.010000000000000009,bid_ask_midpoint,2025-12-21T00:45:00+00:00,15.0,61956.0,1319.0,https://api.elections.kalshi.com/trade-api/v2/historical/markets/KXNBAGAME-25DEC20WASMEM-MEM/candlesticks?start_ts=1766191500&end_ts=1766277900&period_interval=1,0,True,2025-12-20_Washington_Wizards_at_Memphis_Grizzlies
2025-12-20,2025-12-21 01:30:00+00:00,Phoenix Suns,Golden State Warriors,116,119,1,3,https://www.basketball-reference.com/leagues/NBA_2026_games-december.html,KXNBAGAME-25DEC20PHXGSW-GSW,KXNBAGAME-25DEC20PHXGSW,Golden State Warriors,2025-12-21 04:30:00+00:00,2025-12-18 19:06:00+00:00,1.0,2751302.0,historical,2025-12-20,411,available,0.665,0.66,0.67,0.67,0.010000000000000009,bid_ask_midpoint,2025-12-21T01:15:00+00:00,15.0,102568.0,1277.0,https://api.elections.kalshi.com/trade-api/v2/historical/markets/KXNBAGAME-25DEC20PHXGSW-GSW/candlesticks?start_ts=1766193300&end_ts=1766279700&period_interval=1,1,True,2025-12-20_Phoenix_Suns_at_Golden_State_Warriors
2025-12-20,2025-12-21 00:00:00+00:00,Boston Celtics,Toronto Raptors,112,96,0,-16,https://www.basketball-reference.com/leagues/NBA_2026_games-december.html,KXNBAGAME-25DEC20BOSTOR-TOR,KXNBAGAME-25DEC20BOSTOR,Toronto Raptors,2025-12-21 03:00:00+00:00,2025-12-18 16:06:00+00:00,0.0,2181328.0,historical,2025-12-20,412,available,0.525,0.52,0.53,0.53,0.010000000000000009,bid_ask_midpoint,2025-12-20T23:45:00+00:00,15.0,194228.0,1268.0,https://api.elections.kalshi.com/trade-api/v2/historical/markets/KXNBAGAME-25DEC20BOSTOR-TOR/candlesticks?start_ts=1766187900&end_ts=1766274300&period_interval=1,0,True,2025-12-20_Boston_Celtics_at_Toronto_Raptors
2025-12-20,2025-12-21 00:30:00+00:00,Charlotte Hornets,Detroit Pistons,86,112,1,26,https://www.basketball-reference.com/leagues/NBA_2026_games-december.html,KXNBAGAME-25DEC20CHADET-DET,KXNBAGAME-25DEC20CHADET,Detroit Pistons,2025-12-21 03:30:00+00:00,2025-12-18 16:06:00+00:00,1.0,653534.0,historical,2025-12-20,413,available,0.805,0.8,0.81,0.8,0.010000000000000009,bid_ask_midpoint,2025-12-21T00:15:00+00:00,15.0,135981.0,1326.0,https://api.elections.kalshi.com/trade-api/v2/historical/markets/KXNBAGAME-25DEC20CHADET-DET/candlesticks?start_ts=1766189700&end_ts=1766276100&period_interval=1,1,True,2025-12-20_Charlotte_Hornets_at_Detroit_Pistons
2025-12-20,2025-12-21 00:00:00+00:00,Dallas Mavericks,Philadelphia 76ers,114,121,1,7,https://www.basketball-reference.com/leagues/NBA_2026_games-december.html,KXNBAGAME-25DEC20DALPHI-PHI,KXNBAGAME-25DEC20DALPHI,Philadelphia 76ers,2025-12-21 03:00:00+00:00,2025-12-18 16:06:00+00:00,1.0,3081947.0,historical,2025-12-20,414,available,0.52,0.51,0.53,0.51,0.020000000000000018,bid_ask_midpoint,2025-12-20T23:45:00+00:00,15.0,229968.0,1357.0,https://api.elections.kalshi.com/trade-api/v2/historical/markets/KXNBAGAME-25DEC20DALPHI-PHI/candlesticks?start_ts=1766187900&end_ts=1766274300&period_interval=1,1,True,2025-12-20_Dallas_Mavericks_at_Philadelphia_76ers
2025-12-20,2025-12-21 00:00:00+00:00,Indiana Pacers,New Orleans Pelicans,109,128,1,19,https://www.basketball-reference.com/leagues/NBA_2026_games-december.html,KXNBAGAME-25DEC20INDNOP-NOP,KXNBAGAME-25DEC20INDNOP,New Orleans Pelicans,2025-12-21 03:00:00+00:00,2025-12-18 16:06:00+00:00,1.0,741746.0,historical,2025-12-20,415,available,0.565,0.56,0.57,,0.009999999999999898,bid_ask_midpoint,2025-12-20T23:45:00+00:00,15.0,40111.0,1289.0,https://api.elections.kalshi.com/trade-api/v2/historical/markets/KXNBAGAME-25DEC20INDNOP-NOP/candlesticks?start_ts=1766187900&end_ts=1766274300&period_interval=1,1,True,2025-12-20_Indiana_Pacers_at_New_Orleans_Pelicans
2025-12-20,2025-12-20 22:00:00+00:00,Houston Rockets,Denver Nuggets,115,101,0,-14,https://www.basketball-reference.com/leagues/NBA_2026_games-december.html,KXNBAGAME-25DEC20HOUDEN-DEN,KXNBAGAME-25DEC20HOUDEN,Denver Nuggets,2025-12-21 01:00:00+00:00,2025-12-18 13:06:00+00:00,0.0,5122836.0,historical,2025-12-20,416,available,0.485,0.48,0.49,0.49,0.010000000000000009,bid_ask_midpoint,2025-12-20T21:45:00+00:00,15.0,841063.0,1360.0,https://api.elections.kalshi.com/trade-api/v2/historical/markets/KXNBAGAME-25DEC20HOUDEN-DEN/candlesticks?start_ts=1766180700&end_ts=1766267100&period_interval=1,0,True,2025-12-20_Houston_Rockets_at_Denver_Nuggets
2025-12-21,2025-12-21 20:30:00+00:00,Chicago Bulls,Atlanta Hawks,152,150,0,-2,https://www.basketball-reference.com/leagues/NBA_2026_games-december.html,KXNBAGAME-25DEC21CHIATL-ATL,KXNBAGAME-25DEC21CHIATL,Atlanta Hawks,2025-12-21 23:30:00+00:00,2025-12-19 13:05:00+00:00,0.0,3004263.0,historical,2025-12-21,417,available,0.615,0.61,0.62,0.62,0.010000000000000009,bid_ask_midpoint,2025-12-21T20:15:00+00:00,15.0,138615.0,1201.0,https://api.elections.kalshi.com/trade-api/v2/historical/markets/KXNBAGAME-25DEC21CHIATL-ATL/candlesticks?start_ts=1766261700&end_ts=1766348100&period_interval=1,0,True,2025-12-21_Chicago_Bulls_at_Atlanta_Hawks
2025-12-21,2025-12-21 23:00:00+00:00,Toronto Raptors,Brooklyn Nets,81,96,1,15,https://www.basketball-reference.com/leagues/NBA_2026_games-december.html,KXNBAGAME-25DEC21TORBKN-BKN,KXNBAGAME-25DEC21TORBKN,Brooklyn Nets,2025-12-22 02:00:00+00:00,2025-12-19 16:06:00+00:00,1.0,1973220.0,historical,2025-12-21,418,available,0.405,0.4,0.41,0.41,0.009999999999999953,bid_ask_midpoint,2025-12-21T22:45:00+00:00,15.0,29773.0,1310.0,https://api.elections.kalshi.com/trade-api/v2/historical/markets/KXNBAGAME-25DEC21TORBKN-BKN/candlesticks?start_ts=1766270700&end_ts=1766357100&period_interval=1,1,True,2025-12-21_Toronto_Raptors_at_Brooklyn_Nets
2025-12-21,2025-12-21 23:00:00+00:00,Miami Heat,New York Knicks,125,132,1,7,https://www.basketball-reference.com/leagues/NBA_2026_games-december.html,KXNBAGAME-25DEC21MIANYK-NYK,KXNBAGAME-25DEC21MIANYK,New York Knicks,2025-12-22 02:00:00+00:00,2025-12-19 16:06:00+00:00,1.0,2168324.0,historical,2025-12-21,419,available,0.725,0.72,0.73,0.73,0.010000000000000009,bid_ask_midpoint,2025-12-21T22:45:00+00:00,15.0,148596.0,1282.0,https://api.elections.kalshi.com/trade-api/v2/historical/markets/KXNBAGAME-25DEC21MIANYK-NYK/candlesticks?start_ts=1766270700&end_ts=1766357100&period_interval=1,1,True,2025-12-21_Miami_Heat_at_New_York_Knicks
2025-12-21,2025-12-22 00:00:00+00:00,Milwaukee Bucks,Minnesota Timberwolves,100,103,1,3,https://www.basketball-reference.com/leagues/NBA_2026_games-december.html,KXNBAGAME-25DEC21MILMIN-MIN,KXNBAGAME-25DEC21MILMIN,Minnesota Timberwolves,2025-12-22 03:00:00+00:00,2025-12-19 16:06:00+00:00,1.0,2483276.0,historical,2025-12-21,420,available,0.835,0.83,0.84,,0.010000000000000009,bid_ask_midpoint,2025-12-21T23:45:00+00:00,15.0,50395.0,1271.0,https://api.elections.kalshi.com/trade-api/v2/historical/markets/KXNBAGAME-25DEC21MILMIN-MIN/candlesticks?start_ts=1766274300&end_ts=1766360700&period_interval=1,1,True,2025-12-21_Milwaukee_Bucks_at_Minnesota_Timberwolves
2025-12-21,2025-12-22 00:00:00+00:00,San Antonio Spurs,Washington Wizards,124,113,0,-11,https://www.basketball-reference.com/leagues/NBA_2026_games-december.html,KXNBAGAME-25DEC21SASWAS-WAS,KXNBAGAME-25DEC21SASWAS,Washington Wizards,2025-12-22 03:00:00+00:00,2025-12-19 16:06:00+00:00,0.0,1826093.0,historical,2025-12-21,421,missing,,,,,,,,,,,,0,True,2025-12-21_San_Antonio_Spurs_at_Washington_Wizards
2025-12-21,2025-12-22 03:00:00+00:00,Houston Rockets,Sacramento Kings,124,125,1,1,https://www.basketball-reference.com/leagues/NBA_2026_games-december.html,KXNBAGAME-25DEC21HOUSAC-SAC,KXNBAGAME-25DEC21HOUSAC,Sacramento Kings,2025-12-22 06:00:00+00:00,2025-12-19 19:06:00+00:00,1.0,9024136.0,historical,2025-12-22,422,available,0.165,0.16,0.17,0.17,0.010000000000000009,bid_ask_midpoint,2025-12-22T02:45:00+00:00,15.0,614084.0,1273.0,https://api.elections.kalshi.com/trade-api/v2/historical/markets/KXNBAGAME-25DEC21HOUSAC-SAC/candlesticks?start_ts=1766285100&end_ts=1766371500&period_interval=1,1,True,2025-12-21_Houston_Rockets_at_Sacramento_Kings
2025-12-22,2025-12-23 03:00:00+00:00,Detroit Pistons,Portland Trail Blazers,110,102,0,-8,https://www.basketball-reference.com/leagues/NBA_2026_games-december.html,KXNBAGAME-25DEC22DETPOR-POR,KXNBAGAME-25DEC22DETPOR,Portland Trail Blazers,2025-12-23 06:00:00+00:00,2025-12-20 19:06:00+00:00,0.0,3723513.0,historical,2025-12-23,423,available,0.32,0.31,0.33,0.33,0.020000000000000018,bid_ask_midpoint,2025-12-23T02:45:00+00:00,15.0,175627.0,1357.0,https://api.elections.kalshi.com/trade-api/v2/historical/markets/KXNBAGAME-25DEC22DETPOR-POR/candlesticks?start_ts=1766371500&end_ts=1766457900&period_interval=1,0,True,2025-12-22_Detroit_Pistons_at_Portland_Trail_Blazers
2025-12-22,2025-12-23 03:00:00+00:00,Orlando Magic,Golden State Warriors,97,120,1,23,https://www.basketball-reference.com/leagues/NBA_2026_games-december.html,KXNBAGAME-25DEC22ORLGSW-GSW,KXNBAGAME-25DEC22ORLGSW,Golden State Warriors,2025-12-23 06:00:00+00:00,2025-12-20 19:06:00+00:00,1.0,2850517.0,historical,2025-12-23,424,available,0.67,0.66,0.68,0.68,0.020000000000000018,bid_ask_midpoint,2025-12-23T02:45:00+00:00,15.0,149918.0,1382.0,https://api.elections.kalshi.com/trade-api/v2/historical/markets/KXNBAGAME-25DEC22ORLGSW-GSW/candlesticks?start_ts=1766371500&end_ts=1766457900&period_interval=1,1,True,2025-12-22_Orlando_Magic_at_Golden_State_Warriors
2025-12-22,2025-12-23 02:30:00+00:00,Memphis Grizzlies,Oklahoma City Thunder,103,119,1,16,https://www.basketball-reference.com/leagues/NBA_2026_games-december.html,KXNBAGAME-25DEC22MEMOKC-OKC,KXNBAGAME-25DEC22MEMOKC,Oklahoma City Thunder,2025-12-23 05:30:00+00:00,2025-12-20 19:06:00+00:00,1.0,1329823.0,historical,2025-12-23,425,available,0.895,0.89,0.9,0.9,0.010000000000000009,bid_ask_midpoint,2025-12-23T02:15:00+00:00,15.0,191338.0,1367.0,https://api.elections.kalshi.com/trade-api/v2/historical/markets/KXNBAGAME-25DEC22MEMOKC-OKC/candlesticks?start_ts=1766369700&end_ts=1766456100&period_interval=1,1,True,2025-12-22_Memphis_Grizzlies_at_Oklahoma_City_Thunder
2025-12-22,2025-12-23 00:30:00+00:00,Indiana Pacers,Boston Celtics,95,103,1,8,https://www.basketball-reference.com/leagues/NBA_2026_games-december.html,KXNBAGAME-25DEC22INDBOS-BOS,KXNBAGAME-25DEC22INDBOS,Boston Celtics,2025-12-23 03:30:00+00:00,2025-12-20 16:06:00+00:00,1.0,3216255.0,historical,2025-12-22,426,available,0.83,0.82,0.84,0.84,0.020000000000000018,bid_ask_midpoint,2025-12-23T00:15:00+00:00,15.0,224054.0,1386.0,https://api.elections.kalshi.com/trade-api/v2/historical/markets/KXNBAGAME-25DEC22INDBOS-BOS/candlesticks?start_ts=1766362500&end_ts=1766448900&period_interval=1,1,True,2025-12-22_Indiana_Pacers_at_Boston_Celtics
2025-12-22,2025-12-23 01:00:00+00:00,Dallas Mavericks,New Orleans Pelicans,113,119,1,6,https://www.basketball-reference.com/leagues/NBA_2026_games-december.html,KXNBAGAME-25DEC22DALNOP-NOP,KXNBAGAME-25DEC22DALNOP,New Orleans Pelicans,2025-12-23 04:00:00+00:00,2025-12-20 16:06:00+00:00,1.0,2252873.0,historical,2025-12-22,427,available,0.485,0.48,0.49,0.49,0.010000000000000009,bid_ask_midpoint,2025-12-23T00:45:00+00:00,15.0,183186.0,1330.0,https://api.elections.kalshi.com/trade-api/v2/historical/markets/KXNBAGAME-25DEC22DALNOP-NOP/candlesticks?start_ts=1766364300&end_ts=1766450700&period_interval=1,1,True,2025-12-22_Dallas_Mavericks_at_New_Orleans_Pelicans
2025-12-22,2025-12-23 00:00:00+00:00,Charlotte Hornets,Cleveland Cavaliers,132,139,1,7,https://www.basketball-reference.com/leagues/NBA_2026_games-december.html,KXNBAGAME-25DEC22CHACLE-CLE,KXNBAGAME-25DEC22CHACLE,Cleveland Cavaliers,2025-12-23 03:00:00+00:00,2025-12-20 16:06:00+00:00,1.0,1200432.0,historical,2025-12-22,428,available,0.755,0.75,0.76,0.76,0.010000000000000009,bid_ask_midpoint,2025-12-22T23:45:00+00:00,15.0,164211.0,1365.0,https://api.elections.kalshi.com/trade-api/v2/historical/markets/KXNBAGAME-25DEC22CHACLE-CLE/candlesticks?start_ts=1766360700&end_ts=1766447100&period_interval=1,1,True,2025-12-22_Charlotte_Hornets_at_Cleveland_Cavaliers
2025-12-22,2025-12-23 02:00:00+00:00,Utah Jazz,Denver Nuggets,112,135,1,23,https://www.basketball-reference.com/leagues/NBA_2026_games-december.html,KXNBAGAME-25DEC22UTADEN-DEN,KXNBAGAME-25DEC22UTADEN,Denver Nuggets,2025-12-23 05:00:00+00:00,2025-12-20 19:06:00+00:00,1.0,465182.0,historical,2025-12-23,429,available,0.865,0.86,0.87,,0.010000000000000009,bid_ask_midpoint,2025-12-23T01:45:00+00:00,15.0,134862.0,1336.0,https://api.elections.kalshi.com/trade-api/v2/historical/markets/KXNBAGAME-25DEC22UTADEN-DEN/candlesticks?start_ts=1766367900&end_ts=1766454300&period_interval=1,1,True,2025-12-22_Utah_Jazz_at_Denver_Nuggets
2025-12-23,2025-12-24 01:30:00+00:00,Oklahoma City Thunder,San Antonio Spurs,110,130,1,20,https://www.basketball-reference.com/leagues/NBA_2026_games-december.html,KXNBAGAME-25DEC23OKCSAS-SAS,KXNBAGAME-25DEC23OKCSAS,San Antonio Spurs,2025-12-24 04:30:00+00:00,2025-12-21 19:06:00+00:00,1.0,3448285.0,historical,2025-12-23,430,available,0.325,0.32,0.33,0.33,0.010000000000000009,bid_ask_midpoint,2025-12-24T01:15:00+00:00,15.0,521396.0,1344.0,https://api.elections.kalshi.com/trade-api/v2/historical/markets/KXNBAGAME-25DEC23OKCSAS-SAS/candlesticks?start_ts=1766452500&end_ts=1766538900&period_interval=1,1,True,2025-12-23_Oklahoma_City_Thunder_at_San_Antonio_Spurs
2025-12-23,2025-12-24 03:00:00+00:00,Detroit Pistons,Sacramento Kings,136,127,0,-9,https://www.basketball-reference.com/leagues/NBA_2026_games-december.html,KXNBAGAME-25DEC23DETSAC-SAC,KXNBAGAME-25DEC23DETSAC,Sacramento Kings,2025-12-24 06:00:00+00:00,2025-12-21 19:06:00+00:00,0.0,2262806.0,historical,2025-12-24,431,available,0.215,0.21,0.22,0.22,0.010000000000000009,bid_ask_midpoint,2025-12-24T02:45:00+00:00,15.0,181349.0,1288.0,https://api.elections.kalshi.com/trade-api/v2/historical/markets/KXNBAGAME-25DEC23DETSAC-SAC/candlesticks?start_ts=1766457900&end_ts=1766544300&period_interval=1,0,True,2025-12-23_Detroit_Pistons_at_Sacramento_Kings
2025-12-23,2025-12-24 03:00:00+00:00,Orlando Magic,Portland Trail Blazers,110,106,0,-4,https://www.basketball-reference.com/leagues/NBA_2026_games-december.html,KXNBAGAME-25DEC23ORLPOR-POR,KXNBAGAME-25DEC23ORLPOR,Portland Trail Blazers,2025-12-24 06:00:00+00:00,2025-12-21 19:06:00+00:00,0.0,2971823.0,historical,2025-12-24,432,available,0.48,0.47,0.49,0.49,0.020000000000000018,bid_ask_midpoint,2025-12-24T02:45:00+00:00,15.0,45394.0,1184.0,https://api.elections.kalshi.com/trade-api/v2/historical/markets/KXNBAGAME-25DEC23ORLPOR-POR/candlesticks?start_ts=1766457900&end_ts=1766544300&period_interval=1,0,True,2025-12-23_Orlando_Magic_at_Portland_Trail_Blazers
2025-12-23,2025-12-24 02:00:00+00:00,Memphis Grizzlies,Utah Jazz,137,128,0,-9,https://www.basketball-reference.com/leagues/NBA_2026_games-december.html,KXNBAGAME-25DEC23MEMUTA-UTA,KXNBAGAME-25DEC23MEMUTA,Utah Jazz,2025-12-24 05:00:00+00:00,2025-12-21 19:06:00+00:00,0.0,2496604.0,historical,2025-12-24,434,available,0.395,0.39,0.4,0.4,0.010000000000000009,bid_ask_midpoint,2025-12-24T01:45:00+00:00,15.0,65979.0,1138.0,https://api.elections.kalshi.com/trade-api/v2/historical/markets/KXNBAGAME-25DEC23MEMUTA-UTA/candlesticks?start_ts=1766454300&end_ts=1766540700&period_interval=1,0,True,2025-12-23_Memphis_Grizzlies_at_Utah_Jazz
2025-12-23,2025-12-24 01:00:00+00:00,New York Knicks,Minnesota Timberwolves,104,115,1,11,https://www.basketball-reference.com/leagues/NBA_2026_games-december.html,KXNBAGAME-25DEC23NYKMIN-MIN,KXNBAGAME-25DEC23NYKMIN,Minnesota Timberwolves,2025-12-24 04:00:00+00:00,2025-12-21 16:06:00+00:00,1.0,1233494.0,historical,2025-12-23,436,available,0.705,0.7,0.71,0.71,0.010000000000000009,bid_ask_midpoint,2025-12-24T00:45:00+00:00,15.0,183026.0,1336.0,https://api.elections.kalshi.com/trade-api/v2/historical/markets/KXNBAGAME-25DEC23NYKMIN-MIN/candlesticks?start_ts=1766450700&end_ts=1766537100&period_interval=1,1,True,2025-12-23_New_York_Knicks_at_Minnesota_Timberwolves
2025-12-23,2025-12-24 00:30:00+00:00,Chicago Bulls,Atlanta Hawks,126,123,0,-3,https://www.basketball-reference.com/leagues/NBA_2026_games-december.html,KXNBAGAME-25DEC23CHIATL-ATL,KXNBAGAME-25DEC23CHIATL,Atlanta Hawks,2025-12-24 03:30:00+00:00,2025-12-21 16:06:00+00:00,0.0,1584267.0,historical,2025-12-23,437,available,0.58,0.57,0.59,0.59,0.020000000000000018,bid_ask_midpoint,2025-12-24T00:15:00+00:00,15.0,87198.0,1252.0,https://api.elections.kalshi.com/trade-api/v2/historical/markets/KXNBAGAME-25DEC23CHIATL-ATL/candlesticks?start_ts=1766448900&end_ts=1766535300&period_interval=1,0,True,2025-12-23_Chicago_Bulls_at_Atlanta_Hawks
2025-12-23,2025-12-24 00:30:00+00:00,Toronto Raptors,Miami Heat,112,91,0,-21,https://www.basketball-reference.com/leagues/NBA_2026_games-december.html,KXNBAGAME-25DEC23TORMIA-MIA,KXNBAGAME-25DEC23TORMIA,Miami Heat,2025-12-24 03:30:00+00:00,2025-12-21 16:06:00+00:00,0.0,951597.0,historical,2025-12-23,438,available,0.655,0.65,0.66,0.66,0.010000000000000009,bid_ask_midpoint,2025-12-24T00:15:00+00:00,15.0,74367.0,1223.0,https://api.elections.kalshi.com/trade-api/v2/historical/markets/KXNBAGAME-25DEC23TORMIA-MIA/candlesticks?start_ts=1766448900&end_ts=1766535300&period_interval=1,0,True,2025-12-23_Toronto_Raptors_at_Miami_Heat
2025-12-23,2025-12-24 00:30:00+00:00,Milwaukee Bucks,Indiana Pacers,111,94,0,-17,https://www.basketball-reference.com/leagues/NBA_2026_games-december.html,KXNBAGAME-25DEC23MILIND-IND,KXNBAGAME-25DEC23MILIND,Indiana Pacers,2025-12-24 03:30:00+00:00,2025-12-21 16:06:00+00:00,0.0,618649.0,historical,2025-12-23,439,available,0.475,0.47,0.48,0.48,0.010000000000000009,bid_ask_midpoint,2025-12-24T00:15:00+00:00,15.0,102469.0,1215.0,https://api.elections.kalshi.com/trade-api/v2/historical/markets/KXNBAGAME-25DEC23MILIND-IND/candlesticks?start_ts=1766448900&end_ts=1766535300&period_interval=1,0,True,2025-12-23_Milwaukee_Bucks_at_Indiana_Pacers
2025-12-23,2025-12-24 00:30:00+00:00,New Orleans Pelicans,Cleveland Cavaliers,118,141,1,23,https://www.basketball-reference.com/leagues/NBA_2026_games-december.html,KXNBAGAME-25DEC23NOPCLE-CLE,KXNBAGAME-25DEC23NOPCLE,Cleveland Cavaliers,2025-12-24 03:30:00+00:00,2025-12-21 16:06:00+00:00,1.0,286056.0,historical,2025-12-23,440,available,0.765,0.76,0.77,0.77,0.010000000000000009,bid_ask_midpoint,2025-12-24T00:15:00+00:00,15.0,67471.0,1242.0,https://api.elections.kalshi.com/trade-api/v2/historical/markets/KXNBAGAME-25DEC23NOPCLE-CLE/candlesticks?start_ts=1766448900&end_ts=1766535300&period_interval=1,1,True,2025-12-23_New_Orleans_Pelicans_at_Cleveland_Cavaliers
2025-12-23,2025-12-24 00:00:00+00:00,Brooklyn Nets,Philadelphia 76ers,114,106,0,-8,https://www.basketball-reference.com/leagues/NBA_2026_games-december.html,KXNBAGAME-25DEC23BKNPHI-PHI,KXNBAGAME-25DEC23BKNPHI,Philadelphia 76ers,2025-12-24 03:00:00+00:00,2025-12-21 16:06:00+00:00,0.0,2525393.0,historical,2025-12-23,441,available,0.775,0.77,0.78,0.78,0.010000000000000009,bid_ask_midpoint,2025-12-23T23:45:00+00:00,15.0,270373.0,1307.0,https://api.elections.kalshi.com/trade-api/v2/historical/markets/KXNBAGAME-25DEC23BKNPHI-PHI/candlesticks?start_ts=1766447100&end_ts=1766533500&period_interval=1,0,True,2025-12-23_Brooklyn_Nets_at_Philadelphia_76ers
2025-12-23,2025-12-24 00:00:00+00:00,Washington Wizards,Charlotte Hornets,109,126,1,17,https://www.basketball-reference.com/leagues/NBA_2026_games-december.html,KXNBAGAME-25DEC23WASCHA-CHA,KXNBAGAME-25DEC23WASCHA,Charlotte Hornets,2025-12-24 03:00:00+00:00,2025-12-21 16:06:00+00:00,1.0,1075760.0,historical,2025-12-23,442,available,0.695,0.69,0.7,0.7,0.010000000000000009,bid_ask_midpoint,2025-12-23T23:45:00+00:00,15.0,123645.0,1286.0,https://api.elections.kalshi.com/trade-api/v2/historical/markets/KXNBAGAME-25DEC23WASCHA-CHA/candlesticks?start_ts=1766447100&end_ts=1766533500&period_interval=1,1,True,2025-12-23_Washington_Wizards_at_Charlotte_Hornets
2025-12-23,2025-12-24 01:00:00+00:00,Denver Nuggets,Dallas Mavericks,130,131,1,1,https://www.basketball-reference.com/leagues/NBA_2026_games-december.html,KXNBAGAME-25DEC23DENDAL-DAL,KXNBAGAME-25DEC23DENDAL,Dallas Mavericks,2025-12-24 04:00:00+00:00,2025-12-21 16:06:00+00:00,1.0,2583079.0,historical,2025-12-23,443,available,0.315,0.31,0.32,0.32,0.010000000000000009,bid_ask_midpoint,2025-12-24T00:45:00+00:00,15.0,97149.0,1300.0,https://api.elections.kalshi.com/trade-api/v2/historical/markets/KXNBAGAME-25DEC23DENDAL-DAL/candlesticks?start_ts=1766450700&end_ts=1766537100&period_interval=1,1,True,2025-12-23_Denver_Nuggets_at_Dallas_Mavericks
2025-12-25,2025-12-25 17:00:00+00:00,Cleveland Cavaliers,New York Knicks,124,126,1,2,https://www.basketball-reference.com/leagues/NBA_2026_games-december.html,KXNBAGAME-25DEC25CLENYK-NYK,KXNBAGAME-25DEC25CLENYK,New York Knicks,2025-12-25 20:00:00+00:00,2025-12-22 18:20:00+00:00,1.0,11887750.0,historical,2025-12-25,444,available,0.625,0.62,0.63,0.63,0.010000000000000009,bid_ask_midpoint,2025-12-25T16:45:00+00:00,15.0,895860.0,1320.0,https://api.elections.kalshi.com/trade-api/v2/historical/markets/KXNBAGAME-25DEC25CLENYK-NYK/candlesticks?start_ts=1766594700&end_ts=1766681100&period_interval=1,1,True,2025-12-25_Cleveland_Cavaliers_at_New_York_Knicks
2025-12-25,2025-12-25 19:30:00+00:00,San Antonio Spurs,Oklahoma City Thunder,117,102,0,-15,https://www.basketball-reference.com/leagues/NBA_2026_games-december.html,KXNBAGAME-25DEC25SASOKC-OKC,KXNBAGAME-25DEC25SASOKC,Oklahoma City Thunder,2025-12-25 22:30:00+00:00,2025-12-22 18:20:00+00:00,0.0,7290411.0,historical,2025-12-25,445,available,0.755,0.75,0.76,0.76,0.010000000000000009,bid_ask_midpoint,2025-12-25T19:15:00+00:00,15.0,386137.0,1312.0,https://api.elections.kalshi.com/trade-api/v2/historical/markets/KXNBAGAME-25DEC25SASOKC-OKC/candlesticks?start_ts=1766603700&end_ts=1766690100&period_interval=1,0,True,2025-12-25_San_Antonio_Spurs_at_Oklahoma_City_Thunder
2025-12-25,2025-12-25 22:00:00+00:00,Dallas Mavericks,Golden State Warriors,116,126,1,10,https://www.basketball-reference.com/leagues/NBA_2026_games-december.html,KXNBAGAME-25DEC25DALGSW-GSW,KXNBAGAME-25DEC25DALGSW,Golden State Warriors,2025-12-26 01:00:00+00:00,2025-12-22 18:20:00+00:00,1.0,3074141.0,historical,2025-12-25,446,missing,,,,,,,,,,,,1,True,2025-12-25_Dallas_Mavericks_at_Golden_State_Warriors
2025-12-25,2025-12-26 03:30:00+00:00,Minnesota Timberwolves,Denver Nuggets,138,142,1,4,https://www.basketball-reference.com/leagues/NBA_2026_games-december.html,KXNBAGAME-25DEC25MINDEN-DEN,KXNBAGAME-25DEC25MINDEN,Denver Nuggets,2025-12-26 06:30:00+00:00,2025-12-22 18:20:00+00:00,1.0,15751919.0,historical,2025-12-26,448,available,0.505,0.5,0.51,0.51,0.010000000000000009,bid_ask_midpoint,2025-12-26T03:15:00+00:00,15.0,903600.0,1261.0,https://api.elections.kalshi.com/trade-api/v2/historical/markets/KXNBAGAME-25DEC25MINDEN-DEN/candlesticks?start_ts=1766632500&end_ts=1766718900&period_interval=1,1,True,2025-12-25_Minnesota_Timberwolves_at_Denver_Nuggets
2025-12-26,2025-12-27 02:30:00+00:00,Detroit Pistons,Utah Jazz,129,131,1,2,https://www.basketball-reference.com/leagues/NBA_2026_games-december.html,KXNBAGAME-25DEC26DETUTA-UTA,KXNBAGAME-25DEC26DETUTA,Utah Jazz,2025-12-27 05:30:00+00:00,2025-12-24 19:05:00+00:00,1.0,7156992.0,historical,2025-12-27,450,available,0.225,0.22,0.23,0.23,0.010000000000000009,bid_ask_midpoint,2025-12-27T02:15:00+00:00,15.0,286508.0,1359.0,https://api.elections.kalshi.com/trade-api/v2/historical/markets/KXNBAGAME-25DEC26DETUTA-UTA/candlesticks?start_ts=1766715300&end_ts=1766801700&period_interval=1,1,True,2025-12-26_Detroit_Pistons_at_Utah_Jazz
2025-12-26,2025-12-27 01:00:00+00:00,Phoenix Suns,New Orleans Pelicans,115,108,0,-7,https://www.basketball-reference.com/leagues/NBA_2026_games-december.html,KXNBAGAME-25DEC26PHXNOP-NOP,KXNBAGAME-25DEC26PHXNOP,New Orleans Pelicans,2025-12-27 04:00:00+00:00,2025-12-24 16:05:00+00:00,0.0,3011172.0,historical,2025-12-26,451,missing,,,,,,,,,,,,0,True,2025-12-26_Phoenix_Suns_at_New_Orleans_Pelicans
2025-12-26,2025-12-27 01:00:00+00:00,Milwaukee Bucks,Memphis Grizzlies,104,125,1,21,https://www.basketball-reference.com/leagues/NBA_2026_games-december.html,KXNBAGAME-25DEC26MILMEM-MEM,KXNBAGAME-25DEC26MILMEM,Memphis Grizzlies,2025-12-27 04:00:00+00:00,2025-12-24 16:05:00+00:00,1.0,906547.0,historical,2025-12-26,452,available,0.645,0.64,0.65,,0.010000000000000009,bid_ask_midpoint,2025-12-27T00:45:00+00:00,15.0,108081.0,1303.0,https://api.elections.kalshi.com/trade-api/v2/historical/markets/KXNBAGAME-25DEC26MILMEM-MEM/candlesticks?start_ts=1766709900&end_ts=1766796300&period_interval=1,1,True,2025-12-26_Milwaukee_Bucks_at_Memphis_Grizzlies
2025-12-26,2025-12-27 00:00:00+00:00,Charlotte Hornets,Orlando Magic,120,105,0,-15,https://www.basketball-reference.com/leagues/NBA_2026_games-december.html,KXNBAGAME-25DEC26CHAORL-ORL,KXNBAGAME-25DEC26CHAORL,Orlando Magic,2025-12-27 03:00:00+00:00,2025-12-24 16:05:00+00:00,0.0,2904434.0,historical,2025-12-26,453,available,0.675,0.67,0.68,0.68,0.010000000000000009,bid_ask_midpoint,2025-12-26T23:45:00+00:00,15.0,259975.0,1337.0,https://api.elections.kalshi.com/trade-api/v2/historical/markets/KXNBAGAME-25DEC26CHAORL-ORL/candlesticks?start_ts=1766706300&end_ts=1766792700&period_interval=1,0,True,2025-12-26_Charlotte_Hornets_at_Orlando_Magic
2025-12-26,2025-12-27 00:00:00+00:00,Toronto Raptors,Washington Wizards,117,138,1,21,https://www.basketball-reference.com/leagues/NBA_2026_games-december.html,KXNBAGAME-25DEC26TORWAS-WAS,KXNBAGAME-25DEC26TORWAS,Washington Wizards,2025-12-27 03:00:00+00:00,2025-12-24 16:05:00+00:00,1.0,2333714.0,historical,2025-12-26,454,available,0.255,0.25,0.26,0.26,0.010000000000000009,bid_ask_midpoint,2025-12-26T23:45:00+00:00,15.0,151747.0,1346.0,https://api.elections.kalshi.com/trade-api/v2/historical/markets/KXNBAGAME-25DEC26TORWAS-WAS/candlesticks?start_ts=1766706300&end_ts=1766792700&period_interval=1,1,True,2025-12-26_Toronto_Raptors_at_Washington_Wizards
2025-12-26,2025-12-27 00:00:00+00:00,Boston Celtics,Indiana Pacers,140,122,0,-18,https://www.basketball-reference.com/leagues/NBA_2026_games-december.html,KXNBAGAME-25DEC26BOSIND-IND,KXNBAGAME-25DEC26BOSIND,Indiana Pacers,2025-12-27 03:00:00+00:00,2025-12-24 16:05:00+00:00,0.0,2280688.0,historical,2025-12-26,455,available,0.255,0.25,0.26,0.26,0.010000000000000009,bid_ask_midpoint,2025-12-26T23:45:00+00:00,15.0,298378.0,1320.0,https://api.elections.kalshi.com/trade-api/v2/historical/markets/KXNBAGAME-25DEC26BOSIND-IND/candlesticks?start_ts=1766706300&end_ts=1766792700&period_interval=1,0,True,2025-12-26_Boston_Celtics_at_Indiana_Pacers
2025-12-26,2025-12-27 00:00:00+00:00,Miami Heat,Atlanta Hawks,126,111,0,-15,https://www.basketball-reference.com/leagues/NBA_2026_games-december.html,KXNBAGAME-25DEC26MIAATL-ATL,KXNBAGAME-25DEC26MIAATL,Atlanta Hawks,2025-12-27 03:00:00+00:00,2025-12-24 16:05:00+00:00,0.0,2368689.0,historical,2025-12-26,456,available,0.585,0.58,0.59,0.59,0.010000000000000009,bid_ask_midpoint,2025-12-26T23:45:00+00:00,15.0,230083.0,1288.0,https://api.elections.kalshi.com/trade-api/v2/historical/markets/KXNBAGAME-25DEC26MIAATL-ATL/candlesticks?start_ts=1766706300&end_ts=1766792700&period_interval=1,0,True,2025-12-26_Miami_Heat_at_Atlanta_Hawks
2025-12-26,2025-12-27 00:30:00+00:00,Philadelphia 76ers,Chicago Bulls,102,109,1,7,https://www.basketball-reference.com/leagues/NBA_2026_games-december.html,KXNBAGAME-25DEC26PHICHI-CHI,KXNBAGAME-25DEC26PHICHI,Chicago Bulls,2025-12-27 03:30:00+00:00,2025-12-24 16:05:00+00:00,1.0,4956421.0,historical,2025-12-26,457,missing,,,,,,,,,,,,1,True,2025-12-26_Philadelphia_76ers_at_Chicago_Bulls
2025-12-27,2025-12-27 22:00:00+00:00,Dallas Mavericks,Sacramento Kings,107,113,1,6,https://www.basketball-reference.com/leagues/NBA_2026_games-december.html,KXNBAGAME-25DEC27DALSAC-SAC,KXNBAGAME-25DEC27DALSAC,Sacramento Kings,2025-12-28 01:00:00+00:00,2025-12-25 13:06:00+00:00,1.0,2077870.0,historical,2025-12-27,458,missing,,,,,,,,,,,,1,True,2025-12-27_Dallas_Mavericks_at_Sacramento_Kings
2025-12-27,2025-12-28 00:00:00+00:00,Phoenix Suns,New Orleans Pelicans,123,114,0,-9,https://www.basketball-reference.com/leagues/NBA_2026_games-december.html,KXNBAGAME-25DEC27PHXNOP-NOP,KXNBAGAME-25DEC27PHXNOP,New Orleans Pelicans,2025-12-28 03:00:00+00:00,2025-12-25 16:06:00+00:00,0.0,2030103.0,historical,2025-12-27,459,available,0.365,0.36,0.37,0.37,0.010000000000000009,bid_ask_midpoint,2025-12-27T23:45:00+00:00,15.0,201126.0,1275.0,https://api.elections.kalshi.com/trade-api/v2/historical/markets/KXNBAGAME-25DEC27PHXNOP-NOP/candlesticks?start_ts=1766792700&end_ts=1766879100&period_interval=1,0,True,2025-12-27_Phoenix_Suns_at_New_Orleans_Pelicans
2025-12-27,2025-12-28 00:00:00+00:00,Denver Nuggets,Orlando Magic,126,127,1,1,https://www.basketball-reference.com/leagues/NBA_2026_games-december.html,KXNBAGAME-25DEC27DENORL-ORL,KXNBAGAME-25DEC27DENORL,Orlando Magic,2025-12-28 03:00:00+00:00,2025-12-25 16:06:00+00:00,1.0,3683860.0,historical,2025-12-27,460,missing,,,,,,,,,,,,1,True,2025-12-27_Denver_Nuggets_at_Orlando_Magic
2025-12-27,2025-12-28 01:00:00+00:00,New York Knicks,Atlanta Hawks,128,125,0,-3,https://www.basketball-reference.com/leagues/NBA_2026_games-december.html,KXNBAGAME-25DEC27NYKATL-ATL,KXNBAGAME-25DEC27NYKATL,Atlanta Hawks,2025-12-28 04:00:00+00:00,2025-12-25 16:06:00+00:00,0.0,2476192.0,historical,2025-12-27,461,missing,,,,,,,,,,,,0,True,2025-12-27_New_York_Knicks_at_Atlanta_Hawks
2025-12-27,2025-12-28 01:00:00+00:00,Milwaukee Bucks,Chicago Bulls,112,103,0,-9,https://www.basketball-reference.com/leagues/NBA_2026_games-december.html,KXNBAGAME-25DEC27MILCHI-CHI,KXNBAGAME-25DEC27MILCHI,Chicago Bulls,2025-12-28 04:00:00+00:00,2025-12-25 16:06:00+00:00,0.0,2281732.0,historical,2025-12-27,462,missing,,,,,,,,,,,,0,True,2025-12-27_Milwaukee_Bucks_at_Chicago_Bulls
2025-12-27,2025-12-28 01:00:00+00:00,Cleveland Cavaliers,Houston Rockets,100,117,1,17,https://www.basketball-reference.com/leagues/NBA_2026_games-december.html,KXNBAGAME-25DEC27CLEHOU-HOU,KXNBAGAME-25DEC27CLEHOU,Houston Rockets,2025-12-28 04:00:00+00:00,2025-12-25 16:06:00+00:00,1.0,702526.0,historical,2025-12-27,463,missing,,,,,,,,,,,,1,True,2025-12-27_Cleveland_Cavaliers_at_Houston_Rockets
2025-12-27,2025-12-28 01:00:00+00:00,Indiana Pacers,Miami Heat,116,142,1,26,https://www.basketball-reference.com/leagues/NBA_2026_games-december.html,KXNBAGAME-25DEC27INDMIA-MIA,KXNBAGAME-25DEC27INDMIA,Miami Heat,2025-12-28 04:00:00+00:00,2025-12-25 16:06:00+00:00,1.0,716440.0,historical,2025-12-27,464,available,0.705,0.7,0.71,0.71,0.010000000000000009,bid_ask_midpoint,2025-12-28T00:45:00+00:00,15.0,38134.0,1339.0,https://api.elections.kalshi.com/trade-api/v2/historical/markets/KXNBAGAME-25DEC27INDMIA-MIA/candlesticks?start_ts=1766796300&end_ts=1766882700&period_interval=1,1,True,2025-12-27_Indiana_Pacers_at_Miami_Heat
2025-12-27,2025-12-28 01:00:00+00:00,Brooklyn Nets,Minnesota Timberwolves,123,107,0,-16,https://www.basketball-reference.com/leagues/NBA_2026_games-december.html,KXNBAGAME-25DEC27BKNMIN-MIN,KXNBAGAME-25DEC27BKNMIN,Minnesota Timberwolves,2025-12-28 04:00:00+00:00,2025-12-25 16:06:00+00:00,0.0,1490431.0,historical,2025-12-27,465,available,0.835,0.83,0.84,0.84,0.010000000000000009,bid_ask_midpoint,2025-12-28T00:45:00+00:00,15.0,105959.0,1382.0,https://api.elections.kalshi.com/trade-api/v2/historical/markets/KXNBAGAME-25DEC27BKNMIN-MIN/candlesticks?start_ts=1766796300&end_ts=1766882700&period_interval=1,0,True,2025-12-27_Brooklyn_Nets_at_Minnesota_Timberwolves
2025-12-27,2025-12-28 01:00:00+00:00,Utah Jazz,San Antonio Spurs,127,114,0,-13,https://www.basketball-reference.com/leagues/NBA_2026_games-december.html,KXNBAGAME-25DEC27UTASAS-SAS,KXNBAGAME-25DEC27UTASAS,San Antonio Spurs,2025-12-28 04:00:00+00:00,2025-12-25 16:06:00+00:00,0.0,2690833.0,historical,2025-12-27,466,available,0.855,0.85,0.86,0.86,0.010000000000000009,bid_ask_midpoint,2025-12-28T00:45:00+00:00,15.0,262378.0,1324.0,https://api.elections.kalshi.com/trade-api/v2/historical/markets/KXNBAGAME-25DEC27UTASAS-SAS/candlesticks?start_ts=1766796300&end_ts=1766882700&period_interval=1,0,True,2025-12-27_Utah_Jazz_at_San_Antonio_Spurs
2025-12-28,2025-12-28 23:00:00+00:00,Memphis Grizzlies,Washington Wizards,112,116,1,4,https://www.basketball-reference.com/leagues/NBA_2026_games-december.html,KXNBAGAME-25DEC28MEMWAS-WAS,KXNBAGAME-25DEC28MEMWAS,Washington Wizards,2025-12-29 02:00:00+00:00,2025-12-26 16:06:00+00:00,1.0,3906501.0,historical,2025-12-28,468,available,0.28500000000000003,0.28,0.29,0.29,0.009999999999999953,bid_ask_midpoint,2025-12-28T22:45:00+00:00,15.0,139679.0,1247.0,https://api.elections.kalshi.com/trade-api/v2/historical/markets/KXNBAGAME-25DEC28MEMWAS-WAS/candlesticks?start_ts=1766875500&end_ts=1766961900&period_interval=1,1,True,2025-12-28_Memphis_Grizzlies_at_Washington_Wizards
2025-12-28,2025-12-28 20:30:00+00:00,Golden State Warriors,Toronto Raptors,127,141,1,14,https://www.basketball-reference.com/leagues/NBA_2026_games-december.html,KXNBAGAME-25DEC28GSWTOR-TOR,KXNBAGAME-25DEC28GSWTOR,Toronto Raptors,2025-12-28 23:30:00+00:00,2025-12-26 13:06:00+00:00,1.0,5382901.0,historical,2025-12-28,470,available,0.385,0.38,0.39,0.39,0.010000000000000009,bid_ask_midpoint,2025-12-28T20:15:00+00:00,15.0,262495.0,1360.0,https://api.elections.kalshi.com/trade-api/v2/historical/markets/KXNBAGAME-25DEC28GSWTOR-TOR/candlesticks?start_ts=1766866500&end_ts=1766952900&period_interval=1,1,True,2025-12-28_Golden_State_Warriors_at_Toronto_Raptors
2025-12-28,2025-12-28 20:30:00+00:00,Philadelphia 76ers,Oklahoma City Thunder,104,129,1,25,https://www.basketball-reference.com/leagues/NBA_2026_games-december.html,KXNBAGAME-25DEC28PHIOKC-OKC,KXNBAGAME-25DEC28PHIOKC,Oklahoma City Thunder,2025-12-28 23:30:00+00:00,2025-12-26 13:06:00+00:00,1.0,1393243.0,historical,2025-12-28,471,available,0.855,0.85,0.86,0.86,0.010000000000000009,bid_ask_midpoint,2025-12-28T20:15:00+00:00,15.0,234513.0,1270.0,https://api.elections.kalshi.com/trade-api/v2/historical/markets/KXNBAGAME-25DEC28PHIOKC-OKC/candlesticks?start_ts=1766866500&end_ts=1766952900&period_interval=1,1,True,2025-12-28_Philadelphia_76ers_at_Oklahoma_City_Thunder
2025-12-28,2025-12-28 23:00:00+00:00,Boston Celtics,Portland Trail Blazers,108,114,1,6,https://www.basketball-reference.com/leagues/NBA_2026_games-december.html,KXNBAGAME-25DEC28BOSPOR-POR,KXNBAGAME-25DEC28BOSPOR,Portland Trail Blazers,2025-12-29 02:00:00+00:00,2025-12-26 16:06:00+00:00,1.0,3987838.0,historical,2025-12-28,472,missing,,,,,,,,,,,,1,True,2025-12-28_Boston_Celtics_at_Portland_Trail_Blazers
2025-12-29,2025-12-30 03:30:00+00:00,Dallas Mavericks,Portland Trail Blazers,122,125,1,3,https://www.basketball-reference.com/leagues/NBA_2026_games-december.html,KXNBAGAME-25DEC29DALPOR-POR,KXNBAGAME-25DEC29DALPOR,Portland Trail Blazers,2025-12-30 06:30:00+00:00,2025-12-27 19:06:00+00:00,1.0,5683275.0,historical,2025-12-30,473,available,0.565,0.56,0.57,0.57,0.009999999999999898,bid_ask_midpoint,2025-12-30T03:15:00+00:00,15.0,203239.0,1354.0,https://api.elections.kalshi.com/trade-api/v2/historical/markets/KXNBAGAME-25DEC29DALPOR-POR/candlesticks?start_ts=1766978100&end_ts=1767064500&period_interval=1,1,True,2025-12-29_Dallas_Mavericks_at_Portland_Trail_Blazers
2025-12-29,2025-12-30 01:00:00+00:00,Cleveland Cavaliers,San Antonio Spurs,113,101,0,-12,https://www.basketball-reference.com/leagues/NBA_2026_games-december.html,KXNBAGAME-25DEC29CLESAS-SAS,KXNBAGAME-25DEC29CLESAS,San Antonio Spurs,2025-12-30 04:00:00+00:00,2025-12-27 16:06:00+00:00,0.0,3743838.0,historical,2025-12-29,474,available,0.595,0.59,0.6,0.6,0.010000000000000009,bid_ask_midpoint,2025-12-30T00:45:00+00:00,15.0,856283.0,1360.0,https://api.elections.kalshi.com/trade-api/v2/historical/markets/KXNBAGAME-25DEC29CLESAS-SAS/candlesticks?start_ts=1766969100&end_ts=1767055500&period_interval=1,0,True,2025-12-29_Cleveland_Cavaliers_at_San_Antonio_Spurs
2025-12-29,2025-12-30 01:00:00+00:00,Atlanta Hawks,Oklahoma City Thunder,129,140,1,11,https://www.basketball-reference.com/leagues/NBA_2026_games-december.html,KXNBAGAME-25DEC29ATLOKC-OKC,KXNBAGAME-25DEC29ATLOKC,Oklahoma City Thunder,2025-12-30 04:00:00+00:00,2025-12-27 16:06:00+00:00,1.0,1267458.0,historical,2025-12-29,475,available,0.895,0.89,0.9,0.9,0.010000000000000009,bid_ask_midpoint,2025-12-30T00:45:00+00:00,15.0,299637.0,1368.0,https://api.elections.kalshi.com/trade-api/v2/historical/markets/KXNBAGAME-25DEC29ATLOKC-OKC/candlesticks?start_ts=1766969100&end_ts=1767055500&period_interval=1,1,True,2025-12-29_Atlanta_Hawks_at_Oklahoma_City_Thunder
2025-12-29,2025-12-30 01:00:00+00:00,Indiana Pacers,Houston Rockets,119,126,1,7,https://www.basketball-reference.com/leagues/NBA_2026_games-december.html,KXNBAGAME-25DEC29INDHOU-HOU,KXNBAGAME-25DEC29INDHOU,Houston Rockets,2025-12-30 04:00:00+00:00,2025-12-27 16:06:00+00:00,1.0,260908.0,historical,2025-12-29,476,missing,,,,,,,,,,,,1,True,2025-12-29_Indiana_Pacers_at_Houston_Rockets
2025-12-29,2025-12-30 01:00:00+00:00,Minnesota Timberwolves,Chicago Bulls,136,101,0,-35,https://www.basketball-reference.com/leagues/NBA_2026_games-december.html,KXNBAGAME-25DEC29MINCHI-CHI,KXNBAGAME-25DEC29MINCHI,Chicago Bulls,2025-12-30 04:00:00+00:00,2025-12-27 16:06:00+00:00,0.0,687214.0,historical,2025-12-29,477,missing,,,,,,,,,,,,0,True,2025-12-29_Minnesota_Timberwolves_at_Chicago_Bulls
2025-12-29,2025-12-30 01:00:00+00:00,New York Knicks,New Orleans Pelicans,130,125,0,-5,https://www.basketball-reference.com/leagues/NBA_2026_games-december.html,KXNBAGAME-25DEC29NYKNOP-NOP,KXNBAGAME-25DEC29NYKNOP,New Orleans Pelicans,2025-12-30 04:00:00+00:00,2025-12-27 16:06:00+00:00,0.0,1811485.0,historical,2025-12-29,478,missing,,,,,,,,,,,,0,True,2025-12-29_New_York_Knicks_at_New_Orleans_Pelicans
2025-12-29,2025-12-30 00:30:00+00:00,Denver Nuggets,Miami Heat,123,147,1,24,https://www.basketball-reference.com/leagues/NBA_2026_games-december.html,KXNBAGAME-25DEC29DENMIA-MIA,KXNBAGAME-25DEC29DENMIA,Miami Heat,2025-12-30 03:30:00+00:00,2025-12-27 16:06:00+00:00,1.0,1441714.0,historical,2025-12-29,479,available,0.46499999999999997,0.46,0.47,0.47,0.009999999999999953,bid_ask_midpoint,2025-12-30T00:15:00+00:00,15.0,148368.0,1344.0,https://api.elections.kalshi.com/trade-api/v2/historical/markets/KXNBAGAME-25DEC29DENMIA-MIA/candlesticks?start_ts=1766967300&end_ts=1767053700&period_interval=1,1,True,2025-12-29_Denver_Nuggets_at_Miami_Heat
2025-12-29,2025-12-30 00:30:00+00:00,Golden State Warriors,Brooklyn Nets,120,107,0,-13,https://www.basketball-reference.com/leagues/NBA_2026_games-december.html,KXNBAGAME-25DEC29GSWBKN-BKN,KXNBAGAME-25DEC29GSWBKN,Brooklyn Nets,2025-12-30 03:30:00+00:00,2025-12-27 16:06:00+00:00,0.0,2383648.0,historical,2025-12-29,480,available,0.335,0.33,0.34,0.34,0.010000000000000009,bid_ask_midpoint,2025-12-30T00:15:00+00:00,15.0,262884.0,1345.0,https://api.elections.kalshi.com/trade-api/v2/historical/markets/KXNBAGAME-25DEC29GSWBKN-BKN/candlesticks?start_ts=1766967300&end_ts=1767053700&period_interval=1,0,True,2025-12-29_Golden_State_Warriors_at_Brooklyn_Nets
2025-12-29,2025-12-30 00:00:00+00:00,Phoenix Suns,Washington Wizards,115,101,0,-14,https://www.basketball-reference.com/leagues/NBA_2026_games-december.html,KXNBAGAME-25DEC29PHXWAS-WAS,KXNBAGAME-25DEC29PHXWAS,Washington Wizards,2025-12-30 03:00:00+00:00,2025-12-27 16:06:00+00:00,0.0,2659849.0,historical,2025-12-29,481,missing,,,,,,,,,,,,0,True,2025-12-29_Phoenix_Suns_at_Washington_Wizards
2025-12-29,2025-12-30 00:00:00+00:00,Milwaukee Bucks,Charlotte Hornets,123,113,0,-10,https://www.basketball-reference.com/leagues/NBA_2026_games-december.html,KXNBAGAME-25DEC29MILCHA-CHA,KXNBAGAME-25DEC29MILCHA,Charlotte Hornets,2025-12-30 03:00:00+00:00,2025-12-27 16:06:00+00:00,0.0,1814252.0,historical,2025-12-29,482,available,0.42,0.41,0.43,0.43,0.020000000000000018,bid_ask_midpoint,2025-12-29T23:45:00+00:00,15.0,210732.0,1347.0,https://api.elections.kalshi.com/trade-api/v2/historical/markets/KXNBAGAME-25DEC29MILCHA-CHA/candlesticks?start_ts=1766965500&end_ts=1767051900&period_interval=1,0,True,2025-12-29_Milwaukee_Bucks_at_Charlotte_Hornets
2025-12-29,2025-12-30 00:30:00+00:00,Orlando Magic,Toronto Raptors,106,107,1,1,https://www.basketball-reference.com/leagues/NBA_2026_games-december.html,KXNBAGAME-25DEC29ORLTOR-TOR,KXNBAGAME-25DEC29ORLTOR,Toronto Raptors,2025-12-30 03:30:00+00:00,2025-12-27 16:06:00+00:00,1.0,2582757.0,historical,2025-12-29,483,available,0.485,0.48,0.49,0.49,0.010000000000000009,bid_ask_midpoint,2025-12-30T00:15:00+00:00,15.0,133548.0,1327.0,https://api.elections.kalshi.com/trade-api/v2/historical/markets/KXNBAGAME-25DEC29ORLTOR-TOR/candlesticks?start_ts=1766967300&end_ts=1767053700&period_interval=1,1,True,2025-12-29_Orlando_Magic_at_Toronto_Raptors
2025-12-30,2025-12-31 01:00:00+00:00,Philadelphia 76ers,Memphis Grizzlies,139,136,0,-3,https://www.basketball-reference.com/leagues/NBA_2026_games-december.html,KXNBAGAME-25DEC30PHIMEM-MEM,KXNBAGAME-25DEC30PHIMEM,Memphis Grizzlies,2025-12-31 04:00:00+00:00,2025-12-28 16:06:00+00:00,0.0,4176708.0,historical,2025-12-30,484,available,0.475,0.47,0.48,0.48,0.010000000000000009,bid_ask_midpoint,2025-12-31T00:45:00+00:00,15.0,259792.0,1354.0,https://api.elections.kalshi.com/trade-api/v2/historical/markets/KXNBAGAME-25DEC30PHIMEM-MEM/candlesticks?start_ts=1767055500&end_ts=1767141900&period_interval=1,0,True,2025-12-30_Philadelphia_76ers_at_Memphis_Grizzlies
2025-12-30,2025-12-31 02:00:00+00:00,Boston Celtics,Utah Jazz,129,119,0,-10,https://www.basketball-reference.com/leagues/NBA_2026_games-december.html,KXNBAGAME-25DEC30BOSUTA-UTA,KXNBAGAME-25DEC30BOSUTA,Utah Jazz,2025-12-31 05:00:00+00:00,2025-12-28 19:06:00+00:00,0.0,4497571.0,historical,2025-12-31,485,missing,,,,,,,,,,,,0,True,2025-12-30_Boston_Celtics_at_Utah_Jazz
2025-12-31,2026-01-01 00:00:00+00:00,New York Knicks,San Antonio Spurs,132,134,1,2,https://www.basketball-reference.com/leagues/NBA_2026_games-december.html,KXNBAGAME-25DEC31NYKSAS-SAS,KXNBAGAME-25DEC31NYKSAS,San Antonio Spurs,2026-01-01 03:00:00+00:00,2025-12-29 16:06:00+00:00,1.0,5058408.0,historical,2025-12-31,488,available,0.6,0.59,0.61,0.61,0.020000000000000018,bid_ask_midpoint,2025-12-31T23:45:00+00:00,15.0,412161.0,1282.0,https://api.elections.kalshi.com/trade-api/v2/historical/markets/KXNBAGAME-25DEC31NYKSAS-SAS/candlesticks?start_ts=1767138300&end_ts=1767224700&period_interval=1,1,True,2025-12-31_New_York_Knicks_at_San_Antonio_Spurs
2025-12-31,2026-01-01 01:00:00+00:00,Washington Wizards,Milwaukee Bucks,114,113,0,-1,https://www.basketball-reference.com/leagues/NBA_2026_games-december.html,KXNBAGAME-25DEC31WASMIL-MIL,KXNBAGAME-25DEC31WASMIL,Milwaukee Bucks,2026-01-01 04:00:00+00:00,2025-12-29 16:06:00+00:00,0.0,2412241.0,historical,2025-12-31,489,available,0.815,0.81,0.82,,0.009999999999999898,bid_ask_midpoint,2026-01-01T00:45:00+00:00,15.0,75468.0,1300.0,https://api.elections.kalshi.com/trade-api/v2/historical/markets/KXNBAGAME-25DEC31WASMIL-MIL/candlesticks?start_ts=1767141900&end_ts=1767228300&period_interval=1,0,True,2025-12-31_Washington_Wizards_at_Milwaukee_Bucks
2025-12-31,2026-01-01 00:30:00+00:00,Denver Nuggets,Toronto Raptors,106,103,0,-3,https://www.basketball-reference.com/leagues/NBA_2026_games-december.html,KXNBAGAME-25DEC31DENTOR-TOR,KXNBAGAME-25DEC31DENTOR,Toronto Raptors,2026-01-01 03:30:00+00:00,2025-12-29 16:06:00+00:00,0.0,2523461.0,historical,2025-12-31,490,available,0.695,0.69,0.7,0.7,0.010000000000000009,bid_ask_midpoint,2026-01-01T00:15:00+00:00,15.0,316873.0,1341.0,https://api.elections.kalshi.com/trade-api/v2/historical/markets/KXNBAGAME-25DEC31DENTOR-TOR/candlesticks?start_ts=1767140100&end_ts=1767226500&period_interval=1,0,True,2025-12-31_Denver_Nuggets_at_Toronto_Raptors
2025-12-31,2026-01-01 00:00:00+00:00,New Orleans Pelicans,Chicago Bulls,118,134,1,16,https://www.basketball-reference.com/leagues/NBA_2026_games-december.html,KXNBAGAME-25DEC31NOPCHI-CHI,KXNBAGAME-25DEC31NOPCHI,Chicago Bulls,2026-01-01 03:00:00+00:00,2025-12-29 16:06:00+00:00,1.0,2482657.0,historical,2025-12-31,491,available,0.535,0.53,0.54,0.54,0.010000000000000009,bid_ask_midpoint,2025-12-31T23:45:00+00:00,15.0,293340.0,1298.0,https://api.elections.kalshi.com/trade-api/v2/historical/markets/KXNBAGAME-25DEC31NOPCHI-CHI/candlesticks?start_ts=1767138300&end_ts=1767224700&period_interval=1,1,True,2025-12-31_New_Orleans_Pelicans_at_Chicago_Bulls
2025-12-31,2026-01-01 01:00:00+00:00,Portland Trail Blazers,Oklahoma City Thunder,95,124,1,29,https://www.basketball-reference.com/leagues/NBA_2026_games-december.html,KXNBAGAME-25DEC31POROKC-OKC,KXNBAGAME-25DEC31POROKC,Oklahoma City Thunder,2026-01-01 04:00:00+00:00,2025-12-29 16:06:00+00:00,1.0,426721.0,historical,2025-12-31,492,available,0.885,0.88,0.89,0.89,0.010000000000000009,bid_ask_midpoint,2026-01-01T00:45:00+00:00,15.0,177956.0,1402.0,https://api.elections.kalshi.com/trade-api/v2/historical/markets/KXNBAGAME-25DEC31POROKC-OKC/candlesticks?start_ts=1767141900&end_ts=1767228300&period_interval=1,1,True,2025-12-31_Portland_Trail_Blazers_at_Oklahoma_City_Thunder
2025-12-31,2025-12-31 20:00:00+00:00,Orlando Magic,Indiana Pacers,112,110,0,-2,https://www.basketball-reference.com/leagues/NBA_2026_games-december.html,KXNBAGAME-25DEC31ORLIND-IND,KXNBAGAME-25DEC31ORLIND,Indiana Pacers,2025-12-31 23:00:00+00:00,2025-12-29 13:06:00+00:00,0.0,2145010.0,historical,2025-12-31,493,available,0.375,0.37,0.38,0.38,0.010000000000000009,bid_ask_midpoint,2025-12-31T19:45:00+00:00,15.0,76768.0,1121.0,https://api.elections.kalshi.com/trade-api/v2/historical/markets/KXNBAGAME-25DEC31ORLIND-IND/candlesticks?start_ts=1767123900&end_ts=1767210300&period_interval=1,0,True,2025-12-31_Orlando_Magic_at_Indiana_Pacers
2025-12-31,2025-12-31 20:00:00+00:00,Minnesota Timberwolves,Atlanta Hawks,102,126,1,24,https://www.basketball-reference.com/leagues/NBA_2026_games-december.html,KXNBAGAME-25DEC31MINATL-ATL,KXNBAGAME-25DEC31MINATL,Atlanta Hawks,2025-12-31 23:00:00+00:00,2025-12-29 13:06:00+00:00,1.0,1553250.0,historical,2025-12-31,494,available,0.345,0.34,0.35,0.35,0.009999999999999953,bid_ask_midpoint,2025-12-31T19:45:00+00:00,15.0,135897.0,1172.0,https://api.elections.kalshi.com/trade-api/v2/historical/markets/KXNBAGAME-25DEC31MINATL-ATL/candlesticks?start_ts=1767123900&end_ts=1767210300&period_interval=1,1,True,2025-12-31_Minnesota_Timberwolves_at_Atlanta_Hawks
2025-12-31,2025-12-31 18:00:00+00:00,Golden State Warriors,Charlotte Hornets,132,125,0,-7,https://www.basketball-reference.com/leagues/NBA_2026_games-december.html,KXNBAGAME-25DEC31GSWCHA-CHA,KXNBAGAME-25DEC31GSWCHA,Charlotte Hornets,2025-12-31 21:00:00+00:00,2025-12-29 10:06:00+00:00,0.0,2987951.0,historical,2025-12-31,495,missing,,,,,,,,,,,,0,True,2025-12-31_Golden_State_Warriors_at_Charlotte_Hornets
2025-12-31,2025-12-31 20:30:00+00:00,Phoenix Suns,Cleveland Cavaliers,113,129,1,16,https://www.basketball-reference.com/leagues/NBA_2026_games-december.html,KXNBAGAME-25DEC31PHXCLE-CLE,KXNBAGAME-25DEC31PHXCLE,Cleveland Cavaliers,2025-12-31 23:30:00+00:00,2025-12-29 13:06:00+00:00,1.0,585309.0,historical,2025-12-31,496,available,0.695,0.69,0.7,0.7,0.010000000000000009,bid_ask_midpoint,2025-12-31T20:15:00+00:00,15.0,36201.0,1210.0,https://api.elections.kalshi.com/trade-api/v2/historical/markets/KXNBAGAME-25DEC31PHXCLE-CLE/candlesticks?start_ts=1767125700&end_ts=1767212100&period_interval=1,1,True,2025-12-31_Phoenix_Suns_at_Cleveland_Cavaliers
2026-01-01,2026-01-01 23:00:00+00:00,Houston Rockets,Brooklyn Nets,120,96,0,-24,https://www.basketball-reference.com/leagues/NBA_2026_games-january.html,KXNBAGAME-26JAN01HOUBKN-BKN,KXNBAGAME-26JAN01HOUBKN,Brooklyn Nets,2026-01-02 02:00:00+00:00,2025-12-30 19:06:00+00:00,0.0,2509000.0,historical,2026-01-01,497,available,0.175,0.17,0.18,0.18,0.009999999999999981,bid_ask_midpoint,2026-01-01T22:45:00+00:00,15.0,540074.0,1247.0,https://api.elections.kalshi.com/trade-api/v2/historical/markets/KXNBAGAME-26JAN01HOUBKN-BKN/candlesticks?start_ts=1767221100&end_ts=1767307500&period_interval=1,0,True,2026-01-01_Houston_Rockets_at_Brooklyn_Nets
2026-01-01,2026-01-02 00:00:00+00:00,Miami Heat,Detroit Pistons,118,112,0,-6,https://www.basketball-reference.com/leagues/NBA_2026_games-january.html,KXNBAGAME-26JAN01MIADET-DET,KXNBAGAME-26JAN01MIADET,Detroit Pistons,2026-01-02 03:00:00+00:00,2025-12-30 16:06:00+00:00,0.0,5417987.0,historical,2026-01-01,498,available,0.645,0.64,0.65,0.65,0.010000000000000009,bid_ask_midpoint,2026-01-01T23:45:00+00:00,15.0,458530.0,1193.0,https://api.elections.kalshi.com/trade-api/v2/historical/markets/KXNBAGAME-26JAN01MIADET-DET/candlesticks?start_ts=1767224700&end_ts=1767311100&period_interval=1,0,True,2026-01-01_Miami_Heat_at_Detroit_Pistons
2026-01-01,2026-01-02 01:30:00+00:00,Philadelphia 76ers,Dallas Mavericks,123,108,0,-15,https://www.basketball-reference.com/leagues/NBA_2026_games-january.html,KXNBAGAME-26JAN01PHIDAL-DAL,KXNBAGAME-26JAN01PHIDAL,Dallas Mavericks,2026-01-02 04:30:00+00:00,2025-12-30 19:06:00+00:00,0.0,2851587.0,historical,2026-01-01,499,available,0.435,0.43,0.44,0.44,0.010000000000000009,bid_ask_midpoint,2026-01-02T01:15:00+00:00,15.0,254531.0,1234.0,https://api.elections.kalshi.com/trade-api/v2/historical/markets/KXNBAGAME-26JAN01PHIDAL-DAL/candlesticks?start_ts=1767230100&end_ts=1767316500&period_interval=1,0,True,2026-01-01_Philadelphia_76ers_at_Dallas_Mavericks
2026-01-01,2026-01-02 03:00:00+00:00,Boston Celtics,Sacramento Kings,120,106,0,-14,https://www.basketball-reference.com/leagues/NBA_2026_games-january.html,KXNBAGAME-26JAN01BOSSAC-SAC,KXNBAGAME-26JAN01BOSSAC,Sacramento Kings,2026-01-02 06:00:00+00:00,2025-12-30 19:06:00+00:00,0.0,4186613.0,historical,2026-01-02,500,available,0.20500000000000002,0.2,0.21,0.21,0.009999999999999981,bid_ask_midpoint,2026-01-02T02:45:00+00:00,15.0,281462.0,1234.0,https://api.elections.kalshi.com/trade-api/v2/historical/markets/KXNBAGAME-26JAN01BOSSAC-SAC/candlesticks?start_ts=1767235500&end_ts=1767321900&period_interval=1,0,True,2026-01-01_Boston_Celtics_at_Sacramento_Kings
2026-01-02,2026-01-03 03:00:00+00:00,Oklahoma City Thunder,Golden State Warriors,131,94,0,-37,https://www.basketball-reference.com/leagues/NBA_2026_games-january.html,KXNBAGAME-26JAN02OKCGSW-GSW,KXNBAGAME-26JAN02OKCGSW,Golden State Warriors,2026-01-03 06:00:00+00:00,2025-12-31 19:06:00+00:00,0.0,3740685.0,historical,2026-01-03,502,available,0.14500000000000002,0.14,0.15,0.15,0.009999999999999981,bid_ask_midpoint,2026-01-03T02:45:00+00:00,15.0,620329.0,1385.0,https://api.elections.kalshi.com/trade-api/v2/historical/markets/KXNBAGAME-26JAN02OKCGSW-GSW/candlesticks?start_ts=1767321900&end_ts=1767408300&period_interval=1,0,True,2026-01-02_Oklahoma_City_Thunder_at_Golden_State_Warriors
2026-01-02,2026-01-03 02:00:00+00:00,Sacramento Kings,Phoenix Suns,102,129,1,27,https://www.basketball-reference.com/leagues/NBA_2026_games-january.html,KXNBAGAME-26JAN02SACPHX-PHX,KXNBAGAME-26JAN02SACPHX,Phoenix Suns,2026-01-03 05:00:00+00:00,2025-12-31 19:06:00+00:00,1.0,628582.0,historical,2026-01-03,503,available,0.855,0.85,0.86,,0.010000000000000009,bid_ask_midpoint,2026-01-03T01:45:00+00:00,15.0,109974.0,1347.0,https://api.elections.kalshi.com/trade-api/v2/historical/markets/KXNBAGAME-26JAN02SACPHX-PHX/candlesticks?start_ts=1767318300&end_ts=1767404700&period_interval=1,1,True,2026-01-02_Sacramento_Kings_at_Phoenix_Suns
2026-01-02,2026-01-03 01:00:00+00:00,Portland Trail Blazers,New Orleans Pelicans,122,109,0,-13,https://www.basketball-reference.com/leagues/NBA_2026_games-january.html,KXNBAGAME-26JAN02PORNOP-NOP,KXNBAGAME-26JAN02PORNOP,New Orleans Pelicans,2026-01-03 04:00:00+00:00,2025-12-31 16:06:00+00:00,0.0,676995.0,historical,2026-01-02,504,available,0.405,0.4,0.41,0.4,0.009999999999999953,bid_ask_midpoint,2026-01-03T00:45:00+00:00,15.0,58332.0,1223.0,https://api.elections.kalshi.com/trade-api/v2/historical/markets/KXNBAGAME-26JAN02PORNOP-NOP/candlesticks?start_ts=1767314700&end_ts=1767401100&period_interval=1,0,True,2026-01-02_Portland_Trail_Blazers_at_New_Orleans_Pelicans
2026-01-02,2026-01-03 01:00:00+00:00,Charlotte Hornets,Milwaukee Bucks,121,122,1,1,https://www.basketball-reference.com/leagues/NBA_2026_games-january.html,KXNBAGAME-26JAN02CHAMIL-MIL,KXNBAGAME-26JAN02CHAMIL,Milwaukee Bucks,2026-01-03 04:00:00+00:00,2025-12-31 16:06:00+00:00,1.0,3871363.0,historical,2026-01-02,505,available,0.675,0.67,0.68,0.68,0.010000000000000009,bid_ask_midpoint,2026-01-03T00:45:00+00:00,15.0,65467.0,1226.0,https://api.elections.kalshi.com/trade-api/v2/historical/markets/KXNBAGAME-26JAN02CHAMIL-MIL/candlesticks?start_ts=1767314700&end_ts=1767401100&period_interval=1,1,True,2026-01-02_Charlotte_Hornets_at_Milwaukee_Bucks
2026-01-02,2026-01-03 00:30:00+00:00,Atlanta Hawks,New York Knicks,111,99,0,-12,https://www.basketball-reference.com/leagues/NBA_2026_games-january.html,KXNBAGAME-26JAN02ATLNYK-NYK,KXNBAGAME-26JAN02ATLNYK,New York Knicks,2026-01-03 03:30:00+00:00,2025-12-31 16:06:00+00:00,0.0,2915851.0,historical,2026-01-02,507,available,0.6799999999999999,0.67,0.69,0.69,0.019999999999999907,bid_ask_midpoint,2026-01-03T00:15:00+00:00,15.0,280862.0,1289.0,https://api.elections.kalshi.com/trade-api/v2/historical/markets/KXNBAGAME-26JAN02ATLNYK-NYK/candlesticks?start_ts=1767312900&end_ts=1767399300&period_interval=1,0,True,2026-01-02_Atlanta_Hawks_at_New_York_Knicks
2026-01-02,2026-01-03 00:30:00+00:00,Denver Nuggets,Cleveland Cavaliers,108,113,1,5,https://www.basketball-reference.com/leagues/NBA_2026_games-january.html,KXNBAGAME-26JAN02DENCLE-CLE,KXNBAGAME-26JAN02DENCLE,Cleveland Cavaliers,2026-01-03 03:30:00+00:00,2025-12-31 16:06:00+00:00,1.0,2155824.0,historical,2026-01-02,508,available,0.855,0.85,0.86,0.86,0.010000000000000009,bid_ask_midpoint,2026-01-03T00:15:00+00:00,15.0,215156.0,1362.0,https://api.elections.kalshi.com/trade-api/v2/historical/markets/KXNBAGAME-26JAN02DENCLE-CLE/candlesticks?start_ts=1767312900&end_ts=1767399300&period_interval=1,1,True,2026-01-02_Denver_Nuggets_at_Cleveland_Cavaliers
2026-01-02,2026-01-03 00:00:00+00:00,Brooklyn Nets,Washington Wizards,99,119,1,20,https://www.basketball-reference.com/leagues/NBA_2026_games-january.html,KXNBAGAME-26JAN02BKNWAS-WAS,KXNBAGAME-26JAN02BKNWAS,Washington Wizards,2026-01-03 03:00:00+00:00,2025-12-31 16:06:00+00:00,1.0,1508543.0,historical,2026-01-02,509,available,0.575,0.57,0.58,0.58,0.010000000000000009,bid_ask_midpoint,2026-01-02T23:45:00+00:00,15.0,256535.0,1259.0,https://api.elections.kalshi.com/trade-api/v2/historical/markets/KXNBAGAME-26JAN02BKNWAS-WAS/candlesticks?start_ts=1767311100&end_ts=1767397500&period_interval=1,1,True,2026-01-02_Brooklyn_Nets_at_Washington_Wizards
2026-01-02,2026-01-03 00:00:00+00:00,San Antonio Spurs,Indiana Pacers,123,113,0,-10,https://www.basketball-reference.com/leagues/NBA_2026_games-january.html,KXNBAGAME-26JAN02SASIND-IND,KXNBAGAME-26JAN02SASIND,Indiana Pacers,2026-01-03 03:00:00+00:00,2025-12-31 16:06:00+00:00,0.0,1818230.0,historical,2026-01-02,510,available,0.345,0.34,0.35,0.35,0.009999999999999953,bid_ask_midpoint,2026-01-02T23:45:00+00:00,15.0,168781.0,1320.0,https://api.elections.kalshi.com/trade-api/v2/historical/markets/KXNBAGAME-26JAN02SASIND-IND/candlesticks?start_ts=1767311100&end_ts=1767397500&period_interval=1,0,True,2026-01-02_San_Antonio_Spurs_at_Indiana_Pacers
2026-01-02,2026-01-03 01:00:00+00:00,Orlando Magic,Chicago Bulls,114,121,1,7,https://www.basketball-reference.com/leagues/NBA_2026_games-january.html,KXNBAGAME-26JAN02ORLCHI-CHI,KXNBAGAME-26JAN02ORLCHI,Chicago Bulls,2026-01-03 04:00:00+00:00,2025-12-31 16:06:00+00:00,1.0,2826029.0,historical,2026-01-02,511,available,0.355,0.35,0.36,0.36,0.010000000000000009,bid_ask_midpoint,2026-01-03T00:45:00+00:00,15.0,79068.0,1270.0,https://api.elections.kalshi.com/trade-api/v2/historical/markets/KXNBAGAME-26JAN02ORLCHI-CHI/candlesticks?start_ts=1767314700&end_ts=1767401100&period_interval=1,1,True,2026-01-02_Orlando_Magic_at_Chicago_Bulls
2026-01-03,2026-01-04 01:30:00+00:00,Houston Rockets,Dallas Mavericks,104,110,1,6,https://www.basketball-reference.com/leagues/NBA_2026_games-january.html,KXNBAGAME-26JAN03HOUDAL-DAL,KXNBAGAME-26JAN03HOUDAL,Dallas Mavericks,2026-01-04 04:30:00+00:00,2026-01-01 19:06:00+00:00,1.0,2326694.0,historical,2026-01-03,513,available,0.265,0.26,0.27,0.27,0.010000000000000009,bid_ask_midpoint,2026-01-04T01:15:00+00:00,15.0,88600.0,1213.0,https://api.elections.kalshi.com/trade-api/v2/historical/markets/KXNBAGAME-26JAN03HOUDAL-DAL/candlesticks?start_ts=1767402900&end_ts=1767489300&period_interval=1,1,True,2026-01-03_Houston_Rockets_at_Dallas_Mavericks
2026-01-03,2026-01-04 01:00:00+00:00,Portland Trail Blazers,San Antonio Spurs,115,110,0,-5,https://www.basketball-reference.com/leagues/NBA_2026_games-january.html,KXNBAGAME-26JAN03PORSAS-SAS,KXNBAGAME-26JAN03PORSAS,San Antonio Spurs,2026-01-04 04:00:00+00:00,2026-01-01 16:06:00+00:00,0.0,3318685.0,historical,2026-01-03,514,missing,,,,,,,,,,,,0,True,2026-01-03_Portland_Trail_Blazers_at_San_Antonio_Spurs
2026-01-03,2026-01-04 03:00:00+00:00,Utah Jazz,Golden State Warriors,114,123,1,9,https://www.basketball-reference.com/leagues/NBA_2026_games-january.html,KXNBAGAME-26JAN03UTAGSW-GSW,KXNBAGAME-26JAN03UTAGSW,Golden State Warriors,2026-01-04 06:00:00+00:00,2026-01-01 19:06:00+00:00,1.0,2965951.0,historical,2026-01-04,515,available,0.825,0.82,0.83,0.82,0.010000000000000009,bid_ask_midpoint,2026-01-04T02:45:00+00:00,15.0,223569.0,1288.0,https://api.elections.kalshi.com/trade-api/v2/historical/markets/KXNBAGAME-26JAN03UTAGSW-GSW/candlesticks?start_ts=1767408300&end_ts=1767494700&period_interval=1,1,True,2026-01-03_Utah_Jazz_at_Golden_State_Warriors
2026-01-03,2026-01-04 00:30:00+00:00,Atlanta Hawks,Toronto Raptors,117,134,1,17,https://www.basketball-reference.com/leagues/NBA_2026_games-january.html,KXNBAGAME-26JAN03ATLTOR-TOR,KXNBAGAME-26JAN03ATLTOR,Toronto Raptors,2026-01-04 03:30:00+00:00,2026-01-01 16:06:00+00:00,1.0,1029526.0,historical,2026-01-03,516,available,0.635,0.63,0.64,0.63,0.010000000000000009,bid_ask_midpoint,2026-01-04T00:15:00+00:00,15.0,165926.0,1294.0,https://api.elections.kalshi.com/trade-api/v2/historical/markets/KXNBAGAME-26JAN03ATLTOR-TOR/candlesticks?start_ts=1767399300&end_ts=1767485700&period_interval=1,1,True,2026-01-03_Atlanta_Hawks_at_Toronto_Raptors
2026-01-03,2026-01-04 00:30:00+00:00,Philadelphia 76ers,New York Knicks,130,119,0,-11,https://www.basketball-reference.com/leagues/NBA_2026_games-january.html,KXNBAGAME-26JAN03PHINYK-NYK,KXNBAGAME-26JAN03PHINYK,New York Knicks,2026-01-04 03:30:00+00:00,2026-01-01 16:06:00+00:00,0.0,3531417.0,historical,2026-01-03,517,missing,,,,,,,,,,,,0,True,2026-01-03_Philadelphia_76ers_at_New_York_Knicks
2026-01-03,2026-01-03 22:00:00+00:00,Minnesota Timberwolves,Miami Heat,125,115,0,-10,https://www.basketball-reference.com/leagues/NBA_2026_games-january.html,KXNBAGAME-26JAN03MINMIA-MIA,KXNBAGAME-26JAN03MINMIA,Miami Heat,2026-01-04 01:00:00+00:00,2026-01-01 13:06:00+00:00,0.0,2386191.0,historical,2026-01-03,518,available,0.435,0.43,0.44,0.44,0.010000000000000009,bid_ask_midpoint,2026-01-03T21:45:00+00:00,15.0,200335.0,1327.0,https://api.elections.kalshi.com/trade-api/v2/historical/markets/KXNBAGAME-26JAN03MINMIA-MIA/candlesticks?start_ts=1767390300&end_ts=1767476700&period_interval=1,0,True,2026-01-03_Minnesota_Timberwolves_at_Miami_Heat
2026-01-03,2026-01-04 01:00:00+00:00,Charlotte Hornets,Chicago Bulls,112,99,0,-13,https://www.basketball-reference.com/leagues/NBA_2026_games-january.html,KXNBAGAME-26JAN03CHACHI-CHI,KXNBAGAME-26JAN03CHACHI,Chicago Bulls,2026-01-04 04:00:00+00:00,2026-01-01 16:06:00+00:00,0.0,1422424.0,historical,2026-01-03,519,available,0.535,0.53,0.54,0.54,0.010000000000000009,bid_ask_midpoint,2026-01-04T00:45:00+00:00,15.0,204938.0,1260.0,https://api.elections.kalshi.com/trade-api/v2/historical/markets/KXNBAGAME-26JAN03CHACHI-CHI/candlesticks?start_ts=1767401100&end_ts=1767487500&period_interval=1,0,True,2026-01-03_Charlotte_Hornets_at_Chicago_Bulls
2026-01-04,2026-01-04 19:00:00+00:00,Detroit Pistons,Cleveland Cavaliers,114,110,0,-4,https://www.basketball-reference.com/leagues/NBA_2026_games-january.html,KXNBAGAME-26JAN04DETCLE-CLE,KXNBAGAME-26JAN04DETCLE,Cleveland Cavaliers,2026-01-04 22:00:00+00:00,2026-01-02 13:06:00+00:00,0.0,2842730.0,historical,2026-01-04,520,available,0.585,0.58,0.59,0.59,0.010000000000000009,bid_ask_midpoint,2026-01-04T18:45:00+00:00,15.0,134022.0,1297.0,https://api.elections.kalshi.com/trade-api/v2/historical/markets/KXNBAGAME-26JAN04DETCLE-CLE/candlesticks?start_ts=1767465900&end_ts=1767552300&period_interval=1,0,True,2026-01-04_Detroit_Pistons_at_Cleveland_Cavaliers
2026-01-04,2026-01-04 20:00:00+00:00,Indiana Pacers,Orlando Magic,127,135,1,8,https://www.basketball-reference.com/leagues/NBA_2026_games-january.html,KXNBAGAME-26JAN04INDORL-ORL,KXNBAGAME-26JAN04INDORL,Orlando Magic,2026-01-04 23:00:00+00:00,2026-01-02 13:06:00+00:00,1.0,1989824.0,historical,2026-01-04,521,available,0.695,0.69,0.7,0.7,0.010000000000000009,bid_ask_midpoint,2026-01-04T19:45:00+00:00,15.0,256643.0,1300.0,https://api.elections.kalshi.com/trade-api/v2/historical/markets/KXNBAGAME-26JAN04INDORL-ORL/candlesticks?start_ts=1767469500&end_ts=1767555900&period_interval=1,1,True,2026-01-04_Indiana_Pacers_at_Orlando_Magic
2026-01-04,2026-01-04 20:30:00+00:00,Denver Nuggets,Brooklyn Nets,115,127,1,12,https://www.basketball-reference.com/leagues/NBA_2026_games-january.html,KXNBAGAME-26JAN04DENBKN-BKN,KXNBAGAME-26JAN04DENBKN,Brooklyn Nets,2026-01-04 23:30:00+00:00,2026-01-02 13:06:00+00:00,1.0,1651477.0,historical,2026-01-04,522,available,0.43,0.42,0.44,0.44,0.020000000000000018,bid_ask_midpoint,2026-01-04T20:15:00+00:00,15.0,44591.0,1216.0,https://api.elections.kalshi.com/trade-api/v2/historical/markets/KXNBAGAME-26JAN04DENBKN-BKN/candlesticks?start_ts=1767471300&end_ts=1767557700&period_interval=1,1,True,2026-01-04_Denver_Nuggets_at_Brooklyn_Nets
2026-01-04,2026-01-04 23:00:00+00:00,New Orleans Pelicans,Miami Heat,106,125,1,19,https://www.basketball-reference.com/leagues/NBA_2026_games-january.html,KXNBAGAME-26JAN04NOPMIA-MIA,KXNBAGAME-26JAN04NOPMIA,Miami Heat,2026-01-05 02:00:00+00:00,2026-01-02 16:06:00+00:00,1.0,1489595.0,historical,2026-01-04,523,available,0.73,0.72,0.74,0.74,0.020000000000000018,bid_ask_midpoint,2026-01-04T22:45:00+00:00,15.0,96156.0,1261.0,https://api.elections.kalshi.com/trade-api/v2/historical/markets/KXNBAGAME-26JAN04NOPMIA-MIA/candlesticks?start_ts=1767480300&end_ts=1767566700&period_interval=1,1,True,2026-01-04_New_Orleans_Pelicans_at_Miami_Heat
2026-01-04,2026-01-04 23:00:00+00:00,Minnesota Timberwolves,Washington Wizards,141,115,0,-26,https://www.basketball-reference.com/leagues/NBA_2026_games-january.html,KXNBAGAME-26JAN04MINWAS-WAS,KXNBAGAME-26JAN04MINWAS,Washington Wizards,2026-01-05 02:00:00+00:00,2026-01-02 16:06:00+00:00,0.0,907568.0,historical,2026-01-04,524,available,0.215,0.21,0.22,0.22,0.010000000000000009,bid_ask_midpoint,2026-01-04T22:45:00+00:00,15.0,207592.0,1190.0,https://api.elections.kalshi.com/trade-api/v2/historical/markets/KXNBAGAME-26JAN04MINWAS-WAS/candlesticks?start_ts=1767480300&end_ts=1767566700&period_interval=1,0,True,2026-01-04_Minnesota_Timberwolves_at_Washington_Wizards
2026-01-04,2026-01-05 01:00:00+00:00,Oklahoma City Thunder,Phoenix Suns,105,108,1,3,https://www.basketball-reference.com/leagues/NBA_2026_games-january.html,KXNBAGAME-26JAN04OKCPHX-PHX,KXNBAGAME-26JAN04OKCPHX,Phoenix Suns,2026-01-05 04:00:00+00:00,2026-01-02 16:06:00+00:00,1.0,3577500.0,historical,2026-01-04,525,available,0.235,0.23,0.24,0.24,0.009999999999999981,bid_ask_midpoint,2026-01-05T00:45:00+00:00,15.0,159573.0,1320.0,https://api.elections.kalshi.com/trade-api/v2/historical/markets/KXNBAGAME-26JAN04OKCPHX-PHX/candlesticks?start_ts=1767487500&end_ts=1767573900&period_interval=1,1,True,2026-01-04_Oklahoma_City_Thunder_at_Phoenix_Suns
2026-01-04,2026-01-05 02:00:00+00:00,Milwaukee Bucks,Sacramento Kings,115,98,0,-17,https://www.basketball-reference.com/leagues/NBA_2026_games-january.html,KXNBAGAME-26JAN04MILSAC-SAC,KXNBAGAME-26JAN04MILSAC,Sacramento Kings,2026-01-05 05:00:00+00:00,2026-01-02 19:06:00+00:00,0.0,1881880.0,historical,2026-01-05,526,available,0.325,0.32,0.33,0.33,0.010000000000000009,bid_ask_midpoint,2026-01-05T01:45:00+00:00,15.0,246448.0,1338.0,https://api.elections.kalshi.com/trade-api/v2/historical/markets/KXNBAGAME-26JAN04MILSAC-SAC/candlesticks?start_ts=1767491100&end_ts=1767577500&period_interval=1,0,True,2026-01-04_Milwaukee_Bucks_at_Sacramento_Kings
2026-01-05,2026-01-06 01:30:00+00:00,Denver Nuggets,Philadelphia 76ers,125,124,0,-1,https://www.basketball-reference.com/leagues/NBA_2026_games-january.html,KXNBAGAME-26JAN05DENPHI-PHI,KXNBAGAME-26JAN05DENPHI,Philadelphia 76ers,2026-01-06 04:30:00+00:00,2026-01-03 19:06:00+00:00,0.0,4998612.0,historical,2026-01-05,528,available,0.875,0.87,0.88,0.88,0.010000000000000009,bid_ask_midpoint,2026-01-06T01:15:00+00:00,15.0,466050.0,1425.0,https://api.elections.kalshi.com/trade-api/v2/historical/markets/KXNBAGAME-26JAN05DENPHI-PHI/candlesticks?start_ts=1767575700&end_ts=1767662100&period_interval=1,0,True,2026-01-05_Denver_Nuggets_at_Philadelphia_76ers
2026-01-05,2026-01-06 01:00:00+00:00,Charlotte Hornets,Oklahoma City Thunder,124,97,0,-27,https://www.basketball-reference.com/leagues/NBA_2026_games-january.html,KXNBAGAME-26JAN05CHAOKC-OKC,KXNBAGAME-26JAN05CHAOKC,Oklahoma City Thunder,2026-01-06 04:00:00+00:00,2026-01-03 16:06:00+00:00,0.0,3633278.0,historical,2026-01-05,530,available,0.895,0.89,0.9,0.9,0.010000000000000009,bid_ask_midpoint,2026-01-06T00:45:00+00:00,15.0,362892.0,1425.0,https://api.elections.kalshi.com/trade-api/v2/historical/markets/KXNBAGAME-26JAN05CHAOKC-OKC/candlesticks?start_ts=1767573900&end_ts=1767660300&period_interval=1,0,True,2026-01-05_Charlotte_Hornets_at_Oklahoma_City_Thunder
2026-01-05,2026-01-06 03:00:00+00:00,Utah Jazz,Portland Trail Blazers,117,137,1,20,https://www.basketball-reference.com/leagues/NBA_2026_games-january.html,KXNBAGAME-26JAN05UTAPOR-POR,KXNBAGAME-26JAN05UTAPOR,Portland Trail Blazers,2026-01-06 06:00:00+00:00,2026-01-03 19:06:00+00:00,1.0,851959.0,historical,2026-01-06,531,available,0.665,0.66,0.67,,0.010000000000000009,bid_ask_midpoint,2026-01-06T02:45:00+00:00,15.0,39249.0,1308.0,https://api.elections.kalshi.com/trade-api/v2/historical/markets/KXNBAGAME-26JAN05UTAPOR-POR/candlesticks?start_ts=1767581100&end_ts=1767667500&period_interval=1,1,True,2026-01-05_Utah_Jazz_at_Portland_Trail_Blazers
2026-01-05,2026-01-06 00:30:00+00:00,Atlanta Hawks,Toronto Raptors,100,118,1,18,https://www.basketball-reference.com/leagues/NBA_2026_games-january.html,KXNBAGAME-26JAN05ATLTOR-TOR,KXNBAGAME-26JAN05ATLTOR,Toronto Raptors,2026-01-06 03:30:00+00:00,2026-01-03 16:07:00+00:00,1.0,2078798.0,historical,2026-01-05,532,available,0.565,0.56,0.57,0.57,0.009999999999999898,bid_ask_midpoint,2026-01-06T00:15:00+00:00,15.0,210096.0,1344.0,https://api.elections.kalshi.com/trade-api/v2/historical/markets/KXNBAGAME-26JAN05ATLTOR-TOR/candlesticks?start_ts=1767572100&end_ts=1767658500&period_interval=1,1,True,2026-01-05_Atlanta_Hawks_at_Toronto_Raptors
2026-01-05,2026-01-06 00:00:00+00:00,New York Knicks,Detroit Pistons,90,121,1,31,https://www.basketball-reference.com/leagues/NBA_2026_games-january.html,KXNBAGAME-26JAN05NYKDET-DET,KXNBAGAME-26JAN05NYKDET,Detroit Pistons,2026-01-06 03:00:00+00:00,2026-01-03 16:06:00+00:00,1.0,3202087.0,historical,2026-01-05,533,available,0.475,0.47,0.48,0.48,0.010000000000000009,bid_ask_midpoint,2026-01-05T23:45:00+00:00,15.0,750141.0,1424.0,https://api.elections.kalshi.com/trade-api/v2/historical/markets/KXNBAGAME-26JAN05NYKDET-DET/candlesticks?start_ts=1767570300&end_ts=1767656700&period_interval=1,1,True,2026-01-05_New_York_Knicks_at_Detroit_Pistons
2026-01-05,2026-01-06 01:00:00+00:00,Phoenix Suns,Houston Rockets,97,100,1,3,https://www.basketball-reference.com/leagues/NBA_2026_games-january.html,KXNBAGAME-26JAN05PHXHOU-HOU,KXNBAGAME-26JAN05PHXHOU,Houston Rockets,2026-01-06 04:00:00+00:00,2026-01-03 19:06:00+00:00,1.0,3461755.0,historical,2026-01-05,534,available,0.725,0.72,0.73,0.73,0.010000000000000009,bid_ask_midpoint,2026-01-06T00:45:00+00:00,15.0,56367.0,1388.0,https://api.elections.kalshi.com/trade-api/v2/historical/markets/KXNBAGAME-26JAN05PHXHOU-HOU/candlesticks?start_ts=1767573900&end_ts=1767660300&period_interval=1,1,True,2026-01-05_Phoenix_Suns_at_Houston_Rockets
2026-01-05,2026-01-06 00:30:00+00:00,Chicago Bulls,Boston Celtics,101,115,1,14,https://www.basketball-reference.com/leagues/NBA_2026_games-january.html,KXNBAGAME-26JAN05CHIBOS-BOS,KXNBAGAME-26JAN05CHIBOS,Boston Celtics,2026-01-06 03:30:00+00:00,2026-01-03 16:07:00+00:00,1.0,774423.0,historical,2026-01-05,535,missing,,,,,,,,,,,,1,True,2026-01-05_Chicago_Bulls_at_Boston_Celtics
2026-01-06,2026-01-07 00:00:00+00:00,Cleveland Cavaliers,Indiana Pacers,120,116,0,-4,https://www.basketball-reference.com/leagues/NBA_2026_games-january.html,KXNBAGAME-26JAN06CLEIND-IND,KXNBAGAME-26JAN06CLEIND,Indiana Pacers,2026-01-07 03:00:00+00:00,2026-01-04 16:06:00+00:00,0.0,3207275.0,historical,2026-01-06,536,available,0.325,0.32,0.33,0.33,0.010000000000000009,bid_ask_midpoint,2026-01-06T23:45:00+00:00,15.0,317288.0,1400.0,https://api.elections.kalshi.com/trade-api/v2/historical/markets/KXNBAGAME-26JAN06CLEIND-IND/candlesticks?start_ts=1767656700&end_ts=1767743100&period_interval=1,0,True,2026-01-06_Cleveland_Cavaliers_at_Indiana_Pacers
2026-01-06,2026-01-07 00:00:00+00:00,Orlando Magic,Washington Wizards,112,120,1,8,https://www.basketball-reference.com/leagues/NBA_2026_games-january.html,KXNBAGAME-26JAN06ORLWAS-WAS,KXNBAGAME-26JAN06ORLWAS,Washington Wizards,2026-01-07 03:00:00+00:00,2026-01-04 16:06:00+00:00,1.0,2806543.0,historical,2026-01-06,537,available,0.28500000000000003,0.28,0.29,0.29,0.009999999999999953,bid_ask_midpoint,2026-01-06T23:45:00+00:00,15.0,240642.0,1350.0,https://api.elections.kalshi.com/trade-api/v2/historical/markets/KXNBAGAME-26JAN06ORLWAS-WAS/candlesticks?start_ts=1767656700&end_ts=1767743100&period_interval=1,1,True,2026-01-06_Orlando_Magic_at_Washington_Wizards
2026-01-06,2026-01-07 01:00:00+00:00,San Antonio Spurs,Memphis Grizzlies,105,106,1,1,https://www.basketball-reference.com/leagues/NBA_2026_games-january.html,KXNBAGAME-26JAN06SASMEM-MEM,KXNBAGAME-26JAN06SASMEM,Memphis Grizzlies,2026-01-07 04:00:00+00:00,2026-01-04 16:06:00+00:00,1.0,2447231.0,historical,2026-01-06,538,available,0.325,0.32,0.33,0.33,0.010000000000000009,bid_ask_midpoint,2026-01-07T00:45:00+00:00,15.0,169908.0,1346.0,https://api.elections.kalshi.com/trade-api/v2/historical/markets/KXNBAGAME-26JAN06SASMEM-MEM/candlesticks?start_ts=1767660300&end_ts=1767746700&period_interval=1,1,True,2026-01-06_San_Antonio_Spurs_at_Memphis_Grizzlies
2026-01-06,2026-01-07 01:00:00+00:00,Miami Heat,Minnesota Timberwolves,94,122,1,28,https://www.basketball-reference.com/leagues/NBA_2026_games-january.html,KXNBAGAME-26JAN06MIAMIN-MIN,KXNBAGAME-26JAN06MIAMIN,Minnesota Timberwolves,2026-01-07 04:00:00+00:00,2026-01-04 16:06:00+00:00,1.0,1457856.0,historical,2026-01-06,539,missing,,,,,,,,,,,,1,True,2026-01-06_Miami_Heat_at_Minnesota_Timberwolves
2026-01-06,2026-01-07 04:00:00+00:00,Dallas Mavericks,Sacramento Kings,100,98,0,-2,https://www.basketball-reference.com/leagues/NBA_2026_games-january.html,KXNBAGAME-26JAN06DALSAC-SAC,KXNBAGAME-26JAN06DALSAC,Sacramento Kings,2026-01-07 07:00:00+00:00,2026-01-04 19:06:00+00:00,0.0,6779054.0,historical,2026-01-07,541,available,0.365,0.36,0.37,0.37,0.010000000000000009,bid_ask_midpoint,2026-01-07T03:45:00+00:00,15.0,517159.0,1364.0,https://api.elections.kalshi.com/trade-api/v2/historical/markets/KXNBAGAME-26JAN06DALSAC-SAC/candlesticks?start_ts=1767671100&end_ts=1767757500&period_interval=1,0,True,2026-01-06_Dallas_Mavericks_at_Sacramento_Kings
2026-01-07,2026-01-08 00:00:00+00:00,Chicago Bulls,Detroit Pistons,93,108,1,15,https://www.basketball-reference.com/leagues/NBA_2026_games-january.html,KXNBAGAME-26JAN07CHIDET-DET,KXNBAGAME-26JAN07CHIDET,Detroit Pistons,2026-01-08 03:00:00+00:00,2026-01-05 16:06:00+00:00,1.0,1061200.0,historical,2026-01-07,542,missing,,,,,,,,,,,,1,True,2026-01-07_Chicago_Bulls_at_Detroit_Pistons
2026-01-07,2026-01-08 03:00:00+00:00,Milwaukee Bucks,Golden State Warriors,113,120,1,7,https://www.basketball-reference.com/leagues/NBA_2026_games-january.html,KXNBAGAME-26JAN07MILGSW-GSW,KXNBAGAME-26JAN07MILGSW,Golden State Warriors,2026-01-08 06:00:00+00:00,2026-01-05 19:06:00+00:00,1.0,2234292.0,historical,2026-01-08,543,available,0.695,0.69,0.7,0.7,0.010000000000000009,bid_ask_midpoint,2026-01-08T02:45:00+00:00,15.0,253452.0,1344.0,https://api.elections.kalshi.com/trade-api/v2/historical/markets/KXNBAGAME-26JAN07MILGSW-GSW/candlesticks?start_ts=1767753900&end_ts=1767840300&period_interval=1,1,True,2026-01-07_Milwaukee_Bucks_at_Golden_State_Warriors
2026-01-07,2026-01-08 01:00:00+00:00,Utah Jazz,Oklahoma City Thunder,125,129,1,4,https://www.basketball-reference.com/leagues/NBA_2026_games-january.html,KXNBAGAME-26JAN07UTAOKC-OKC,KXNBAGAME-26JAN07UTAOKC,Oklahoma City Thunder,2026-01-08 04:00:00+00:00,2026-01-05 16:06:00+00:00,1.0,6085474.0,historical,2026-01-07,545,missing,,,,,,,,,,,,1,True,2026-01-07_Utah_Jazz_at_Oklahoma_City_Thunder
2026-01-07,2026-01-08 01:00:00+00:00,Phoenix Suns,Memphis Grizzlies,117,98,0,-19,https://www.basketball-reference.com/leagues/NBA_2026_games-january.html,KXNBAGAME-26JAN07PHXMEM-MEM,KXNBAGAME-26JAN07PHXMEM,Memphis Grizzlies,2026-01-08 04:00:00+00:00,2026-01-05 16:06:00+00:00,0.0,421045.0,historical,2026-01-07,546,available,0.335,0.33,0.34,0.35,0.010000000000000009,bid_ask_midpoint,2026-01-08T00:45:00+00:00,15.0,67513.0,1307.0,https://api.elections.kalshi.com/trade-api/v2/historical/markets/KXNBAGAME-26JAN07PHXMEM-MEM/candlesticks?start_ts=1767746700&end_ts=1767833100&period_interval=1,0,True,2026-01-07_Phoenix_Suns_at_Memphis_Grizzlies
2026-01-07,2026-01-08 00:00:00+00:00,Toronto Raptors,Charlotte Hornets,97,96,0,-1,https://www.basketball-reference.com/leagues/NBA_2026_games-january.html,KXNBAGAME-26JAN07TORCHA-CHA,KXNBAGAME-26JAN07TORCHA,Charlotte Hornets,2026-01-08 03:00:00+00:00,2026-01-05 16:06:00+00:00,0.0,2276116.0,historical,2026-01-07,548,available,0.435,0.43,0.44,0.44,0.010000000000000009,bid_ask_midpoint,2026-01-07T23:45:00+00:00,15.0,334656.0,1377.0,https://api.elections.kalshi.com/trade-api/v2/historical/markets/KXNBAGAME-26JAN07TORCHA-CHA/candlesticks?start_ts=1767743100&end_ts=1767829500&period_interval=1,0,True,2026-01-07_Toronto_Raptors_at_Charlotte_Hornets
2026-01-07,2026-01-08 00:30:00+00:00,New Orleans Pelicans,Atlanta Hawks,100,117,1,17,https://www.basketball-reference.com/leagues/NBA_2026_games-january.html,KXNBAGAME-26JAN07NOPATL-ATL,KXNBAGAME-26JAN07NOPATL,Atlanta Hawks,2026-01-08 03:30:00+00:00,2026-01-05 16:06:00+00:00,1.0,179651.0,historical,2026-01-07,549,available,0.79,0.78,0.8,0.79,0.020000000000000018,bid_ask_midpoint,2026-01-08T00:15:00+00:00,15.0,39076.0,1250.0,https://api.elections.kalshi.com/trade-api/v2/historical/markets/KXNBAGAME-26JAN07NOPATL-ATL/candlesticks?start_ts=1767744900&end_ts=1767831300&period_interval=1,1,True,2026-01-07_New_Orleans_Pelicans_at_Atlanta_Hawks
2026-01-07,2026-01-08 00:00:00+00:00,Washington Wizards,Philadelphia 76ers,110,131,1,21,https://www.basketball-reference.com/leagues/NBA_2026_games-january.html,KXNBAGAME-26JAN07WASPHI-PHI,KXNBAGAME-26JAN07WASPHI,Philadelphia 76ers,2026-01-08 03:00:00+00:00,2026-01-05 16:06:00+00:00,1.0,868634.0,historical,2026-01-07,550,missing,,,,,,,,,,,,1,True,2026-01-07_Washington_Wizards_at_Philadelphia_76ers
2026-01-07,2026-01-08 03:00:00+00:00,Houston Rockets,Portland Trail Blazers,102,103,1,1,https://www.basketball-reference.com/leagues/NBA_2026_games-january.html,KXNBAGAME-26JAN07HOUPOR-POR,KXNBAGAME-26JAN07HOUPOR,Portland Trail Blazers,2026-01-08 06:00:00+00:00,2026-01-05 19:06:00+00:00,1.0,5511886.0,historical,2026-01-08,551,available,0.305,0.3,0.31,0.31,0.010000000000000009,bid_ask_midpoint,2026-01-08T02:45:00+00:00,15.0,160884.0,1321.0,https://api.elections.kalshi.com/trade-api/v2/historical/markets/KXNBAGAME-26JAN07HOUPOR-POR/candlesticks?start_ts=1767753900&end_ts=1767840300&period_interval=1,1,True,2026-01-07_Houston_Rockets_at_Portland_Trail_Blazers
2026-01-07,2026-01-08 00:00:00+00:00,Denver Nuggets,Boston Celtics,114,110,0,-4,https://www.basketball-reference.com/leagues/NBA_2026_games-january.html,KXNBAGAME-26JAN07DENBOS-BOS,KXNBAGAME-26JAN07DENBOS,Boston Celtics,2026-01-08 03:00:00+00:00,2026-01-05 16:06:00+00:00,0.0,2855235.0,historical,2026-01-07,552,missing,,,,,,,,,,,,0,True,2026-01-07_Denver_Nuggets_at_Boston_Celtics
2026-01-07,2026-01-08 00:30:00+00:00,Orlando Magic,Brooklyn Nets,104,103,0,-1,https://www.basketball-reference.com/leagues/NBA_2026_games-january.html,KXNBAGAME-26JAN07ORLBKN-BKN,KXNBAGAME-26JAN07ORLBKN,Brooklyn Nets,2026-01-08 03:30:00+00:00,2026-01-05 16:06:00+00:00,0.0,3578038.0,historical,2026-01-07,553,available,0.45999999999999996,0.45,0.47,0.47,0.019999999999999962,bid_ask_midpoint,2026-01-08T00:15:00+00:00,15.0,60524.0,1247.0,https://api.elections.kalshi.com/trade-api/v2/historical/markets/KXNBAGAME-26JAN07ORLBKN-BKN/candlesticks?start_ts=1767744900&end_ts=1767831300&period_interval=1,0,True,2026-01-07_Orlando_Magic_at_Brooklyn_Nets
2026-01-08,2026-01-09 02:00:00+00:00,Dallas Mavericks,Utah Jazz,114,116,1,2,https://www.basketball-reference.com/leagues/NBA_2026_games-january.html,KXNBAGAME-26JAN08DALUTA-UTA,KXNBAGAME-26JAN08DALUTA,Utah Jazz,2026-01-09 05:00:00+00:00,2026-01-06 19:06:00+00:00,1.0,4870259.0,historical,2026-01-09,554,missing,,,,,,,,,,,,1,True,2026-01-08_Dallas_Mavericks_at_Utah_Jazz
2026-01-08,2026-01-09 00:00:00+00:00,Indiana Pacers,Charlotte Hornets,114,112,0,-2,https://www.basketball-reference.com/leagues/NBA_2026_games-january.html,KXNBAGAME-26JAN08INDCHA-CHA,KXNBAGAME-26JAN08INDCHA,Charlotte Hornets,2026-01-09 03:00:00+00:00,2026-01-06 16:06:00+00:00,0.0,5728324.0,historical,2026-01-08,555,available,0.625,0.62,0.63,0.63,0.010000000000000009,bid_ask_midpoint,2026-01-08T23:45:00+00:00,15.0,454278.0,1279.0,https://api.elections.kalshi.com/trade-api/v2/historical/markets/KXNBAGAME-26JAN08INDCHA-CHA/candlesticks?start_ts=1767829500&end_ts=1767915900&period_interval=1,0,True,2026-01-08_Indiana_Pacers_at_Charlotte_Hornets
2026-01-08,2026-01-09 01:00:00+00:00,Cleveland Cavaliers,Minnesota Timberwolves,122,131,1,9,https://www.basketball-reference.com/leagues/NBA_2026_games-january.html,KXNBAGAME-26JAN08CLEMIN-MIN,KXNBAGAME-26JAN08CLEMIN,Minnesota Timberwolves,2026-01-09 04:00:00+00:00,2026-01-06 16:06:00+00:00,1.0,3071960.0,historical,2026-01-08,556,available,0.575,0.57,0.58,0.58,0.010000000000000009,bid_ask_midpoint,2026-01-09T00:45:00+00:00,15.0,297070.0,1233.0,https://api.elections.kalshi.com/trade-api/v2/historical/markets/KXNBAGAME-26JAN08CLEMIN-MIN/candlesticks?start_ts=1767833100&end_ts=1767919500&period_interval=1,1,True,2026-01-08_Cleveland_Cavaliers_at_Minnesota_Timberwolves
2026-01-09,2026-01-10 03:00:00+00:00,Houston Rockets,Portland Trail Blazers,105,111,1,6,https://www.basketball-reference.com/leagues/NBA_2026_games-january.html,KXNBAGAME-26JAN09HOUPOR-POR,KXNBAGAME-26JAN09HOUPOR,Portland Trail Blazers,2026-01-10 06:00:00+00:00,2026-01-07 19:06:00+00:00,1.0,4753589.0,historical,2026-01-10,558,available,0.315,0.31,0.32,0.32,0.010000000000000009,bid_ask_midpoint,2026-01-10T02:45:00+00:00,15.0,408054.0,1363.0,https://api.elections.kalshi.com/trade-api/v2/historical/markets/KXNBAGAME-26JAN09HOUPOR-POR/candlesticks?start_ts=1767926700&end_ts=1768013100&period_interval=1,1,True,2026-01-09_Houston_Rockets_at_Portland_Trail_Blazers
2026-01-09,2026-01-10 02:00:00+00:00,New York Knicks,Phoenix Suns,107,112,1,5,https://www.basketball-reference.com/leagues/NBA_2026_games-january.html,KXNBAGAME-26JAN09NYKPHX-PHX,KXNBAGAME-26JAN09NYKPHX,Phoenix Suns,2026-01-10 05:00:00+00:00,2026-01-07 19:06:00+00:00,1.0,3844119.0,historical,2026-01-10,559,missing,,,,,,,,,,,,1,True,2026-01-09_New_York_Knicks_at_Phoenix_Suns
2026-01-09,2026-01-10 02:00:00+00:00,Atlanta Hawks,Denver Nuggets,110,87,0,-23,https://www.basketball-reference.com/leagues/NBA_2026_games-january.html,KXNBAGAME-26JAN09ATLDEN-DEN,KXNBAGAME-26JAN09ATLDEN,Denver Nuggets,2026-01-10 05:00:00+00:00,2026-01-07 19:06:00+00:00,0.0,4608115.0,historical,2026-01-10,560,available,0.44,0.43,0.45,0.44,0.020000000000000018,bid_ask_midpoint,2026-01-10T01:45:00+00:00,15.0,454554.0,1336.0,https://api.elections.kalshi.com/trade-api/v2/historical/markets/KXNBAGAME-26JAN09ATLDEN-DEN/candlesticks?start_ts=1767923100&end_ts=1768009500&period_interval=1,0,True,2026-01-09_Atlanta_Hawks_at_Denver_Nuggets
2026-01-09,2026-01-10 03:00:00+00:00,Sacramento Kings,Golden State Warriors,103,137,1,34,https://www.basketball-reference.com/leagues/NBA_2026_games-january.html,KXNBAGAME-26JAN09SACGSW-GSW,KXNBAGAME-26JAN09SACGSW,Golden State Warriors,2026-01-10 06:00:00+00:00,2026-01-07 19:06:00+00:00,1.0,1202646.0,historical,2026-01-10,561,missing,,,,,,,,,,,,1,True,2026-01-09_Sacramento_Kings_at_Golden_State_Warriors
2026-01-09,2026-01-10 00:00:00+00:00,New Orleans Pelicans,Washington Wizards,128,107,0,-21,https://www.basketball-reference.com/leagues/NBA_2026_games-january.html,KXNBAGAME-26JAN09NOPWAS-WAS,KXNBAGAME-26JAN09NOPWAS,Washington Wizards,2026-01-10 03:00:00+00:00,2026-01-07 16:06:00+00:00,0.0,1373980.0,historical,2026-01-09,563,available,0.435,0.43,0.44,0.44,0.010000000000000009,bid_ask_midpoint,2026-01-09T23:45:00+00:00,15.0,215202.0,1365.0,https://api.elections.kalshi.com/trade-api/v2/historical/markets/KXNBAGAME-26JAN09NOPWAS-WAS/candlesticks?start_ts=1767915900&end_ts=1768002300&period_interval=1,0,True,2026-01-09_New_Orleans_Pelicans_at_Washington_Wizards
2026-01-09,2026-01-10 00:00:00+00:00,Philadelphia 76ers,Orlando Magic,103,91,0,-12,https://www.basketball-reference.com/leagues/NBA_2026_games-january.html,KXNBAGAME-26JAN09PHIORL-ORL,KXNBAGAME-26JAN09PHIORL,Orlando Magic,2026-01-10 03:00:00+00:00,2026-01-07 16:06:00+00:00,0.0,2049470.0,historical,2026-01-09,564,available,0.415,0.41,0.42,0.42,0.010000000000000009,bid_ask_midpoint,2026-01-09T23:45:00+00:00,15.0,176092.0,1345.0,https://api.elections.kalshi.com/trade-api/v2/historical/markets/KXNBAGAME-26JAN09PHIORL-ORL/candlesticks?start_ts=1767915900&end_ts=1768002300&period_interval=1,0,True,2026-01-09_Philadelphia_76ers_at_Orlando_Magic
2026-01-09,2026-01-10 00:00:00+00:00,Toronto Raptors,Boston Celtics,117,125,1,8,https://www.basketball-reference.com/leagues/NBA_2026_games-january.html,KXNBAGAME-26JAN09TORBOS-BOS,KXNBAGAME-26JAN09TORBOS,Boston Celtics,2026-01-10 03:00:00+00:00,2026-01-07 16:06:00+00:00,1.0,1630053.0,historical,2026-01-09,565,available,0.77,0.76,0.78,0.78,0.020000000000000018,bid_ask_midpoint,2026-01-09T23:45:00+00:00,15.0,166645.0,1359.0,https://api.elections.kalshi.com/trade-api/v2/historical/markets/KXNBAGAME-26JAN09TORBOS-BOS/candlesticks?start_ts=1767915900&end_ts=1768002300&period_interval=1,1,True,2026-01-09_Toronto_Raptors_at_Boston_Celtics
2026-01-09,2026-01-10 01:00:00+00:00,Oklahoma City Thunder,Memphis Grizzlies,117,116,0,-1,https://www.basketball-reference.com/leagues/NBA_2026_games-january.html,KXNBAGAME-26JAN09OKCMEM-MEM,KXNBAGAME-26JAN09OKCMEM,Memphis Grizzlies,2026-01-10 04:00:00+00:00,2026-01-07 16:06:00+00:00,0.0,3740662.0,historical,2026-01-09,566,available,0.345,0.34,0.35,0.35,0.009999999999999953,bid_ask_midpoint,2026-01-10T00:45:00+00:00,15.0,171522.0,1370.0,https://api.elections.kalshi.com/trade-api/v2/historical/markets/KXNBAGAME-26JAN09OKCMEM-MEM/candlesticks?start_ts=1767919500&end_ts=1768005900&period_interval=1,0,True,2026-01-09_Oklahoma_City_Thunder_at_Memphis_Grizzlies
2026-01-10,2026-01-11 02:30:00+00:00,Charlotte Hornets,Utah Jazz,150,95,0,-55,https://www.basketball-reference.com/leagues/NBA_2026_games-january.html,KXNBAGAME-26JAN10CHAUTA-UTA,KXNBAGAME-26JAN10CHAUTA,Utah Jazz,2026-01-11 05:30:00+00:00,2026-01-08 19:06:00+00:00,0.0,1600057.0,historical,2026-01-11,567,available,0.365,0.36,0.37,0.37,0.010000000000000009,bid_ask_midpoint,2026-01-11T02:15:00+00:00,15.0,319556.0,1338.0,https://api.elections.kalshi.com/trade-api/v2/historical/markets/KXNBAGAME-26JAN10CHAUTA-UTA/candlesticks?start_ts=1768011300&end_ts=1768097700&period_interval=1,0,True,2026-01-10_Charlotte_Hornets_at_Utah_Jazz
2026-01-10,2026-01-10 18:00:00+00:00,Minnesota Timberwolves,Cleveland Cavaliers,134,146,1,12,https://www.basketball-reference.com/leagues/NBA_2026_games-january.html,KXNBAGAME-26JAN10MINCLE-CLE,KXNBAGAME-26JAN10MINCLE,Cleveland Cavaliers,2026-01-10 21:00:00+00:00,2026-01-08 10:06:00+00:00,1.0,2113218.0,historical,2026-01-10,568,available,0.565,0.56,0.57,0.57,0.009999999999999898,bid_ask_midpoint,2026-01-10T17:45:00+00:00,15.0,142020.0,1373.0,https://api.elections.kalshi.com/trade-api/v2/historical/markets/KXNBAGAME-26JAN10MINCLE-CLE/candlesticks?start_ts=1767980700&end_ts=1768067100&period_interval=1,1,True,2026-01-10_Minnesota_Timberwolves_at_Cleveland_Cavaliers
2026-01-10,2026-01-11 00:00:00+00:00,Miami Heat,Indiana Pacers,99,123,1,24,https://www.basketball-reference.com/leagues/NBA_2026_games-january.html,KXNBAGAME-26JAN10MIAIND-IND,KXNBAGAME-26JAN10MIAIND,Indiana Pacers,2026-01-11 03:00:00+00:00,2026-01-08 16:06:00+00:00,1.0,1689846.0,historical,2026-01-10,569,available,0.315,0.31,0.32,0.32,0.010000000000000009,bid_ask_midpoint,2026-01-10T23:45:00+00:00,15.0,117963.0,1356.0,https://api.elections.kalshi.com/trade-api/v2/historical/markets/KXNBAGAME-26JAN10MIAIND-IND/candlesticks?start_ts=1768002300&end_ts=1768088700&period_interval=1,1,True,2026-01-10_Miami_Heat_at_Indiana_Pacers
2026-01-10,2026-01-11 01:00:00+00:00,San Antonio Spurs,Boston Celtics,100,95,0,-5,https://www.basketball-reference.com/leagues/NBA_2026_games-january.html,KXNBAGAME-26JAN10SASBOS-BOS,KXNBAGAME-26JAN10SASBOS,Boston Celtics,2026-01-11 04:00:00+00:00,2026-01-08 16:06:00+00:00,0.0,2227193.0,historical,2026-01-10,571,available,0.495,0.49,0.5,0.5,0.010000000000000009,bid_ask_midpoint,2026-01-11T00:45:00+00:00,15.0,127584.0,1361.0,https://api.elections.kalshi.com/trade-api/v2/historical/markets/KXNBAGAME-26JAN10SASBOS-BOS/candlesticks?start_ts=1768005900&end_ts=1768092300&period_interval=1,0,True,2026-01-10_San_Antonio_Spurs_at_Boston_Celtics
2026-01-10,2026-01-11 01:00:00+00:00,Dallas Mavericks,Chicago Bulls,107,125,1,18,https://www.basketball-reference.com/leagues/NBA_2026_games-january.html,KXNBAGAME-26JAN10DALCHI-CHI,KXNBAGAME-26JAN10DALCHI,Chicago Bulls,2026-01-11 04:00:00+00:00,2026-01-08 16:06:00+00:00,1.0,494484.0,historical,2026-01-10,572,missing,,,,,,,,,,,,1,True,2026-01-10_Dallas_Mavericks_at_Chicago_Bulls
2026-01-11,2026-01-12 02:00:00+00:00,Houston Rockets,Sacramento Kings,98,111,1,13,https://www.basketball-reference.com/leagues/NBA_2026_games-january.html,KXNBAGAME-26JAN11HOUSAC-SAC,KXNBAGAME-26JAN11HOUSAC,Sacramento Kings,2026-01-12 05:00:00+00:00,2026-01-09 19:06:00+00:00,1.0,5088569.0,historical,2026-01-12,573,available,0.155,0.15,0.16,0.16,0.010000000000000009,bid_ask_midpoint,2026-01-12T01:45:00+00:00,15.0,219084.0,1367.0,https://api.elections.kalshi.com/trade-api/v2/historical/markets/KXNBAGAME-26JAN11HOUSAC-SAC/candlesticks?start_ts=1768095900&end_ts=1768182300&period_interval=1,1,True,2026-01-11_Houston_Rockets_at_Sacramento_Kings
2026-01-11,2026-01-12 01:00:00+00:00,Milwaukee Bucks,Denver Nuggets,104,108,1,4,https://www.basketball-reference.com/leagues/NBA_2026_games-january.html,KXNBAGAME-26JAN11MILDEN-DEN,KXNBAGAME-26JAN11MILDEN,Denver Nuggets,2026-01-12 04:00:00+00:00,2026-01-09 16:06:00+00:00,1.0,3334486.0,historical,2026-01-11,574,available,0.385,0.38,0.39,0.39,0.010000000000000009,bid_ask_midpoint,2026-01-12T00:45:00+00:00,15.0,165188.0,1294.0,https://api.elections.kalshi.com/trade-api/v2/historical/markets/KXNBAGAME-26JAN11MILDEN-DEN/candlesticks?start_ts=1768092300&end_ts=1768178700&period_interval=1,1,True,2026-01-11_Milwaukee_Bucks_at_Denver_Nuggets
2026-01-11,2026-01-12 01:30:00+00:00,Atlanta Hawks,Golden State Warriors,124,111,0,-13,https://www.basketball-reference.com/leagues/NBA_2026_games-january.html,KXNBAGAME-26JAN11ATLGSW-GSW,KXNBAGAME-26JAN11ATLGSW,Golden State Warriors,2026-01-12 04:30:00+00:00,2026-01-09 19:06:00+00:00,0.0,2931538.0,historical,2026-01-11,575,available,0.7,0.69,0.71,0.71,0.020000000000000018,bid_ask_midpoint,2026-01-12T01:15:00+00:00,15.0,117677.0,1302.0,https://api.elections.kalshi.com/trade-api/v2/historical/markets/KXNBAGAME-26JAN11ATLGSW-GSW/candlesticks?start_ts=1768094100&end_ts=1768180500&period_interval=1,0,True,2026-01-11_Atlanta_Hawks_at_Golden_State_Warriors
2026-01-11,2026-01-12 01:00:00+00:00,Washington Wizards,Phoenix Suns,93,112,1,19,https://www.basketball-reference.com/leagues/NBA_2026_games-january.html,KXNBAGAME-26JAN11WASPHX-PHX,KXNBAGAME-26JAN11WASPHX,Phoenix Suns,2026-01-12 04:00:00+00:00,2026-01-09 16:06:00+00:00,1.0,408647.0,historical,2026-01-11,576,available,0.87,0.86,0.88,,0.020000000000000018,bid_ask_midpoint,2026-01-12T00:45:00+00:00,15.0,51960.0,1393.0,https://api.elections.kalshi.com/trade-api/v2/historical/markets/KXNBAGAME-26JAN11WASPHX-PHX/candlesticks?start_ts=1768092300&end_ts=1768178700&period_interval=1,1,True,2026-01-11_Washington_Wizards_at_Phoenix_Suns
2026-01-11,2026-01-12 00:00:00+00:00,Miami Heat,Oklahoma City Thunder,112,124,1,12,https://www.basketball-reference.com/leagues/NBA_2026_games-january.html,KXNBAGAME-26JAN11MIAOKC-OKC,KXNBAGAME-26JAN11MIAOKC,Oklahoma City Thunder,2026-01-12 03:00:00+00:00,2026-01-09 16:06:00+00:00,1.0,1012065.0,historical,2026-01-11,577,available,0.855,0.85,0.86,0.87,0.010000000000000009,bid_ask_midpoint,2026-01-11T23:45:00+00:00,15.0,101899.0,1343.0,https://api.elections.kalshi.com/trade-api/v2/historical/markets/KXNBAGAME-26JAN11MIAOKC-OKC/candlesticks?start_ts=1768088700&end_ts=1768175100&period_interval=1,1,True,2026-01-11_Miami_Heat_at_Oklahoma_City_Thunder
2026-01-11,2026-01-11 23:00:00+00:00,New York Knicks,Portland Trail Blazers,123,114,0,-9,https://www.basketball-reference.com/leagues/NBA_2026_games-january.html,KXNBAGAME-26JAN11NYKPOR-POR,KXNBAGAME-26JAN11NYKPOR,Portland Trail Blazers,2026-01-12 02:00:00+00:00,2026-01-09 16:06:00+00:00,0.0,2429024.0,historical,2026-01-11,578,missing,,,,,,,,,,,,0,True,2026-01-11_New_York_Knicks_at_Portland_Trail_Blazers
2026-01-11,2026-01-11 23:00:00+00:00,Philadelphia 76ers,Toronto Raptors,115,116,1,1,https://www.basketball-reference.com/leagues/NBA_2026_games-january.html,KXNBAGAME-26JAN11PHITOR-TOR,KXNBAGAME-26JAN11PHITOR,Toronto Raptors,2026-01-12 02:00:00+00:00,2026-01-09 16:06:00+00:00,1.0,3400230.0,historical,2026-01-11,579,missing,,,,,,,,,,,,1,True,2026-01-11_Philadelphia_76ers_at_Toronto_Raptors
2026-01-11,2026-01-11 20:30:00+00:00,Brooklyn Nets,Memphis Grizzlies,98,103,1,5,https://www.basketball-reference.com/leagues/NBA_2026_games-january.html,KXNBAGAME-26JAN11BKNMEM-MEM,KXNBAGAME-26JAN11BKNMEM,Memphis Grizzlies,2026-01-11 23:30:00+00:00,2026-01-09 13:06:00+00:00,1.0,2006841.0,historical,2026-01-11,580,available,0.705,0.7,0.71,0.71,0.010000000000000009,bid_ask_midpoint,2026-01-11T20:15:00+00:00,15.0,39227.0,1305.0,https://api.elections.kalshi.com/trade-api/v2/historical/markets/KXNBAGAME-26JAN11BKNMEM-MEM/candlesticks?start_ts=1768076100&end_ts=1768162500&period_interval=1,1,True,2026-01-11_Brooklyn_Nets_at_Memphis_Grizzlies
2026-01-11,2026-01-11 20:00:00+00:00,New Orleans Pelicans,Orlando Magic,118,128,1,10,https://www.basketball-reference.com/leagues/NBA_2026_games-january.html,KXNBAGAME-26JAN11NOPORL-ORL,KXNBAGAME-26JAN11NOPORL,Orlando Magic,2026-01-11 23:00:00+00:00,2026-01-09 13:06:00+00:00,1.0,3642249.0,historical,2026-01-11,581,available,0.695,0.69,0.7,0.7,0.010000000000000009,bid_ask_midpoint,2026-01-11T19:45:00+00:00,15.0,151967.0,1342.0,https://api.elections.kalshi.com/trade-api/v2/historical/markets/KXNBAGAME-26JAN11NOPORL-ORL/candlesticks?start_ts=1768074300&end_ts=1768160700&period_interval=1,1,True,2026-01-11_New_Orleans_Pelicans_at_Orlando_Magic
2026-01-11,2026-01-12 00:00:00+00:00,San Antonio Spurs,Minnesota Timberwolves,103,104,1,1,https://www.basketball-reference.com/leagues/NBA_2026_games-january.html,KXNBAGAME-26JAN11SASMIN-MIN,KXNBAGAME-26JAN11SASMIN,Minnesota Timberwolves,2026-01-12 03:00:00+00:00,2026-01-09 16:06:00+00:00,1.0,3934662.0,historical,2026-01-11,582,available,0.555,0.55,0.56,0.57,0.010000000000000009,bid_ask_midpoint,2026-01-11T23:45:00+00:00,15.0,129785.0,1270.0,https://api.elections.kalshi.com/trade-api/v2/historical/markets/KXNBAGAME-26JAN11SASMIN-MIN/candlesticks?start_ts=1768088700&end_ts=1768175100&period_interval=1,1,True,2026-01-11_San_Antonio_Spurs_at_Minnesota_Timberwolves
2026-01-12,2026-01-13 01:30:00+00:00,Brooklyn Nets,Dallas Mavericks,105,113,1,8,https://www.basketball-reference.com/leagues/NBA_2026_games-january.html,KXNBAGAME-26JAN12BKNDAL-DAL,KXNBAGAME-26JAN12BKNDAL,Dallas Mavericks,2026-01-13 04:30:00+00:00,2026-01-10 19:06:00+00:00,1.0,2123119.0,historical,2026-01-12,584,missing,,,,,,,,,,,,1,True,2026-01-12_Brooklyn_Nets_at_Dallas_Mavericks
2026-01-12,2026-01-13 00:30:00+00:00,Boston Celtics,Indiana Pacers,96,98,1,2,https://www.basketball-reference.com/leagues/NBA_2026_games-january.html,KXNBAGAME-26JAN12BOSIND-IND,KXNBAGAME-26JAN12BOSIND,Indiana Pacers,2026-01-13 03:30:00+00:00,2026-01-10 16:06:00+00:00,1.0,2830165.0,historical,2026-01-12,586,missing,,,,,,,,,,,,1,True,2026-01-12_Boston_Celtics_at_Indiana_Pacers
2026-01-12,2026-01-13 00:00:00+00:00,Utah Jazz,Cleveland Cavaliers,123,112,0,-11,https://www.basketball-reference.com/leagues/NBA_2026_games-january.html,KXNBAGAME-26JAN12UTACLE-CLE,KXNBAGAME-26JAN12UTACLE,Cleveland Cavaliers,2026-01-13 03:00:00+00:00,2026-01-10 16:06:00+00:00,0.0,3046031.0,historical,2026-01-12,587,missing,,,,,,,,,,,,0,True,2026-01-12_Utah_Jazz_at_Cleveland_Cavaliers
2026-01-12,2026-01-13 00:30:00+00:00,Philadelphia 76ers,Toronto Raptors,115,102,0,-13,https://www.basketball-reference.com/leagues/NBA_2026_games-january.html,KXNBAGAME-26JAN12PHITOR-TOR,KXNBAGAME-26JAN12PHITOR,Toronto Raptors,2026-01-13 03:30:00+00:00,2026-01-10 16:06:00+00:00,0.0,2166923.0,historical,2026-01-12,588,available,0.425,0.42,0.43,0.43,0.010000000000000009,bid_ask_midpoint,2026-01-13T00:15:00+00:00,15.0,158205.0,1345.0,https://api.elections.kalshi.com/trade-api/v2/historical/markets/KXNBAGAME-26JAN12PHITOR-TOR/candlesticks?start_ts=1768176900&end_ts=1768263300&period_interval=1,0,True,2026-01-12_Philadelphia_76ers_at_Toronto_Raptors
2026-01-13,2026-01-14 00:30:00+00:00,Phoenix Suns,Miami Heat,121,127,1,6,https://www.basketball-reference.com/leagues/NBA_2026_games-january.html,KXNBAGAME-26JAN13PHXMIA-MIA,KXNBAGAME-26JAN13PHXMIA,Miami Heat,2026-01-14 03:30:00+00:00,2026-01-11 16:06:00+00:00,1.0,3418855.0,historical,2026-01-13,589,available,0.535,0.53,0.54,0.54,0.010000000000000009,bid_ask_midpoint,2026-01-14T00:15:00+00:00,15.0,362724.0,1295.0,https://api.elections.kalshi.com/trade-api/v2/historical/markets/KXNBAGAME-26JAN13PHXMIA-MIA/candlesticks?start_ts=1768263300&end_ts=1768349700&period_interval=1,1,True,2026-01-13_Phoenix_Suns_at_Miami_Heat
2026-01-13,2026-01-14 01:00:00+00:00,Chicago Bulls,Houston Rockets,113,119,1,6,https://www.basketball-reference.com/leagues/NBA_2026_games-january.html,KXNBAGAME-26JAN13CHIHOU-HOU,KXNBAGAME-26JAN13CHIHOU,Houston Rockets,2026-01-14 04:00:00+00:00,2026-01-11 16:06:00+00:00,1.0,1547600.0,historical,2026-01-13,590,available,0.825,0.82,0.83,0.83,0.010000000000000009,bid_ask_midpoint,2026-01-14T00:45:00+00:00,15.0,237565.0,1336.0,https://api.elections.kalshi.com/trade-api/v2/historical/markets/KXNBAGAME-26JAN13CHIHOU-HOU/candlesticks?start_ts=1768265100&end_ts=1768351500&period_interval=1,1,True,2026-01-13_Chicago_Bulls_at_Houston_Rockets
2026-01-13,2026-01-14 01:00:00+00:00,Minnesota Timberwolves,Milwaukee Bucks,139,106,0,-33,https://www.basketball-reference.com/leagues/NBA_2026_games-january.html,KXNBAGAME-26JAN13MINMIL-MIL,KXNBAGAME-26JAN13MINMIL,Milwaukee Bucks,2026-01-14 04:00:00+00:00,2026-01-11 16:06:00+00:00,0.0,1398883.0,historical,2026-01-13,591,available,0.525,0.52,0.53,0.53,0.010000000000000009,bid_ask_midpoint,2026-01-14T00:45:00+00:00,15.0,268516.0,1362.0,https://api.elections.kalshi.com/trade-api/v2/historical/markets/KXNBAGAME-26JAN13MINMIL-MIL/candlesticks?start_ts=1768265100&end_ts=1768351500&period_interval=1,0,True,2026-01-13_Minnesota_Timberwolves_at_Milwaukee_Bucks
2026-01-13,2026-01-14 01:00:00+00:00,Denver Nuggets,New Orleans Pelicans,122,116,0,-6,https://www.basketball-reference.com/leagues/NBA_2026_games-january.html,KXNBAGAME-26JAN13DENNOP-NOP,KXNBAGAME-26JAN13DENNOP,New Orleans Pelicans,2026-01-14 04:00:00+00:00,2026-01-11 16:06:00+00:00,0.0,2255154.0,historical,2026-01-13,592,available,0.435,0.43,0.44,0.43,0.010000000000000009,bid_ask_midpoint,2026-01-14T00:45:00+00:00,15.0,132299.0,1271.0,https://api.elections.kalshi.com/trade-api/v2/historical/markets/KXNBAGAME-26JAN13DENNOP-NOP/candlesticks?start_ts=1768265100&end_ts=1768351500&period_interval=1,0,True,2026-01-13_Denver_Nuggets_at_New_Orleans_Pelicans
2026-01-13,2026-01-14 01:00:00+00:00,San Antonio Spurs,Oklahoma City Thunder,98,119,1,21,https://www.basketball-reference.com/leagues/NBA_2026_games-january.html,KXNBAGAME-26JAN13SASOKC-OKC,KXNBAGAME-26JAN13SASOKC,Oklahoma City Thunder,2026-01-14 04:00:00+00:00,2026-01-11 16:06:00+00:00,1.0,2061949.0,historical,2026-01-13,593,available,0.725,0.72,0.73,0.73,0.010000000000000009,bid_ask_midpoint,2026-01-14T00:45:00+00:00,15.0,205594.0,1369.0,https://api.elections.kalshi.com/trade-api/v2/historical/markets/KXNBAGAME-26JAN13SASOKC-OKC/candlesticks?start_ts=1768265100&end_ts=1768351500&period_interval=1,1,True,2026-01-13_San_Antonio_Spurs_at_Oklahoma_City_Thunder
2026-01-13,2026-01-14 04:00:00+00:00,Portland Trail Blazers,Golden State Warriors,97,119,1,22,https://www.basketball-reference.com/leagues/NBA_2026_games-january.html,KXNBAGAME-26JAN13PORGSW-GSW,KXNBAGAME-26JAN13PORGSW,Golden State Warriors,2026-01-14 07:00:00+00:00,2026-01-11 19:06:00+00:00,1.0,981947.0,historical,2026-01-14,595,available,0.805,0.8,0.81,0.81,0.010000000000000009,bid_ask_midpoint,2026-01-14T03:45:00+00:00,15.0,152948.0,1338.0,https://api.elections.kalshi.com/trade-api/v2/historical/markets/KXNBAGAME-26JAN13PORGSW-GSW/candlesticks?start_ts=1768275900&end_ts=1768362300&period_interval=1,1,True,2026-01-13_Portland_Trail_Blazers_at_Golden_State_Warriors
2026-01-14,2026-01-15 03:00:00+00:00,New York Knicks,Sacramento Kings,101,112,1,11,https://www.basketball-reference.com/leagues/NBA_2026_games-january.html,KXNBAGAME-26JAN14NYKSAC-SAC,KXNBAGAME-26JAN14NYKSAC,Sacramento Kings,2026-01-15 06:00:00+00:00,2026-01-12 19:06:00+00:00,1.0,5187375.0,historical,2026-01-15,596,available,0.20500000000000002,0.2,0.21,0.21,0.009999999999999981,bid_ask_midpoint,2026-01-15T02:45:00+00:00,15.0,635688.0,1398.0,https://api.elections.kalshi.com/trade-api/v2/historical/markets/KXNBAGAME-26JAN14NYKSAC-SAC/candlesticks?start_ts=1768358700&end_ts=1768445100&period_interval=1,1,True,2026-01-14_New_York_Knicks_at_Sacramento_Kings
2026-01-14,2026-01-15 01:00:00+00:00,Brooklyn Nets,New Orleans Pelicans,113,116,1,3,https://www.basketball-reference.com/leagues/NBA_2026_games-january.html,KXNBAGAME-26JAN14BKNNOP-NOP,KXNBAGAME-26JAN14BKNNOP,New Orleans Pelicans,2026-01-15 04:00:00+00:00,2026-01-12 16:06:00+00:00,1.0,2837593.0,historical,2026-01-14,598,available,0.515,0.51,0.52,0.52,0.010000000000000009,bid_ask_midpoint,2026-01-15T00:45:00+00:00,15.0,139820.0,1312.0,https://api.elections.kalshi.com/trade-api/v2/historical/markets/KXNBAGAME-26JAN14BKNNOP-NOP/candlesticks?start_ts=1768351500&end_ts=1768437900&period_interval=1,1,True,2026-01-14_Brooklyn_Nets_at_New_Orleans_Pelicans
2026-01-14,2026-01-15 02:30:00+00:00,Denver Nuggets,Dallas Mavericks,118,109,0,-9,https://www.basketball-reference.com/leagues/NBA_2026_games-january.html,KXNBAGAME-26JAN14DENDAL-DAL,KXNBAGAME-26JAN14DENDAL,Dallas Mavericks,2026-01-15 05:30:00+00:00,2026-01-12 19:06:00+00:00,0.0,4495343.0,historical,2026-01-15,599,available,0.515,0.51,0.52,0.52,0.010000000000000009,bid_ask_midpoint,2026-01-15T02:15:00+00:00,15.0,401700.0,1366.0,https://api.elections.kalshi.com/trade-api/v2/historical/markets/KXNBAGAME-26JAN14DENDAL-DAL/candlesticks?start_ts=1768356900&end_ts=1768443300&period_interval=1,0,True,2026-01-14_Denver_Nuggets_at_Dallas_Mavericks
2026-01-14,2026-01-15 00:00:00+00:00,Cleveland Cavaliers,Philadelphia 76ers,133,107,0,-26,https://www.basketball-reference.com/leagues/NBA_2026_games-january.html,KXNBAGAME-26JAN14CLEPHI-PHI,KXNBAGAME-26JAN14CLEPHI,Philadelphia 76ers,2026-01-15 03:00:00+00:00,2026-01-12 16:06:00+00:00,0.0,4136478.0,historical,2026-01-14,600,available,0.515,0.51,0.52,0.52,0.010000000000000009,bid_ask_midpoint,2026-01-14T23:45:00+00:00,15.0,709952.0,1341.0,https://api.elections.kalshi.com/trade-api/v2/historical/markets/KXNBAGAME-26JAN14CLEPHI-PHI/candlesticks?start_ts=1768347900&end_ts=1768434300&period_interval=1,0,True,2026-01-14_Cleveland_Cavaliers_at_Philadelphia_76ers
2026-01-14,2026-01-15 00:00:00+00:00,Toronto Raptors,Indiana Pacers,115,101,0,-14,https://www.basketball-reference.com/leagues/NBA_2026_games-january.html,KXNBAGAME-26JAN14TORIND-IND,KXNBAGAME-26JAN14TORIND,Indiana Pacers,2026-01-15 03:00:00+00:00,2026-01-12 16:06:00+00:00,0.0,2754665.0,historical,2026-01-14,601,available,0.525,0.52,0.53,0.53,0.010000000000000009,bid_ask_midpoint,2026-01-14T23:45:00+00:00,15.0,319010.0,1392.0,https://api.elections.kalshi.com/trade-api/v2/historical/markets/KXNBAGAME-26JAN14TORIND-IND/candlesticks?start_ts=1768347900&end_ts=1768434300&period_interval=1,0,True,2026-01-14_Toronto_Raptors_at_Indiana_Pacers
2026-01-14,2026-01-15 01:00:00+00:00,Utah Jazz,Chicago Bulls,126,128,1,2,https://www.basketball-reference.com/leagues/NBA_2026_games-january.html,KXNBAGAME-26JAN14UTACHI-CHI,KXNBAGAME-26JAN14UTACHI,Chicago Bulls,2026-01-15 04:00:00+00:00,2026-01-12 16:06:00+00:00,1.0,2835256.0,historical,2026-01-14,602,available,0.665,0.66,0.67,0.67,0.010000000000000009,bid_ask_midpoint,2026-01-15T00:45:00+00:00,15.0,199460.0,1333.0,https://api.elections.kalshi.com/trade-api/v2/historical/markets/KXNBAGAME-26JAN14UTACHI-CHI/candlesticks?start_ts=1768351500&end_ts=1768437900&period_interval=1,1,True,2026-01-14_Utah_Jazz_at_Chicago_Bulls
2026-01-15,2026-01-16 03:00:00+00:00,Atlanta Hawks,Portland Trail Blazers,101,117,1,16,https://www.basketball-reference.com/leagues/NBA_2026_games-january.html,KXNBAGAME-26JAN15ATLPOR-POR,KXNBAGAME-26JAN15ATLPOR,Portland Trail Blazers,2026-01-16 06:00:00+00:00,2026-01-13 19:06:00+00:00,1.0,3226198.0,historical,2026-01-16,603,available,0.395,0.39,0.4,0.4,0.010000000000000009,bid_ask_midpoint,2026-01-16T02:45:00+00:00,15.0,222195.0,1197.0,https://api.elections.kalshi.com/trade-api/v2/historical/markets/KXNBAGAME-26JAN15ATLPOR-POR/candlesticks?start_ts=1768445100&end_ts=1768531500&period_interval=1,1,True,2026-01-15_Atlanta_Hawks_at_Portland_Trail_Blazers
2026-01-15,2026-01-16 01:30:00+00:00,Utah Jazz,Dallas Mavericks,122,144,1,22,https://www.basketball-reference.com/leagues/NBA_2026_games-january.html,KXNBAGAME-26JAN15UTADAL-DAL,KXNBAGAME-26JAN15UTADAL,Dallas Mavericks,2026-01-16 04:30:00+00:00,2026-01-13 19:06:00+00:00,1.0,798521.0,historical,2026-01-15,605,missing,,,,,,,,,,,,1,True,2026-01-15_Utah_Jazz_at_Dallas_Mavericks
2026-01-15,2026-01-16 01:00:00+00:00,Milwaukee Bucks,San Antonio Spurs,101,119,1,18,https://www.basketball-reference.com/leagues/NBA_2026_games-january.html,KXNBAGAME-26JAN15MILSAS-SAS,KXNBAGAME-26JAN15MILSAS,San Antonio Spurs,2026-01-16 04:00:00+00:00,2026-01-13 16:06:00+00:00,1.0,1394959.0,historical,2026-01-15,606,available,0.685,0.68,0.69,0.69,0.009999999999999898,bid_ask_midpoint,2026-01-16T00:45:00+00:00,15.0,284188.0,1241.0,https://api.elections.kalshi.com/trade-api/v2/historical/markets/KXNBAGAME-26JAN15MILSAS-SAS/candlesticks?start_ts=1768437900&end_ts=1768524300&period_interval=1,1,True,2026-01-15_Milwaukee_Bucks_at_San_Antonio_Spurs
2026-01-15,2026-01-16 03:00:00+00:00,New York Knicks,Golden State Warriors,113,126,1,13,https://www.basketball-reference.com/leagues/NBA_2026_games-january.html,KXNBAGAME-26JAN15NYKGSW-GSW,KXNBAGAME-26JAN15NYKGSW,Golden State Warriors,2026-01-16 06:00:00+00:00,2026-01-13 19:06:00+00:00,1.0,4994222.0,historical,2026-01-16,607,available,0.695,0.69,0.7,0.7,0.010000000000000009,bid_ask_midpoint,2026-01-16T02:45:00+00:00,15.0,186746.0,1317.0,https://api.elections.kalshi.com/trade-api/v2/historical/markets/KXNBAGAME-26JAN15NYKGSW-GSW/candlesticks?start_ts=1768445100&end_ts=1768531500&period_interval=1,1,True,2026-01-15_New_York_Knicks_at_Golden_State_Warriors
2026-01-15,2026-01-16 00:30:00+00:00,Oklahoma City Thunder,Houston Rockets,111,91,0,-20,https://www.basketball-reference.com/leagues/NBA_2026_games-january.html,KXNBAGAME-26JAN15OKCHOU-HOU,KXNBAGAME-26JAN15OKCHOU,Houston Rockets,2026-01-16 03:30:00+00:00,2026-01-13 16:06:00+00:00,0.0,3685701.0,historical,2026-01-15,608,available,0.395,0.39,0.4,0.4,0.010000000000000009,bid_ask_midpoint,2026-01-16T00:15:00+00:00,15.0,707156.0,1294.0,https://api.elections.kalshi.com/trade-api/v2/historical/markets/KXNBAGAME-26JAN15OKCHOU-HOU/candlesticks?start_ts=1768436100&end_ts=1768522500&period_interval=1,0,True,2026-01-15_Oklahoma_City_Thunder_at_Houston_Rockets
2026-01-15,2026-01-16 00:00:00+00:00,Phoenix Suns,Detroit Pistons,105,108,1,3,https://www.basketball-reference.com/leagues/NBA_2026_games-january.html,KXNBAGAME-26JAN15PHXDET-DET,KXNBAGAME-26JAN15PHXDET,Detroit Pistons,2026-01-16 03:00:00+00:00,2026-01-13 16:06:00+00:00,1.0,5790228.0,historical,2026-01-15,609,available,0.7,0.69,0.71,0.71,0.020000000000000018,bid_ask_midpoint,2026-01-15T23:45:00+00:00,15.0,575876.0,1263.0,https://api.elections.kalshi.com/trade-api/v2/historical/markets/KXNBAGAME-26JAN15PHXDET-DET/candlesticks?start_ts=1768434300&end_ts=1768520700&period_interval=1,1,True,2026-01-15_Phoenix_Suns_at_Detroit_Pistons
2026-01-15,2026-01-15 19:00:00+00:00,Memphis Grizzlies,Orlando Magic,111,118,1,7,https://www.basketball-reference.com/leagues/NBA_2026_games-january.html,KXNBAGAME-26JAN15MEMORL-ORL,KXNBAGAME-26JAN15MEMORL,Orlando Magic,2026-01-15 22:00:00+00:00,2026-01-13 10:06:00+00:00,1.0,6539188.0,historical,2026-01-15,610,missing,,,,,,,,,,,,1,True,2026-01-15_Memphis_Grizzlies_at_Orlando_Magic
2026-01-15,2026-01-16 00:30:00+00:00,Boston Celtics,Miami Heat,119,114,0,-5,https://www.basketball-reference.com/leagues/NBA_2026_games-january.html,KXNBAGAME-26JAN15BOSMIA-MIA,KXNBAGAME-26JAN15BOSMIA,Miami Heat,2026-01-16 03:30:00+00:00,2026-01-13 16:06:00+00:00,0.0,3049941.0,historical,2026-01-15,611,available,0.425,0.42,0.43,0.43,0.010000000000000009,bid_ask_midpoint,2026-01-16T00:15:00+00:00,15.0,265600.0,1158.0,https://api.elections.kalshi.com/trade-api/v2/historical/markets/KXNBAGAME-26JAN15BOSMIA-MIA/candlesticks?start_ts=1768436100&end_ts=1768522500&period_interval=1,0,True,2026-01-15_Boston_Celtics_at_Miami_Heat
2026-01-16,2026-01-17 03:00:00+00:00,Washington Wizards,Sacramento Kings,115,128,1,13,https://www.basketball-reference.com/leagues/NBA_2026_games-january.html,KXNBAGAME-26JAN16WASSAC-SAC,KXNBAGAME-26JAN16WASSAC,Sacramento Kings,2026-01-17 06:00:00+00:00,2026-01-14 19:06:00+00:00,1.0,2377067.0,historical,2026-01-17,612,available,0.705,0.7,0.71,0.71,0.010000000000000009,bid_ask_midpoint,2026-01-17T02:45:00+00:00,15.0,222024.0,1358.0,https://api.elections.kalshi.com/trade-api/v2/historical/markets/KXNBAGAME-26JAN16WASSAC-SAC/candlesticks?start_ts=1768531500&end_ts=1768617900&period_interval=1,1,True,2026-01-16_Washington_Wizards_at_Sacramento_Kings
2026-01-16,2026-01-17 00:00:00+00:00,New Orleans Pelicans,Indiana Pacers,119,127,1,8,https://www.basketball-reference.com/leagues/NBA_2026_games-january.html,KXNBAGAME-26JAN16NOPIND-IND,KXNBAGAME-26JAN16NOPIND,Indiana Pacers,2026-01-17 03:00:00+00:00,2026-01-14 16:06:00+00:00,1.0,1431818.0,historical,2026-01-16,613,available,0.635,0.63,0.64,0.64,0.010000000000000009,bid_ask_midpoint,2026-01-16T23:45:00+00:00,15.0,247607.0,1278.0,https://api.elections.kalshi.com/trade-api/v2/historical/markets/KXNBAGAME-26JAN16NOPIND-IND/candlesticks?start_ts=1768520700&end_ts=1768607100&period_interval=1,1,True,2026-01-16_New_Orleans_Pelicans_at_Indiana_Pacers
2026-01-16,2026-01-17 00:00:00+00:00,Cleveland Cavaliers,Philadelphia 76ers,117,115,0,-2,https://www.basketball-reference.com/leagues/NBA_2026_games-january.html,KXNBAGAME-26JAN16CLEPHI-PHI,KXNBAGAME-26JAN16CLEPHI,Philadelphia 76ers,2026-01-17 03:00:00+00:00,2026-01-14 16:06:00+00:00,0.0,4863825.0,historical,2026-01-16,614,missing,,,,,,,,,,,,0,True,2026-01-16_Cleveland_Cavaliers_at_Philadelphia_76ers
2026-01-16,2026-01-17 00:30:00+00:00,Chicago Bulls,Brooklyn Nets,109,112,1,3,https://www.basketball-reference.com/leagues/NBA_2026_games-january.html,KXNBAGAME-26JAN16CHIBKN-BKN,KXNBAGAME-26JAN16CHIBKN,Brooklyn Nets,2026-01-17 03:30:00+00:00,2026-01-14 16:06:00+00:00,1.0,2137659.0,historical,2026-01-16,615,available,0.505,0.5,0.51,,0.010000000000000009,bid_ask_midpoint,2026-01-17T00:15:00+00:00,15.0,139416.0,1239.0,https://api.elections.kalshi.com/trade-api/v2/historical/markets/KXNBAGAME-26JAN16CHIBKN-BKN/candlesticks?start_ts=1768522500&end_ts=1768608900&period_interval=1,1,True,2026-01-16_Chicago_Bulls_at_Brooklyn_Nets
2026-01-16,2026-01-17 02:30:00+00:00,Minnesota Timberwolves,Houston Rockets,105,110,1,5,https://www.basketball-reference.com/leagues/NBA_2026_games-january.html,KXNBAGAME-26JAN16MINHOU-HOU,KXNBAGAME-26JAN16MINHOU,Houston Rockets,2026-01-17 05:30:00+00:00,2026-01-14 19:06:00+00:00,1.0,8321667.0,historical,2026-01-17,617,available,0.605,0.6,0.61,0.61,0.010000000000000009,bid_ask_midpoint,2026-01-17T02:15:00+00:00,15.0,302477.0,1309.0,https://api.elections.kalshi.com/trade-api/v2/historical/markets/KXNBAGAME-26JAN16MINHOU-HOU/candlesticks?start_ts=1768529700&end_ts=1768616100&period_interval=1,1,True,2026-01-16_Minnesota_Timberwolves_at_Houston_Rockets
2026-01-17,2026-01-18 02:00:00+00:00,Washington Wizards,Denver Nuggets,115,121,1,6,https://www.basketball-reference.com/leagues/NBA_2026_games-january.html,KXNBAGAME-26JAN17WASDEN-DEN,KXNBAGAME-26JAN17WASDEN,Denver Nuggets,2026-01-18 05:00:00+00:00,2026-01-15 19:06:00+00:00,1.0,4151262.0,historical,2026-01-18,618,available,0.805,0.8,0.81,0.81,0.010000000000000009,bid_ask_midpoint,2026-01-18T01:45:00+00:00,15.0,147510.0,1306.0,https://api.elections.kalshi.com/trade-api/v2/historical/markets/KXNBAGAME-26JAN17WASDEN-DEN/candlesticks?start_ts=1768614300&end_ts=1768700700&period_interval=1,1,True,2026-01-17_Washington_Wizards_at_Denver_Nuggets
2026-01-17,2026-01-18 01:30:00+00:00,Charlotte Hornets,Golden State Warriors,116,136,1,20,https://www.basketball-reference.com/leagues/NBA_2026_games-january.html,KXNBAGAME-26JAN17CHAGSW-GSW,KXNBAGAME-26JAN17CHAGSW,Golden State Warriors,2026-01-18 04:30:00+00:00,2026-01-15 19:06:00+00:00,1.0,1006354.0,historical,2026-01-17,619,available,0.715,0.71,0.72,0.72,0.010000000000000009,bid_ask_midpoint,2026-01-18T01:15:00+00:00,15.0,63745.0,1248.0,https://api.elections.kalshi.com/trade-api/v2/historical/markets/KXNBAGAME-26JAN17CHAGSW-GSW/candlesticks?start_ts=1768612500&end_ts=1768698900&period_interval=1,1,True,2026-01-17_Charlotte_Hornets_at_Golden_State_Warriors
2026-01-17,2026-01-18 01:00:00+00:00,Minnesota Timberwolves,San Antonio Spurs,123,126,1,3,https://www.basketball-reference.com/leagues/NBA_2026_games-january.html,KXNBAGAME-26JAN17MINSAS-SAS,KXNBAGAME-26JAN17MINSAS,San Antonio Spurs,2026-01-18 04:00:00+00:00,2026-01-15 16:06:00+00:00,1.0,2096238.0,historical,2026-01-17,621,available,0.625,0.62,0.63,0.63,0.010000000000000009,bid_ask_midpoint,2026-01-18T00:45:00+00:00,15.0,106986.0,1257.0,https://api.elections.kalshi.com/trade-api/v2/historical/markets/KXNBAGAME-26JAN17MINSAS-SAS/candlesticks?start_ts=1768610700&end_ts=1768697100&period_interval=1,1,True,2026-01-17_Minnesota_Timberwolves_at_San_Antonio_Spurs
2026-01-17,2026-01-17 22:00:00+00:00,Utah Jazz,Dallas Mavericks,120,138,1,18,https://www.basketball-reference.com/leagues/NBA_2026_games-january.html,KXNBAGAME-26JAN17UTADAL-DAL,KXNBAGAME-26JAN17UTADAL,Dallas Mavericks,2026-01-18 01:00:00+00:00,2026-01-15 13:06:00+00:00,1.0,1268747.0,historical,2026-01-17,622,available,0.585,0.58,0.59,0.59,0.010000000000000009,bid_ask_midpoint,2026-01-17T21:45:00+00:00,15.0,162548.0,1315.0,https://api.elections.kalshi.com/trade-api/v2/historical/markets/KXNBAGAME-26JAN17UTADAL-DAL/candlesticks?start_ts=1768599900&end_ts=1768686300&period_interval=1,1,True,2026-01-17_Utah_Jazz_at_Dallas_Mavericks
2026-01-17,2026-01-18 00:30:00+00:00,Phoenix Suns,New York Knicks,106,99,0,-7,https://www.basketball-reference.com/leagues/NBA_2026_games-january.html,KXNBAGAME-26JAN17PHXNYK-NYK,KXNBAGAME-26JAN17PHXNYK,New York Knicks,2026-01-18 03:30:00+00:00,2026-01-15 16:06:00+00:00,0.0,3374176.0,historical,2026-01-17,623,available,0.525,0.52,0.53,0.53,0.010000000000000009,bid_ask_midpoint,2026-01-18T00:15:00+00:00,15.0,153984.0,1249.0,https://api.elections.kalshi.com/trade-api/v2/historical/markets/KXNBAGAME-26JAN17PHXNYK-NYK/candlesticks?start_ts=1768608900&end_ts=1768695300&period_interval=1,0,True,2026-01-17_Phoenix_Suns_at_New_York_Knicks
2026-01-17,2026-01-18 00:30:00+00:00,Indiana Pacers,Detroit Pistons,78,121,1,43,https://www.basketball-reference.com/leagues/NBA_2026_games-january.html,KXNBAGAME-26JAN17INDDET-DET,KXNBAGAME-26JAN17INDDET,Detroit Pistons,2026-01-18 03:30:00+00:00,2026-01-15 16:06:00+00:00,1.0,353437.0,historical,2026-01-17,624,available,0.875,0.87,0.88,0.88,0.010000000000000009,bid_ask_midpoint,2026-01-18T00:15:00+00:00,15.0,178840.0,1274.0,https://api.elections.kalshi.com/trade-api/v2/historical/markets/KXNBAGAME-26JAN17INDDET-DET/candlesticks?start_ts=1768608900&end_ts=1768695300&period_interval=1,1,True,2026-01-17_Indiana_Pacers_at_Detroit_Pistons
2026-01-17,2026-01-18 00:30:00+00:00,Boston Celtics,Atlanta Hawks,132,106,0,-26,https://www.basketball-reference.com/leagues/NBA_2026_games-january.html,KXNBAGAME-26JAN17BOSATL-ATL,KXNBAGAME-26JAN17BOSATL,Atlanta Hawks,2026-01-18 03:30:00+00:00,2026-01-15 16:06:00+00:00,0.0,705103.0,historical,2026-01-17,625,missing,,,,,,,,,,,,0,True,2026-01-17_Boston_Celtics_at_Atlanta_Hawks
2026-01-17,2026-01-18 01:00:00+00:00,Oklahoma City Thunder,Miami Heat,120,122,1,2,https://www.basketball-reference.com/leagues/NBA_2026_games-january.html,KXNBAGAME-26JAN17OKCMIA-MIA,KXNBAGAME-26JAN17OKCMIA,Miami Heat,2026-01-18 04:00:00+00:00,2026-01-15 16:06:00+00:00,1.0,3674439.0,historical,2026-01-17,626,available,0.195,0.19,0.2,0.2,0.010000000000000009,bid_ask_midpoint,2026-01-18T00:45:00+00:00,15.0,167849.0,1296.0,https://api.elections.kalshi.com/trade-api/v2/historical/markets/KXNBAGAME-26JAN17OKCMIA-MIA/candlesticks?start_ts=1768610700&end_ts=1768697100&period_interval=1,1,True,2026-01-17_Oklahoma_City_Thunder_at_Miami_Heat
2026-01-18,2026-01-18 17:00:00+00:00,Orlando Magic,Memphis Grizzlies,109,126,1,17,https://www.basketball-reference.com/leagues/NBA_2026_games-january.html,KXNBAGAME-26JAN18ORLMEM-MEM,KXNBAGAME-26JAN18ORLMEM,Memphis Grizzlies,2026-01-18 20:00:00+00:00,2026-01-16 10:06:00+00:00,1.0,1852538.0,historical,2026-01-18,627,available,0.425,0.42,0.43,0.43,0.010000000000000009,bid_ask_midpoint,2026-01-18T16:45:00+00:00,15.0,328716.0,1323.0,https://api.elections.kalshi.com/trade-api/v2/historical/markets/KXNBAGAME-26JAN18ORLMEM-MEM/candlesticks?start_ts=1768668300&end_ts=1768754700&period_interval=1,1,True,2026-01-18_Orlando_Magic_at_Memphis_Grizzlies
2026-01-18,2026-01-19 00:00:00+00:00,Brooklyn Nets,Chicago Bulls,102,124,1,22,https://www.basketball-reference.com/leagues/NBA_2026_games-january.html,KXNBAGAME-26JAN18BKNCHI-CHI,KXNBAGAME-26JAN18BKNCHI,Chicago Bulls,2026-01-19 03:00:00+00:00,2026-01-16 16:06:00+00:00,1.0,770052.0,historical,2026-01-18,628,available,0.7,0.69,0.71,0.71,0.020000000000000018,bid_ask_midpoint,2026-01-18T23:45:00+00:00,15.0,110758.0,1293.0,https://api.elections.kalshi.com/trade-api/v2/historical/markets/KXNBAGAME-26JAN18BKNCHI-CHI/candlesticks?start_ts=1768693500&end_ts=1768779900&period_interval=1,1,True,2026-01-18_Brooklyn_Nets_at_Chicago_Bulls
2026-01-18,2026-01-19 00:00:00+00:00,New Orleans Pelicans,Houston Rockets,110,119,1,9,https://www.basketball-reference.com/leagues/NBA_2026_games-january.html,KXNBAGAME-26JAN18NOPHOU-HOU,KXNBAGAME-26JAN18NOPHOU,Houston Rockets,2026-01-19 03:00:00+00:00,2026-01-16 16:06:00+00:00,1.0,730039.0,historical,2026-01-18,629,available,0.865,0.86,0.87,0.87,0.010000000000000009,bid_ask_midpoint,2026-01-18T23:45:00+00:00,15.0,185639.0,1326.0,https://api.elections.kalshi.com/trade-api/v2/historical/markets/KXNBAGAME-26JAN18NOPHOU-HOU/candlesticks?start_ts=1768693500&end_ts=1768779900&period_interval=1,1,True,2026-01-18_New_Orleans_Pelicans_at_Houston_Rockets
2026-01-18,2026-01-19 01:00:00+00:00,Charlotte Hornets,Denver Nuggets,110,87,0,-23,https://www.basketball-reference.com/leagues/NBA_2026_games-january.html,KXNBAGAME-26JAN18CHADEN-DEN,KXNBAGAME-26JAN18CHADEN,Denver Nuggets,2026-01-19 04:00:00+00:00,2026-01-16 16:06:00+00:00,0.0,2597744.0,historical,2026-01-18,630,available,0.455,0.45,0.46,0.46,0.010000000000000009,bid_ask_midpoint,2026-01-19T00:45:00+00:00,15.0,575572.0,1385.0,https://api.elections.kalshi.com/trade-api/v2/historical/markets/KXNBAGAME-26JAN18CHADEN-DEN/candlesticks?start_ts=1768697100&end_ts=1768783500&period_interval=1,0,True,2026-01-18_Charlotte_Hornets_at_Denver_Nuggets
2026-01-18,2026-01-19 02:00:00+00:00,Portland Trail Blazers,Sacramento Kings,117,110,0,-7,https://www.basketball-reference.com/leagues/NBA_2026_games-january.html,KXNBAGAME-26JAN18PORSAC-SAC,KXNBAGAME-26JAN18PORSAC,Sacramento Kings,2026-01-19 05:00:00+00:00,2026-01-16 19:06:00+00:00,0.0,4301694.0,historical,2026-01-19,631,available,0.495,0.49,0.5,0.5,0.010000000000000009,bid_ask_midpoint,2026-01-19T01:45:00+00:00,15.0,217277.0,1361.0,https://api.elections.kalshi.com/trade-api/v2/historical/markets/KXNBAGAME-26JAN18PORSAC-SAC/candlesticks?start_ts=1768700700&end_ts=1768787100&period_interval=1,0,True,2026-01-18_Portland_Trail_Blazers_at_Sacramento_Kings
2026-01-19,2026-01-20 03:00:00+00:00,Miami Heat,Golden State Warriors,112,135,1,23,https://www.basketball-reference.com/leagues/NBA_2026_games-january.html,KXNBAGAME-26JAN19MIAGSW-GSW,KXNBAGAME-26JAN19MIAGSW,Golden State Warriors,2026-01-20 06:00:00+00:00,2026-01-17 19:06:00+00:00,1.0,4243336.0,historical,2026-01-20,633,missing,,,,,,,,,,,,1,True,2026-01-19_Miami_Heat_at_Golden_State_Warriors
2026-01-19,2026-01-20 00:30:00+00:00,Phoenix Suns,Brooklyn Nets,126,117,0,-9,https://www.basketball-reference.com/leagues/NBA_2026_games-january.html,KXNBAGAME-26JAN19PHXBKN-BKN,KXNBAGAME-26JAN19PHXBKN,Brooklyn Nets,2026-01-20 03:30:00+00:00,2026-01-17 16:06:00+00:00,0.0,2052909.0,historical,2026-01-19,634,available,0.215,0.21,0.22,0.22,0.010000000000000009,bid_ask_midpoint,2026-01-20T00:15:00+00:00,15.0,165145.0,1284.0,https://api.elections.kalshi.com/trade-api/v2/historical/markets/KXNBAGAME-26JAN19PHXBKN-BKN/candlesticks?start_ts=1768781700&end_ts=1768868100&period_interval=1,0,True,2026-01-19_Phoenix_Suns_at_Brooklyn_Nets
2026-01-19,2026-01-20 00:00:00+00:00,Indiana Pacers,Philadelphia 76ers,104,113,1,9,https://www.basketball-reference.com/leagues/NBA_2026_games-january.html,KXNBAGAME-26JAN19INDPHI-PHI,KXNBAGAME-26JAN19INDPHI,Philadelphia 76ers,2026-01-20 03:00:00+00:00,2026-01-17 16:06:00+00:00,1.0,3175060.0,historical,2026-01-19,635,missing,,,,,,,,,,,,1,True,2026-01-19_Indiana_Pacers_at_Philadelphia_76ers
2026-01-19,2026-01-19 22:00:00+00:00,Utah Jazz,San Antonio Spurs,110,123,1,13,https://www.basketball-reference.com/leagues/NBA_2026_games-january.html,KXNBAGAME-26JAN19UTASAS-SAS,KXNBAGAME-26JAN19UTASAS,San Antonio Spurs,2026-01-20 01:00:00+00:00,2026-01-17 13:06:00+00:00,1.0,1339872.0,historical,2026-01-19,636,missing,,,,,,,,,,,,1,True,2026-01-19_Utah_Jazz_at_San_Antonio_Spurs
2026-01-19,2026-01-20 01:00:00+00:00,Boston Celtics,Detroit Pistons,103,104,1,1,https://www.basketball-reference.com/leagues/NBA_2026_games-january.html,KXNBAGAME-26JAN19BOSDET-DET,KXNBAGAME-26JAN19BOSDET,Detroit Pistons,2026-01-20 04:00:00+00:00,2026-01-17 16:06:00+00:00,1.0,4583002.0,historical,2026-01-19,637,available,0.565,0.56,0.57,0.57,0.009999999999999898,bid_ask_midpoint,2026-01-20T00:45:00+00:00,15.0,373790.0,1381.0,https://api.elections.kalshi.com/trade-api/v2/historical/markets/KXNBAGAME-26JAN19BOSDET-DET/candlesticks?start_ts=1768783500&end_ts=1768869900&period_interval=1,1,True,2026-01-19_Boston_Celtics_at_Detroit_Pistons
2026-01-19,2026-01-19 19:30:00+00:00,Oklahoma City Thunder,Cleveland Cavaliers,136,104,0,-32,https://www.basketball-reference.com/leagues/NBA_2026_games-january.html,KXNBAGAME-26JAN19OKCCLE-CLE,KXNBAGAME-26JAN19OKCCLE,Cleveland Cavaliers,2026-01-19 22:30:00+00:00,2026-01-17 13:06:00+00:00,0.0,2355318.0,historical,2026-01-19,639,available,0.33499999999999996,0.32,0.35,0.35,0.02999999999999997,bid_ask_midpoint,2026-01-19T19:15:00+00:00,15.0,279220.0,1377.0,https://api.elections.kalshi.com/trade-api/v2/historical/markets/KXNBAGAME-26JAN19OKCCLE-CLE/candlesticks?start_ts=1768763700&end_ts=1768850100&period_interval=1,0,True,2026-01-19_Oklahoma_City_Thunder_at_Cleveland_Cavaliers
2026-01-19,2026-01-19 18:00:00+00:00,Milwaukee Bucks,Atlanta Hawks,112,110,0,-2,https://www.basketball-reference.com/leagues/NBA_2026_games-january.html,KXNBAGAME-26JAN19MILATL-ATL,KXNBAGAME-26JAN19MILATL,Atlanta Hawks,2026-01-19 21:00:00+00:00,2026-01-17 10:06:00+00:00,0.0,5155929.0,historical,2026-01-19,640,available,0.525,0.52,0.53,0.53,0.010000000000000009,bid_ask_midpoint,2026-01-19T17:45:00+00:00,15.0,458117.0,1318.0,https://api.elections.kalshi.com/trade-api/v2/historical/markets/KXNBAGAME-26JAN19MILATL-ATL/candlesticks?start_ts=1768758300&end_ts=1768844700&period_interval=1,0,True,2026-01-19_Milwaukee_Bucks_at_Atlanta_Hawks
2026-01-19,2026-01-19 22:00:00+00:00,Dallas Mavericks,New York Knicks,114,97,0,-17,https://www.basketball-reference.com/leagues/NBA_2026_games-january.html,KXNBAGAME-26JAN19DALNYK-NYK,KXNBAGAME-26JAN19DALNYK,New York Knicks,2026-01-20 01:00:00+00:00,2026-01-17 13:06:00+00:00,0.0,3745633.0,historical,2026-01-19,641,available,0.8200000000000001,0.81,0.83,0.83,0.019999999999999907,bid_ask_midpoint,2026-01-19T21:45:00+00:00,15.0,103843.0,1280.0,https://api.elections.kalshi.com/trade-api/v2/historical/markets/KXNBAGAME-26JAN19DALNYK-NYK/candlesticks?start_ts=1768772700&end_ts=1768859100&period_interval=1,0,True,2026-01-19_Dallas_Mavericks_at_New_York_Knicks
2026-01-20,2026-01-21 03:00:00+00:00,Toronto Raptors,Golden State Warriors,145,127,0,-18,https://www.basketball-reference.com/leagues/NBA_2026_games-january.html,KXNBAGAME-26JAN20TORGSW-GSW,KXNBAGAME-26JAN20TORGSW,Golden State Warriors,2026-01-21 06:00:00+00:00,2026-01-18 19:06:00+00:00,0.0,3279713.0,historical,2026-01-21,642,available,0.605,0.6,0.61,0.61,0.010000000000000009,bid_ask_midpoint,2026-01-21T02:45:00+00:00,15.0,259784.0,1397.0,https://api.elections.kalshi.com/trade-api/v2/historical/markets/KXNBAGAME-26JAN20TORGSW-GSW/candlesticks?start_ts=1768877100&end_ts=1768963500&period_interval=1,0,True,2026-01-20_Toronto_Raptors_at_Golden_State_Warriors
2026-01-20,2026-01-21 02:00:00+00:00,Minnesota Timberwolves,Utah Jazz,122,127,1,5,https://www.basketball-reference.com/leagues/NBA_2026_games-january.html,KXNBAGAME-26JAN20MINUTA-UTA,KXNBAGAME-26JAN20MINUTA,Utah Jazz,2026-01-21 05:00:00+00:00,2026-01-18 19:06:00+00:00,1.0,6506108.0,historical,2026-01-21,644,available,0.15000000000000002,0.14,0.16,0.16,0.01999999999999999,bid_ask_midpoint,2026-01-21T01:45:00+00:00,15.0,639454.0,1403.0,https://api.elections.kalshi.com/trade-api/v2/historical/markets/KXNBAGAME-26JAN20MINUTA-UTA/candlesticks?start_ts=1768873500&end_ts=1768959900&period_interval=1,1,True,2026-01-20_Minnesota_Timberwolves_at_Utah_Jazz
2026-01-20,2026-01-21 03:00:00+00:00,Miami Heat,Sacramento Kings,130,117,0,-13,https://www.basketball-reference.com/leagues/NBA_2026_games-january.html,KXNBAGAME-26JAN20MIASAC-SAC,KXNBAGAME-26JAN20MIASAC,Sacramento Kings,2026-01-21 06:00:00+00:00,2026-01-18 19:06:00+00:00,0.0,1797679.0,historical,2026-01-21,645,missing,,,,,,,,,,,,0,True,2026-01-20_Miami_Heat_at_Sacramento_Kings
2026-01-20,2026-01-21 00:00:00+00:00,Phoenix Suns,Philadelphia 76ers,116,110,0,-6,https://www.basketball-reference.com/leagues/NBA_2026_games-january.html,KXNBAGAME-26JAN20PHXPHI-PHI,KXNBAGAME-26JAN20PHXPHI,Philadelphia 76ers,2026-01-21 03:00:00+00:00,2026-01-18 16:06:00+00:00,0.0,3582469.0,historical,2026-01-20,647,available,0.445,0.44,0.45,0.45,0.010000000000000009,bid_ask_midpoint,2026-01-20T23:45:00+00:00,15.0,358174.0,1408.0,https://api.elections.kalshi.com/trade-api/v2/historical/markets/KXNBAGAME-26JAN20PHXPHI-PHI/candlesticks?start_ts=1768866300&end_ts=1768952700&period_interval=1,0,True,2026-01-20_Phoenix_Suns_at_Philadelphia_76ers
2026-01-20,2026-01-21 01:00:00+00:00,San Antonio Spurs,Houston Rockets,106,111,1,5,https://www.basketball-reference.com/leagues/NBA_2026_games-january.html,KXNBAGAME-26JAN20SASHOU-HOU,KXNBAGAME-26JAN20SASHOU,Houston Rockets,2026-01-21 04:00:00+00:00,2026-01-18 16:06:00+00:00,1.0,4023255.0,historical,2026-01-20,648,available,0.61,0.6,0.62,0.62,0.020000000000000018,bid_ask_midpoint,2026-01-21T00:45:00+00:00,15.0,323643.0,1419.0,https://api.elections.kalshi.com/trade-api/v2/historical/markets/KXNBAGAME-26JAN20SASHOU-HOU/candlesticks?start_ts=1768869900&end_ts=1768956300&period_interval=1,1,True,2026-01-20_San_Antonio_Spurs_at_Houston_Rockets
2026-01-21,2026-01-22 00:00:00+00:00,Cleveland Cavaliers,Charlotte Hornets,94,87,0,-7,https://www.basketball-reference.com/leagues/NBA_2026_games-january.html,KXNBAGAME-26JAN21CLECHA-CHA,KXNBAGAME-26JAN21CLECHA,Charlotte Hornets,2026-01-22 03:00:00+00:00,2026-01-19 16:06:00+00:00,0.0,4039892.0,historical,2026-01-21,649,available,0.405,0.4,0.41,0.41,0.009999999999999953,bid_ask_midpoint,2026-01-21T23:45:00+00:00,15.0,562987.0,1335.0,https://api.elections.kalshi.com/trade-api/v2/historical/markets/KXNBAGAME-26JAN21CLECHA-CHA/candlesticks?start_ts=1768952700&end_ts=1769039100&period_interval=1,0,True,2026-01-21_Cleveland_Cavaliers_at_Charlotte_Hornets
2026-01-21,2026-01-22 00:30:00+00:00,Indiana Pacers,Boston Celtics,104,119,1,15,https://www.basketball-reference.com/leagues/NBA_2026_games-january.html,KXNBAGAME-26JAN21INDBOS-BOS,KXNBAGAME-26JAN21INDBOS,Boston Celtics,2026-01-22 03:30:00+00:00,2026-01-19 16:06:00+00:00,1.0,1169922.0,historical,2026-01-21,650,available,0.795,0.79,0.8,0.8,0.010000000000000009,bid_ask_midpoint,2026-01-22T00:15:00+00:00,15.0,378223.0,1386.0,https://api.elections.kalshi.com/trade-api/v2/historical/markets/KXNBAGAME-26JAN21INDBOS-BOS/candlesticks?start_ts=1768954500&end_ts=1769040900&period_interval=1,1,True,2026-01-21_Indiana_Pacers_at_Boston_Celtics
2026-01-21,2026-01-22 00:30:00+00:00,Brooklyn Nets,New York Knicks,66,120,1,54,https://www.basketball-reference.com/leagues/NBA_2026_games-january.html,KXNBAGAME-26JAN21BKNNYK-NYK,KXNBAGAME-26JAN21BKNNYK,New York Knicks,2026-01-22 03:30:00+00:00,2026-01-19 16:06:00+00:00,1.0,704575.0,historical,2026-01-21,651,available,0.845,0.84,0.85,0.85,0.010000000000000009,bid_ask_midpoint,2026-01-22T00:15:00+00:00,15.0,320565.0,1346.0,https://api.elections.kalshi.com/trade-api/v2/historical/markets/KXNBAGAME-26JAN21BKNNYK-NYK/candlesticks?start_ts=1768954500&end_ts=1769040900&period_interval=1,1,True,2026-01-21_Brooklyn_Nets_at_New_York_Knicks
2026-01-21,2026-01-22 01:00:00+00:00,Atlanta Hawks,Memphis Grizzlies,124,122,0,-2,https://www.basketball-reference.com/leagues/NBA_2026_games-january.html,KXNBAGAME-26JAN21ATLMEM-MEM,KXNBAGAME-26JAN21ATLMEM,Memphis Grizzlies,2026-01-22 04:00:00+00:00,2026-01-19 16:06:00+00:00,0.0,4499915.0,historical,2026-01-21,652,available,0.53,0.52,0.54,0.54,0.020000000000000018,bid_ask_midpoint,2026-01-22T00:45:00+00:00,15.0,360267.0,1316.0,https://api.elections.kalshi.com/trade-api/v2/historical/markets/KXNBAGAME-26JAN21ATLMEM-MEM/candlesticks?start_ts=1768956300&end_ts=1769042700&period_interval=1,0,True,2026-01-21_Atlanta_Hawks_at_Memphis_Grizzlies
2026-01-21,2026-01-22 01:00:00+00:00,Detroit Pistons,New Orleans Pelicans,112,104,0,-8,https://www.basketball-reference.com/leagues/NBA_2026_games-january.html,KXNBAGAME-26JAN21DETNOP-NOP,KXNBAGAME-26JAN21DETNOP,New Orleans Pelicans,2026-01-22 04:00:00+00:00,2026-01-19 16:06:00+00:00,0.0,1850688.0,historical,2026-01-21,653,available,0.295,0.29,0.3,0.3,0.010000000000000009,bid_ask_midpoint,2026-01-22T00:45:00+00:00,15.0,292237.0,1326.0,https://api.elections.kalshi.com/trade-api/v2/historical/markets/KXNBAGAME-26JAN21DETNOP-NOP/candlesticks?start_ts=1768956300&end_ts=1769042700&period_interval=1,0,True,2026-01-21_Detroit_Pistons_at_New_Orleans_Pelicans
2026-01-21,2026-01-22 02:30:00+00:00,Oklahoma City Thunder,Milwaukee Bucks,122,102,0,-20,https://www.basketball-reference.com/leagues/NBA_2026_games-january.html,KXNBAGAME-26JAN21OKCMIL-MIL,KXNBAGAME-26JAN21OKCMIL,Milwaukee Bucks,2026-01-22 05:30:00+00:00,2026-01-19 19:07:00+00:00,0.0,2713398.0,historical,2026-01-22,654,available,0.175,0.17,0.18,0.18,0.009999999999999981,bid_ask_midpoint,2026-01-22T02:15:00+00:00,15.0,624867.0,1356.0,https://api.elections.kalshi.com/trade-api/v2/historical/markets/KXNBAGAME-26JAN21OKCMIL-MIL/candlesticks?start_ts=1768961700&end_ts=1769048100&period_interval=1,0,True,2026-01-21_Oklahoma_City_Thunder_at_Milwaukee_Bucks
2026-01-21,2026-01-22 03:00:00+00:00,Toronto Raptors,Sacramento Kings,122,109,0,-13,https://www.basketball-reference.com/leagues/NBA_2026_games-january.html,KXNBAGAME-26JAN21TORSAC-SAC,KXNBAGAME-26JAN21TORSAC,Sacramento Kings,2026-01-22 06:00:00+00:00,2026-01-19 19:07:00+00:00,0.0,5100811.0,historical,2026-01-22,655,available,0.355,0.35,0.36,0.36,0.010000000000000009,bid_ask_midpoint,2026-01-22T02:45:00+00:00,15.0,186797.0,1383.0,https://api.elections.kalshi.com/trade-api/v2/historical/markets/KXNBAGAME-26JAN21TORSAC-SAC/candlesticks?start_ts=1768963500&end_ts=1769049900&period_interval=1,0,True,2026-01-21_Toronto_Raptors_at_Sacramento_Kings
2026-01-22,2026-01-23 03:00:00+00:00,Miami Heat,Portland Trail Blazers,110,127,1,17,https://www.basketball-reference.com/leagues/NBA_2026_games-january.html,KXNBAGAME-26JAN22MIAPOR-POR,KXNBAGAME-26JAN22MIAPOR,Portland Trail Blazers,2026-01-23 06:00:00+00:00,2026-01-20 19:07:00+00:00,1.0,2780851.0,historical,2026-01-23,657,available,0.585,0.58,0.59,0.59,0.010000000000000009,bid_ask_midpoint,2026-01-23T02:45:00+00:00,15.0,369375.0,1220.0,https://api.elections.kalshi.com/trade-api/v2/historical/markets/KXNBAGAME-26JAN22MIAPOR-POR/candlesticks?start_ts=1769049900&end_ts=1769136300&period_interval=1,1,True,2026-01-22_Miami_Heat_at_Portland_Trail_Blazers
2026-01-22,2026-01-23 02:00:00+00:00,San Antonio Spurs,Utah Jazz,126,109,0,-17,https://www.basketball-reference.com/leagues/NBA_2026_games-january.html,KXNBAGAME-26JAN22SASUTA-UTA,KXNBAGAME-26JAN22SASUTA,Utah Jazz,2026-01-23 05:00:00+00:00,2026-01-20 19:07:00+00:00,0.0,6054729.0,historical,2026-01-23,658,available,0.175,0.17,0.18,0.18,0.009999999999999981,bid_ask_midpoint,2026-01-23T01:45:00+00:00,15.0,466692.0,1273.0,https://api.elections.kalshi.com/trade-api/v2/historical/markets/KXNBAGAME-26JAN22SASUTA-UTA/candlesticks?start_ts=1769046300&end_ts=1769132700&period_interval=1,0,True,2026-01-22_San_Antonio_Spurs_at_Utah_Jazz
2026-01-22,2026-01-23 01:00:00+00:00,Chicago Bulls,Minnesota Timberwolves,120,115,0,-5,https://www.basketball-reference.com/leagues/NBA_2026_games-january.html,KXNBAGAME-26JAN22CHIMIN-MIN,KXNBAGAME-26JAN22CHIMIN,Minnesota Timberwolves,2026-01-23 04:00:00+00:00,2026-01-20 16:06:00+00:00,0.0,3990963.0,historical,2026-01-22,659,available,0.765,0.76,0.77,0.77,0.010000000000000009,bid_ask_midpoint,2026-01-23T00:45:00+00:00,15.0,157213.0,1224.0,https://api.elections.kalshi.com/trade-api/v2/historical/markets/KXNBAGAME-26JAN22CHIMIN-MIN/candlesticks?start_ts=1769042700&end_ts=1769129100&period_interval=1,0,True,2026-01-22_Chicago_Bulls_at_Minnesota_Timberwolves
2026-01-22,2026-01-23 00:30:00+00:00,Golden State Warriors,Dallas Mavericks,115,123,1,8,https://www.basketball-reference.com/leagues/NBA_2026_games-january.html,KXNBAGAME-26JAN22GSWDAL-DAL,KXNBAGAME-26JAN22GSWDAL,Dallas Mavericks,2026-01-23 03:30:00+00:00,2026-01-20 16:06:00+00:00,1.0,5147182.0,historical,2026-01-22,660,available,0.315,0.31,0.32,0.32,0.010000000000000009,bid_ask_midpoint,2026-01-23T00:15:00+00:00,15.0,676191.0,1274.0,https://api.elections.kalshi.com/trade-api/v2/historical/markets/KXNBAGAME-26JAN22GSWDAL-DAL/candlesticks?start_ts=1769040900&end_ts=1769127300&period_interval=1,1,True,2026-01-22_Golden_State_Warriors_at_Dallas_Mavericks
2026-01-22,2026-01-23 00:00:00+00:00,Denver Nuggets,Washington Wizards,107,97,0,-10,https://www.basketball-reference.com/leagues/NBA_2026_games-january.html,KXNBAGAME-26JAN22DENWAS-WAS,KXNBAGAME-26JAN22DENWAS,Washington Wizards,2026-01-23 03:00:00+00:00,2026-01-20 16:06:00+00:00,0.0,2362083.0,historical,2026-01-22,661,available,0.305,0.3,0.31,0.31,0.010000000000000009,bid_ask_midpoint,2026-01-22T23:45:00+00:00,15.0,234831.0,1220.0,https://api.elections.kalshi.com/trade-api/v2/historical/markets/KXNBAGAME-26JAN22DENWAS-WAS/candlesticks?start_ts=1769039100&end_ts=1769125500&period_interval=1,0,True,2026-01-22_Denver_Nuggets_at_Washington_Wizards
2026-01-22,2026-01-23 00:00:00+00:00,Houston Rockets,Philadelphia 76ers,122,128,1,6,https://www.basketball-reference.com/leagues/NBA_2026_games-january.html,KXNBAGAME-26JAN22HOUPHI-PHI,KXNBAGAME-26JAN22HOUPHI,Philadelphia 76ers,2026-01-23 03:00:00+00:00,2026-01-20 16:06:00+00:00,1.0,5660619.0,historical,2026-01-22,662,available,0.445,0.44,0.45,0.45,0.010000000000000009,bid_ask_midpoint,2026-01-22T23:45:00+00:00,15.0,506262.0,1215.0,https://api.elections.kalshi.com/trade-api/v2/historical/markets/KXNBAGAME-26JAN22HOUPHI-PHI/candlesticks?start_ts=1769039100&end_ts=1769125500&period_interval=1,1,True,2026-01-22_Houston_Rockets_at_Philadelphia_76ers
2026-01-22,2026-01-23 00:00:00+00:00,Charlotte Hornets,Orlando Magic,124,97,0,-27,https://www.basketball-reference.com/leagues/NBA_2026_games-january.html,KXNBAGAME-26JAN22CHAORL-ORL,KXNBAGAME-26JAN22CHAORL,Orlando Magic,2026-01-23 03:00:00+00:00,2026-01-20 16:06:00+00:00,0.0,2414564.0,historical,2026-01-22,663,missing,,,,,,,,,,,,0,True,2026-01-22_Charlotte_Hornets_at_Orlando_Magic
2026-01-23,2026-01-24 03:00:00+00:00,Toronto Raptors,Portland Trail Blazers,110,98,0,-12,https://www.basketball-reference.com/leagues/NBA_2026_games-january.html,KXNBAGAME-26JAN23TORPOR-POR,KXNBAGAME-26JAN23TORPOR,Portland Trail Blazers,2026-01-24 06:00:00+00:00,2026-01-21 19:06:00+00:00,0.0,4480059.0,historical,2026-01-24,664,available,0.395,0.39,0.4,0.4,0.010000000000000009,bid_ask_midpoint,2026-01-24T02:45:00+00:00,15.0,305907.0,1367.0,https://api.elections.kalshi.com/trade-api/v2/historical/markets/KXNBAGAME-26JAN23TORPOR-POR/candlesticks?start_ts=1769136300&end_ts=1769222700&period_interval=1,0,True,2026-01-23_Toronto_Raptors_at_Portland_Trail_Blazers
2026-01-23,2026-01-24 01:00:00+00:00,Indiana Pacers,Oklahoma City Thunder,117,114,0,-3,https://www.basketball-reference.com/leagues/NBA_2026_games-january.html,KXNBAGAME-26JAN23INDOKC-OKC,KXNBAGAME-26JAN23INDOKC,Oklahoma City Thunder,2026-01-24 04:00:00+00:00,2026-01-21 16:06:00+00:00,0.0,5105776.0,historical,2026-01-23,665,available,0.885,0.88,0.89,0.89,0.010000000000000009,bid_ask_midpoint,2026-01-24T00:45:00+00:00,15.0,498987.0,1316.0,https://api.elections.kalshi.com/trade-api/v2/historical/markets/KXNBAGAME-26JAN23INDOKC-OKC/candlesticks?start_ts=1769129100&end_ts=1769215500&period_interval=1,0,True,2026-01-23_Indiana_Pacers_at_Oklahoma_City_Thunder
2026-01-23,2026-01-24 01:00:00+00:00,New Orleans Pelicans,Memphis Grizzlies,133,127,0,-6,https://www.basketball-reference.com/leagues/NBA_2026_games-january.html,KXNBAGAME-26JAN23NOPMEM-MEM,KXNBAGAME-26JAN23NOPMEM,Memphis Grizzlies,2026-01-24 04:00:00+00:00,2026-01-21 16:06:00+00:00,0.0,1367887.0,historical,2026-01-23,666,available,0.635,0.63,0.64,0.64,0.010000000000000009,bid_ask_midpoint,2026-01-24T00:45:00+00:00,15.0,228723.0,1311.0,https://api.elections.kalshi.com/trade-api/v2/historical/markets/KXNBAGAME-26JAN23NOPMEM-MEM/candlesticks?start_ts=1769129100&end_ts=1769215500&period_interval=1,0,True,2026-01-23_New_Orleans_Pelicans_at_Memphis_Grizzlies
2026-01-23,2026-01-24 02:30:00+00:00,Denver Nuggets,Milwaukee Bucks,102,100,0,-2,https://www.basketball-reference.com/leagues/NBA_2026_games-january.html,KXNBAGAME-26JAN23DENMIL-MIL,KXNBAGAME-26JAN23DENMIL,Milwaukee Bucks,2026-01-24 05:30:00+00:00,2026-01-21 19:06:00+00:00,0.0,5292188.0,historical,2026-01-24,667,available,0.725,0.72,0.73,0.73,0.010000000000000009,bid_ask_midpoint,2026-01-24T02:15:00+00:00,15.0,198825.0,1343.0,https://api.elections.kalshi.com/trade-api/v2/historical/markets/KXNBAGAME-26JAN23DENMIL-MIL/candlesticks?start_ts=1769134500&end_ts=1769220900&period_interval=1,0,True,2026-01-23_Denver_Nuggets_at_Milwaukee_Bucks
2026-01-23,2026-01-24 00:30:00+00:00,Boston Celtics,Brooklyn Nets,130,126,0,-4,https://www.basketball-reference.com/leagues/NBA_2026_games-january.html,KXNBAGAME-26JAN23BOSBKN-BKN,KXNBAGAME-26JAN23BOSBKN,Brooklyn Nets,2026-01-24 03:30:00+00:00,2026-01-21 16:06:00+00:00,0.0,5357968.0,historical,2026-01-23,668,available,0.245,0.24,0.25,0.25,0.010000000000000009,bid_ask_midpoint,2026-01-24T00:15:00+00:00,15.0,181295.0,1301.0,https://api.elections.kalshi.com/trade-api/v2/historical/markets/KXNBAGAME-26JAN23BOSBKN-BKN/candlesticks?start_ts=1769127300&end_ts=1769213700&period_interval=1,0,True,2026-01-23_Boston_Celtics_at_Brooklyn_Nets
2026-01-23,2026-01-24 00:30:00+00:00,Phoenix Suns,Atlanta Hawks,103,110,1,7,https://www.basketball-reference.com/leagues/NBA_2026_games-january.html,KXNBAGAME-26JAN23PHXATL-ATL,KXNBAGAME-26JAN23PHXATL,Atlanta Hawks,2026-01-24 03:30:00+00:00,2026-01-21 16:06:00+00:00,1.0,1555888.0,historical,2026-01-23,669,available,0.415,0.41,0.42,0.42,0.010000000000000009,bid_ask_midpoint,2026-01-24T00:15:00+00:00,15.0,100558.0,1358.0,https://api.elections.kalshi.com/trade-api/v2/historical/markets/KXNBAGAME-26JAN23PHXATL-ATL/candlesticks?start_ts=1769127300&end_ts=1769213700&period_interval=1,1,True,2026-01-23_Phoenix_Suns_at_Atlanta_Hawks
2026-01-23,2026-01-24 00:00:00+00:00,Houston Rockets,Detroit Pistons,111,104,0,-7,https://www.basketball-reference.com/leagues/NBA_2026_games-january.html,KXNBAGAME-26JAN23HOUDET-DET,KXNBAGAME-26JAN23HOUDET,Detroit Pistons,2026-01-24 03:00:00+00:00,2026-01-21 16:06:00+00:00,0.0,6913336.0,historical,2026-01-23,670,missing,,,,,,,,,,,,0,True,2026-01-23_Houston_Rockets_at_Detroit_Pistons
2026-01-23,2026-01-24 00:30:00+00:00,Sacramento Kings,Cleveland Cavaliers,118,123,1,5,https://www.basketball-reference.com/leagues/NBA_2026_games-january.html,KXNBAGAME-26JAN23SACCLE-CLE,KXNBAGAME-26JAN23SACCLE,Cleveland Cavaliers,2026-01-24 03:30:00+00:00,2026-01-21 16:06:00+00:00,1.0,1005980.0,historical,2026-01-23,671,available,0.825,0.82,0.83,0.83,0.010000000000000009,bid_ask_midpoint,2026-01-24T00:15:00+00:00,15.0,101506.0,1299.0,https://api.elections.kalshi.com/trade-api/v2/historical/markets/KXNBAGAME-26JAN23SACCLE-CLE/candlesticks?start_ts=1769127300&end_ts=1769213700&period_interval=1,1,True,2026-01-23_Sacramento_Kings_at_Cleveland_Cavaliers
2026-01-24,2026-01-24 20:00:00+00:00,New York Knicks,Philadelphia 76ers,112,109,0,-3,https://www.basketball-reference.com/leagues/NBA_2026_games-january.html,KXNBAGAME-26JAN24NYKPHI-PHI,KXNBAGAME-26JAN24NYKPHI,Philadelphia 76ers,2026-01-24 23:00:00+00:00,2026-01-22 13:07:00+00:00,0.0,7356169.0,historical,2026-01-24,673,available,0.505,0.5,0.51,0.51,0.010000000000000009,bid_ask_midpoint,2026-01-24T19:45:00+00:00,15.0,548994.0,1248.0,https://api.elections.kalshi.com/trade-api/v2/historical/markets/KXNBAGAME-26JAN24NYKPHI-PHI/candlesticks?start_ts=1769197500&end_ts=1769283900&period_interval=1,0,True,2026-01-24_New_York_Knicks_at_Philadelphia_76ers
2026-01-24,2026-01-25 00:00:00+00:00,Cleveland Cavaliers,Orlando Magic,119,105,0,-14,https://www.basketball-reference.com/leagues/NBA_2026_games-january.html,KXNBAGAME-26JAN24CLEORL-ORL,KXNBAGAME-26JAN24CLEORL,Orlando Magic,2026-01-25 03:00:00+00:00,2026-01-22 16:06:00+00:00,0.0,3892287.0,historical,2026-01-24,674,available,0.525,0.52,0.53,0.53,0.010000000000000009,bid_ask_midpoint,2026-01-24T23:45:00+00:00,15.0,365438.0,1226.0,https://api.elections.kalshi.com/trade-api/v2/historical/markets/KXNBAGAME-26JAN24CLEORL-ORL/candlesticks?start_ts=1769211900&end_ts=1769298300&period_interval=1,0,True,2026-01-24_Cleveland_Cavaliers_at_Orlando_Magic
2026-01-24,2026-01-25 01:00:00+00:00,Boston Celtics,Chicago Bulls,111,114,1,3,https://www.basketball-reference.com/leagues/NBA_2026_games-january.html,KXNBAGAME-26JAN24BOSCHI-CHI,KXNBAGAME-26JAN24BOSCHI,Chicago Bulls,2026-01-25 04:00:00+00:00,2026-01-22 16:06:00+00:00,1.0,4525583.0,historical,2026-01-24,675,available,0.415,0.41,0.42,0.42,0.010000000000000009,bid_ask_midpoint,2026-01-25T00:45:00+00:00,15.0,417221.0,1247.0,https://api.elections.kalshi.com/trade-api/v2/historical/markets/KXNBAGAME-26JAN24BOSCHI-CHI/candlesticks?start_ts=1769215500&end_ts=1769301900&period_interval=1,1,True,2026-01-24_Boston_Celtics_at_Chicago_Bulls
2026-01-24,2026-01-25 02:30:00+00:00,Miami Heat,Utah Jazz,147,116,0,-31,https://www.basketball-reference.com/leagues/NBA_2026_games-january.html,KXNBAGAME-26JAN24MIAUTA-UTA,KXNBAGAME-26JAN24MIAUTA,Utah Jazz,2026-01-25 05:30:00+00:00,2026-01-22 19:06:00+00:00,0.0,2869954.0,historical,2026-01-25,677,available,0.315,0.31,0.32,0.32,0.010000000000000009,bid_ask_midpoint,2026-01-25T02:15:00+00:00,15.0,186348.0,1233.0,https://api.elections.kalshi.com/trade-api/v2/historical/markets/KXNBAGAME-26JAN24MIAUTA-UTA/candlesticks?start_ts=1769220900&end_ts=1769307300&period_interval=1,0,True,2026-01-24_Miami_Heat_at_Utah_Jazz
2026-01-25,2026-01-26 01:00:00+00:00,Miami Heat,Phoenix Suns,111,102,0,-9,https://www.basketball-reference.com/leagues/NBA_2026_games-january.html,KXNBAGAME-26JAN25MIAPHX-PHX,KXNBAGAME-26JAN25MIAPHX,Phoenix Suns,2026-01-26 04:00:00+00:00,2026-01-23 16:06:00+00:00,0.0,4512782.0,historical,2026-01-25,678,available,0.625,0.62,0.63,0.63,0.010000000000000009,bid_ask_midpoint,2026-01-26T00:45:00+00:00,15.0,133026.0,1299.0,https://api.elections.kalshi.com/trade-api/v2/historical/markets/KXNBAGAME-26JAN25MIAPHX-PHX/candlesticks?start_ts=1769301900&end_ts=1769388300&period_interval=1,0,True,2026-01-25_Miami_Heat_at_Phoenix_Suns
2026-01-25,2026-01-26 00:00:00+00:00,New Orleans Pelicans,San Antonio Spurs,104,95,0,-9,https://www.basketball-reference.com/leagues/NBA_2026_games-january.html,KXNBAGAME-26JAN25NOPSAS-SAS,KXNBAGAME-26JAN25NOPSAS,San Antonio Spurs,2026-01-26 03:00:00+00:00,2026-01-23 16:06:00+00:00,0.0,4050491.0,historical,2026-01-25,680,missing,,,,,,,,,,,,0,True,2026-01-25_New_Orleans_Pelicans_at_San_Antonio_Spurs
2026-01-25,2026-01-26 00:00:00+00:00,Toronto Raptors,Oklahoma City Thunder,103,101,0,-2,https://www.basketball-reference.com/leagues/NBA_2026_games-january.html,KXNBAGAME-26JAN25TOROKC-OKC,KXNBAGAME-26JAN25TOROKC,Oklahoma City Thunder,2026-01-26 03:00:00+00:00,2026-01-23 16:06:00+00:00,0.0,3057326.0,historical,2026-01-25,681,available,0.815,0.81,0.82,0.81,0.009999999999999898,bid_ask_midpoint,2026-01-25T23:45:00+00:00,15.0,184916.0,1290.0,https://api.elections.kalshi.com/trade-api/v2/historical/markets/KXNBAGAME-26JAN25TOROKC-OKC/candlesticks?start_ts=1769298300&end_ts=1769384700&period_interval=1,0,True,2026-01-25_Toronto_Raptors_at_Oklahoma_City_Thunder
2026-01-25,2026-01-25 20:00:00+00:00,Sacramento Kings,Detroit Pistons,116,139,1,23,https://www.basketball-reference.com/leagues/NBA_2026_games-january.html,KXNBAGAME-26JAN25SACDET-DET,KXNBAGAME-26JAN25SACDET,Detroit Pistons,2026-01-25 23:00:00+00:00,2026-01-23 13:06:00+00:00,1.0,1165871.0,historical,2026-01-25,683,available,0.845,0.84,0.85,0.85,0.010000000000000009,bid_ask_midpoint,2026-01-25T19:45:00+00:00,15.0,316126.0,1241.0,https://api.elections.kalshi.com/trade-api/v2/historical/markets/KXNBAGAME-26JAN25SACDET-DET/candlesticks?start_ts=1769283900&end_ts=1769370300&period_interval=1,1,True,2026-01-25_Sacramento_Kings_at_Detroit_Pistons
2026-01-26,2026-01-26 20:00:00+00:00,Philadelphia 76ers,Charlotte Hornets,93,130,1,37,https://www.basketball-reference.com/leagues/NBA_2026_games-january.html,KXNBAGAME-26JAN26PHICHA-CHA,KXNBAGAME-26JAN26PHICHA,Charlotte Hornets,2026-01-27 03:00:00+00:00,2026-01-24 16:06:00+00:00,1.0,3293831.0,historical,2026-01-26,685,available,0.535,0.53,0.54,0.55,0.010000000000000009,bid_ask_midpoint,2026-01-26T19:45:00+00:00,15.0,415057.0,1302.0,https://api.elections.kalshi.com/trade-api/v2/historical/markets/KXNBAGAME-26JAN26PHICHA-CHA/candlesticks?start_ts=1769370300&end_ts=1769456700&period_interval=1,1,True,2026-01-26_Philadelphia_76ers_at_Charlotte_Hornets
2026-01-26,2026-01-27 00:00:00+00:00,Orlando Magic,Cleveland Cavaliers,98,114,1,16,https://www.basketball-reference.com/leagues/NBA_2026_games-january.html,KXNBAGAME-26JAN26ORLCLE-CLE,KXNBAGAME-26JAN26ORLCLE,Cleveland Cavaliers,2026-01-27 03:00:00+00:00,2026-01-24 16:06:00+00:00,1.0,4342924.0,historical,2026-01-26,686,available,0.665,0.66,0.67,0.66,0.010000000000000009,bid_ask_midpoint,2026-01-26T23:45:00+00:00,15.0,742098.0,1341.0,https://api.elections.kalshi.com/trade-api/v2/historical/markets/KXNBAGAME-26JAN26ORLCLE-CLE/candlesticks?start_ts=1769384700&end_ts=1769471100&period_interval=1,1,True,2026-01-26_Orlando_Magic_at_Cleveland_Cavaliers
2026-01-26,2026-01-27 01:00:00+00:00,Portland Trail Blazers,Boston Celtics,94,102,1,8,https://www.basketball-reference.com/leagues/NBA_2026_games-january.html,KXNBAGAME-26JAN26PORBOS-BOS,KXNBAGAME-26JAN26PORBOS,Boston Celtics,2026-01-27 04:00:00+00:00,2026-01-24 16:06:00+00:00,1.0,1566875.0,historical,2026-01-26,687,available,0.755,0.75,0.76,0.76,0.010000000000000009,bid_ask_midpoint,2026-01-27T00:45:00+00:00,15.0,190121.0,1312.0,https://api.elections.kalshi.com/trade-api/v2/historical/markets/KXNBAGAME-26JAN26PORBOS-BOS/candlesticks?start_ts=1769388300&end_ts=1769474700&period_interval=1,1,True,2026-01-26_Portland_Trail_Blazers_at_Boston_Celtics
2026-01-26,2026-01-27 01:00:00+00:00,Memphis Grizzlies,Houston Rockets,99,108,1,9,https://www.basketball-reference.com/leagues/NBA_2026_games-january.html,KXNBAGAME-26JAN26MEMHOU-HOU,KXNBAGAME-26JAN26MEMHOU,Houston Rockets,2026-01-27 04:00:00+00:00,2026-01-24 16:06:00+00:00,1.0,3020696.0,historical,2026-01-26,689,missing,,,,,,,,,,,,1,True,2026-01-26_Memphis_Grizzlies_at_Houston_Rockets
2026-01-26,2026-01-27 02:30:00+00:00,Golden State Warriors,Minnesota Timberwolves,83,108,1,25,https://www.basketball-reference.com/leagues/NBA_2026_games-january.html,KXNBAGAME-26JAN26GSWMIN-MIN,KXNBAGAME-26JAN26GSWMIN,Minnesota Timberwolves,2026-01-27 05:30:00+00:00,2026-01-24 19:06:00+00:00,1.0,3457785.0,historical,2026-01-27,690,available,0.725,0.72,0.73,0.73,0.010000000000000009,bid_ask_midpoint,2026-01-27T02:15:00+00:00,15.0,400631.0,1344.0,https://api.elections.kalshi.com/trade-api/v2/historical/markets/KXNBAGAME-26JAN26GSWMIN-MIN/candlesticks?start_ts=1769393700&end_ts=1769480100&period_interval=1,1,True,2026-01-26_Golden_State_Warriors_at_Minnesota_Timberwolves
2026-01-27,2026-01-28 02:00:00+00:00,Brooklyn Nets,Phoenix Suns,102,106,1,4,https://www.basketball-reference.com/leagues/NBA_2026_games-january.html,KXNBAGAME-26JAN27BKNPHX-PHX,KXNBAGAME-26JAN27BKNPHX,Phoenix Suns,2026-01-28 05:00:00+00:00,2026-01-25 19:06:00+00:00,1.0,3728055.0,historical,2026-01-28,692,missing,,,,,,,,,,,,1,True,2026-01-27_Brooklyn_Nets_at_Phoenix_Suns
2026-01-27,2026-01-28 02:00:00+00:00,Detroit Pistons,Denver Nuggets,109,107,0,-2,https://www.basketball-reference.com/leagues/NBA_2026_games-january.html,KXNBAGAME-26JAN27DETDEN-DEN,KXNBAGAME-26JAN27DETDEN,Denver Nuggets,2026-01-28 05:00:00+00:00,2026-01-25 19:06:00+00:00,0.0,5199710.0,historical,2026-01-28,693,available,0.295,0.29,0.3,0.3,0.010000000000000009,bid_ask_midpoint,2026-01-28T01:45:00+00:00,15.0,561352.0,1368.0,https://api.elections.kalshi.com/trade-api/v2/historical/markets/KXNBAGAME-26JAN27DETDEN-DEN/candlesticks?start_ts=1769478300&end_ts=1769564700&period_interval=1,0,True,2026-01-27_Detroit_Pistons_at_Denver_Nuggets
2026-01-27,2026-01-28 00:00:00+00:00,Portland Trail Blazers,Washington Wizards,111,115,1,4,https://www.basketball-reference.com/leagues/NBA_2026_games-january.html,KXNBAGAME-26JAN27PORWAS-WAS,KXNBAGAME-26JAN27PORWAS,Washington Wizards,2026-01-28 03:00:00+00:00,2026-01-25 16:06:00+00:00,1.0,3047278.0,historical,2026-01-27,694,available,0.315,0.31,0.32,0.32,0.010000000000000009,bid_ask_midpoint,2026-01-27T23:45:00+00:00,15.0,276081.0,1343.0,https://api.elections.kalshi.com/trade-api/v2/historical/markets/KXNBAGAME-26JAN27PORWAS-WAS/candlesticks?start_ts=1769471100&end_ts=1769557500&period_interval=1,1,True,2026-01-27_Portland_Trail_Blazers_at_Washington_Wizards
2026-01-27,2026-01-28 01:00:00+00:00,New Orleans Pelicans,Oklahoma City Thunder,95,104,1,9,https://www.basketball-reference.com/leagues/NBA_2026_games-january.html,KXNBAGAME-26JAN27NOPOKC-OKC,KXNBAGAME-26JAN27NOPOKC,Oklahoma City Thunder,2026-01-28 04:00:00+00:00,2026-01-25 16:06:00+00:00,1.0,1785386.0,historical,2026-01-27,695,available,0.865,0.86,0.87,0.87,0.010000000000000009,bid_ask_midpoint,2026-01-28T00:45:00+00:00,15.0,290798.0,1376.0,https://api.elections.kalshi.com/trade-api/v2/historical/markets/KXNBAGAME-26JAN27NOPOKC-OKC/candlesticks?start_ts=1769474700&end_ts=1769561100&period_interval=1,1,True,2026-01-27_New_Orleans_Pelicans_at_Oklahoma_City_Thunder
2026-01-27,2026-01-28 00:30:00+00:00,Sacramento Kings,New York Knicks,87,103,1,16,https://www.basketball-reference.com/leagues/NBA_2026_games-january.html,KXNBAGAME-26JAN27SACNYK-NYK,KXNBAGAME-26JAN27SACNYK,New York Knicks,2026-01-28 03:30:00+00:00,2026-01-25 16:06:00+00:00,1.0,1963118.0,historical,2026-01-27,696,available,0.875,0.87,0.88,0.87,0.010000000000000009,bid_ask_midpoint,2026-01-28T00:15:00+00:00,15.0,313541.0,1319.0,https://api.elections.kalshi.com/trade-api/v2/historical/markets/KXNBAGAME-26JAN27SACNYK-NYK/candlesticks?start_ts=1769472900&end_ts=1769559300&period_interval=1,1,True,2026-01-27_Sacramento_Kings_at_New_York_Knicks
2026-01-27,2026-01-28 01:00:00+00:00,Milwaukee Bucks,Philadelphia 76ers,122,139,1,17,https://www.basketball-reference.com/leagues/NBA_2026_games-january.html,KXNBAGAME-26JAN27MILPHI-PHI,KXNBAGAME-26JAN27MILPHI,Philadelphia 76ers,2026-01-28 04:00:00+00:00,2026-01-25 16:06:00+00:00,1.0,1335877.0,historical,2026-01-27,697,available,0.775,0.77,0.78,0.78,0.010000000000000009,bid_ask_midpoint,2026-01-28T00:45:00+00:00,15.0,123572.0,1274.0,https://api.elections.kalshi.com/trade-api/v2/historical/markets/KXNBAGAME-26JAN27MILPHI-PHI/candlesticks?start_ts=1769474700&end_ts=1769561100&period_interval=1,1,True,2026-01-27_Milwaukee_Bucks_at_Philadelphia_76ers
2026-01-28,2026-01-29 01:30:00+00:00,Minnesota Timberwolves,Dallas Mavericks,118,105,0,-13,https://www.basketball-reference.com/leagues/NBA_2026_games-january.html,KXNBAGAME-26JAN28MINDAL-DAL,KXNBAGAME-26JAN28MINDAL,Dallas Mavericks,2026-01-29 04:30:00+00:00,2026-01-26 19:06:00+00:00,0.0,2033982.0,historical,2026-01-28,698,available,0.255,0.25,0.26,0.26,0.010000000000000009,bid_ask_midpoint,2026-01-29T01:15:00+00:00,15.0,150664.0,1271.0,https://api.elections.kalshi.com/trade-api/v2/historical/markets/KXNBAGAME-26JAN28MINDAL-DAL/candlesticks?start_ts=1769562900&end_ts=1769649300&period_interval=1,0,True,2026-01-28_Minnesota_Timberwolves_at_Dallas_Mavericks
2026-01-28,2026-01-29 02:30:00+00:00,San Antonio Spurs,Houston Rockets,111,99,0,-12,https://www.basketball-reference.com/leagues/NBA_2026_games-january.html,KXNBAGAME-26JAN28SASHOU-HOU,KXNBAGAME-26JAN28SASHOU,Houston Rockets,2026-01-29 05:30:00+00:00,2026-01-26 19:06:00+00:00,0.0,5604934.0,historical,2026-01-29,699,available,0.565,0.56,0.57,0.57,0.009999999999999898,bid_ask_midpoint,2026-01-29T02:15:00+00:00,15.0,159337.0,1285.0,https://api.elections.kalshi.com/trade-api/v2/historical/markets/KXNBAGAME-26JAN28SASHOU-HOU/candlesticks?start_ts=1769566500&end_ts=1769652900&period_interval=1,0,True,2026-01-28_San_Antonio_Spurs_at_Houston_Rockets
2026-01-28,2026-01-29 02:00:00+00:00,Golden State Warriors,Utah Jazz,140,124,0,-16,https://www.basketball-reference.com/leagues/NBA_2026_games-january.html,KXNBAGAME-26JAN28GSWUTA-UTA,KXNBAGAME-26JAN28GSWUTA,Utah Jazz,2026-01-29 05:00:00+00:00,2026-01-26 19:06:00+00:00,0.0,2506271.0,historical,2026-01-29,700,missing,,,,,,,,,,,,0,True,2026-01-28_Golden_State_Warriors_at_Utah_Jazz
2026-01-28,2026-01-29 01:00:00+00:00,Charlotte Hornets,Memphis Grizzlies,112,97,0,-15,https://www.basketball-reference.com/leagues/NBA_2026_games-january.html,KXNBAGAME-26JAN28CHAMEM-MEM,KXNBAGAME-26JAN28CHAMEM,Memphis Grizzlies,2026-01-29 04:00:00+00:00,2026-01-26 16:06:00+00:00,0.0,781226.0,historical,2026-01-28,701,available,0.455,0.45,0.46,,0.010000000000000009,bid_ask_midpoint,2026-01-29T00:45:00+00:00,15.0,130195.0,1226.0,https://api.elections.kalshi.com/trade-api/v2/historical/markets/KXNBAGAME-26JAN28CHAMEM-MEM/candlesticks?start_ts=1769561100&end_ts=1769647500&period_interval=1,0,True,2026-01-28_Charlotte_Hornets_at_Memphis_Grizzlies
2026-01-28,2026-01-29 00:30:00+00:00,Atlanta Hawks,Boston Celtics,117,106,0,-11,https://www.basketball-reference.com/leagues/NBA_2026_games-january.html,KXNBAGAME-26JAN28ATLBOS-BOS,KXNBAGAME-26JAN28ATLBOS,Boston Celtics,2026-01-29 03:30:00+00:00,2026-01-26 16:06:00+00:00,0.0,3758127.0,historical,2026-01-28,702,available,0.655,0.65,0.66,0.66,0.010000000000000009,bid_ask_midpoint,2026-01-29T00:15:00+00:00,15.0,377757.0,1335.0,https://api.elections.kalshi.com/trade-api/v2/historical/markets/KXNBAGAME-26JAN28ATLBOS-BOS/candlesticks?start_ts=1769559300&end_ts=1769645700&period_interval=1,0,True,2026-01-28_Atlanta_Hawks_at_Boston_Celtics
2026-01-28,2026-01-29 00:30:00+00:00,Orlando Magic,Miami Heat,133,124,0,-9,https://www.basketball-reference.com/leagues/NBA_2026_games-january.html,KXNBAGAME-26JAN28ORLMIA-MIA,KXNBAGAME-26JAN28ORLMIA,Miami Heat,2026-01-29 03:30:00+00:00,2026-01-26 16:06:00+00:00,0.0,1806132.0,historical,2026-01-28,703,available,0.585,0.58,0.59,0.59,0.010000000000000009,bid_ask_midpoint,2026-01-29T00:15:00+00:00,15.0,163014.0,1257.0,https://api.elections.kalshi.com/trade-api/v2/historical/markets/KXNBAGAME-26JAN28ORLMIA-MIA/candlesticks?start_ts=1769559300&end_ts=1769645700&period_interval=1,0,True,2026-01-28_Orlando_Magic_at_Miami_Heat
2026-01-28,2026-01-29 00:00:00+00:00,Chicago Bulls,Indiana Pacers,110,113,1,3,https://www.basketball-reference.com/leagues/NBA_2026_games-january.html,KXNBAGAME-26JAN28CHIIND-IND,KXNBAGAME-26JAN28CHIIND,Indiana Pacers,2026-01-29 03:00:00+00:00,2026-01-26 16:06:00+00:00,1.0,2079408.0,historical,2026-01-28,704,available,0.455,0.45,0.46,0.46,0.010000000000000009,bid_ask_midpoint,2026-01-28T23:45:00+00:00,15.0,187214.0,1289.0,https://api.elections.kalshi.com/trade-api/v2/historical/markets/KXNBAGAME-26JAN28CHIIND-IND/candlesticks?start_ts=1769557500&end_ts=1769643900&period_interval=1,1,True,2026-01-28_Chicago_Bulls_at_Indiana_Pacers
2026-01-28,2026-01-29 00:30:00+00:00,New York Knicks,Toronto Raptors,119,92,0,-27,https://www.basketball-reference.com/leagues/NBA_2026_games-january.html,KXNBAGAME-26JAN28NYKTOR-TOR,KXNBAGAME-26JAN28NYKTOR,Toronto Raptors,2026-01-29 03:30:00+00:00,2026-01-26 16:06:00+00:00,0.0,1510413.0,historical,2026-01-28,706,missing,,,,,,,,,,,,0,True,2026-01-28_New_York_Knicks_at_Toronto_Raptors
2026-01-29,2026-01-30 00:00:00+00:00,Sacramento Kings,Philadelphia 76ers,111,113,1,2,https://www.basketball-reference.com/leagues/NBA_2026_games-january.html,KXNBAGAME-26JAN29SACPHI-PHI,KXNBAGAME-26JAN29SACPHI,Philadelphia 76ers,2026-01-30 03:00:00+00:00,2026-01-27 16:06:00+00:00,1.0,4637327.0,historical,2026-01-29,707,available,0.775,0.77,0.78,0.78,0.010000000000000009,bid_ask_midpoint,2026-01-29T23:45:00+00:00,15.0,469546.0,1203.0,https://api.elections.kalshi.com/trade-api/v2/historical/markets/KXNBAGAME-26JAN29SACPHI-PHI/candlesticks?start_ts=1769643900&end_ts=1769730300&period_interval=1,1,True,2026-01-29_Sacramento_Kings_at_Philadelphia_76ers
2026-01-29,2026-01-30 00:00:00+00:00,Milwaukee Bucks,Washington Wizards,99,109,1,10,https://www.basketball-reference.com/leagues/NBA_2026_games-january.html,KXNBAGAME-26JAN29MILWAS-WAS,KXNBAGAME-26JAN29MILWAS,Washington Wizards,2026-01-30 03:00:00+00:00,2026-01-27 16:06:00+00:00,1.0,2898508.0,historical,2026-01-29,708,available,0.46499999999999997,0.46,0.47,0.47,0.009999999999999953,bid_ask_midpoint,2026-01-29T23:45:00+00:00,15.0,321466.0,1241.0,https://api.elections.kalshi.com/trade-api/v2/historical/markets/KXNBAGAME-26JAN29MILWAS-WAS/candlesticks?start_ts=1769643900&end_ts=1769730300&period_interval=1,1,True,2026-01-29_Milwaukee_Bucks_at_Washington_Wizards
2026-01-29,2026-01-30 01:00:00+00:00,Houston Rockets,Atlanta Hawks,104,86,0,-18,https://www.basketball-reference.com/leagues/NBA_2026_games-january.html,KXNBAGAME-26JAN29HOUATL-ATL,KXNBAGAME-26JAN29HOUATL,Atlanta Hawks,2026-01-30 04:00:00+00:00,2026-01-27 16:06:00+00:00,0.0,2241376.0,historical,2026-01-29,709,available,0.305,0.3,0.31,0.31,0.010000000000000009,bid_ask_midpoint,2026-01-30T00:45:00+00:00,15.0,271740.0,1227.0,https://api.elections.kalshi.com/trade-api/v2/historical/markets/KXNBAGAME-26JAN29HOUATL-ATL/candlesticks?start_ts=1769647500&end_ts=1769733900&period_interval=1,0,True,2026-01-29_Houston_Rockets_at_Atlanta_Hawks
2026-01-29,2026-01-30 01:00:00+00:00,Miami Heat,Chicago Bulls,116,113,0,-3,https://www.basketball-reference.com/leagues/NBA_2026_games-january.html,KXNBAGAME-26JAN29MIACHI-CHI,KXNBAGAME-26JAN29MIACHI,Chicago Bulls,2026-01-30 04:00:00+00:00,2026-01-27 16:06:00+00:00,0.0,2963617.0,historical,2026-01-29,710,available,0.455,0.45,0.46,0.46,0.010000000000000009,bid_ask_midpoint,2026-01-30T00:45:00+00:00,15.0,153490.0,1167.0,https://api.elections.kalshi.com/trade-api/v2/historical/markets/KXNBAGAME-26JAN29MIACHI-CHI/candlesticks?start_ts=1769647500&end_ts=1769733900&period_interval=1,0,True,2026-01-29_Miami_Heat_at_Chicago_Bulls
2026-01-29,2026-01-30 01:30:00+00:00,Charlotte Hornets,Dallas Mavericks,123,121,0,-2,https://www.basketball-reference.com/leagues/NBA_2026_games-january.html,KXNBAGAME-26JAN29CHADAL-DAL,KXNBAGAME-26JAN29CHADAL,Dallas Mavericks,2026-01-30 04:30:00+00:00,2026-01-27 19:06:00+00:00,0.0,2999880.0,historical,2026-01-29,711,available,0.43,0.42,0.44,0.44,0.020000000000000018,bid_ask_midpoint,2026-01-30T01:15:00+00:00,15.0,229387.0,1165.0,https://api.elections.kalshi.com/trade-api/v2/historical/markets/KXNBAGAME-26JAN29CHADAL-DAL/candlesticks?start_ts=1769649300&end_ts=1769735700&period_interval=1,0,True,2026-01-29_Charlotte_Hornets_at_Dallas_Mavericks
2026-01-29,2026-01-30 02:00:00+00:00,Brooklyn Nets,Denver Nuggets,103,107,1,4,https://www.basketball-reference.com/leagues/NBA_2026_games-january.html,KXNBAGAME-26JAN29BKNDEN-DEN,KXNBAGAME-26JAN29BKNDEN,Denver Nuggets,2026-01-30 05:00:00+00:00,2026-01-27 19:06:00+00:00,1.0,2122550.0,historical,2026-01-30,712,available,0.695,0.69,0.7,0.7,0.010000000000000009,bid_ask_midpoint,2026-01-30T01:45:00+00:00,15.0,342871.0,1273.0,https://api.elections.kalshi.com/trade-api/v2/historical/markets/KXNBAGAME-26JAN29BKNDEN-DEN/candlesticks?start_ts=1769651100&end_ts=1769737500&period_interval=1,1,True,2026-01-29_Brooklyn_Nets_at_Denver_Nuggets
2026-01-29,2026-01-30 02:00:00+00:00,Detroit Pistons,Phoenix Suns,96,114,1,18,https://www.basketball-reference.com/leagues/NBA_2026_games-january.html,KXNBAGAME-26JAN29DETPHX-PHX,KXNBAGAME-26JAN29DETPHX,Phoenix Suns,2026-01-30 05:00:00+00:00,2026-01-27 19:06:00+00:00,1.0,1733482.0,historical,2026-01-30,713,available,0.415,0.41,0.42,0.42,0.010000000000000009,bid_ask_midpoint,2026-01-30T01:45:00+00:00,15.0,130652.0,1187.0,https://api.elections.kalshi.com/trade-api/v2/historical/markets/KXNBAGAME-26JAN29DETPHX-PHX/candlesticks?start_ts=1769651100&end_ts=1769737500&period_interval=1,1,True,2026-01-29_Detroit_Pistons_at_Phoenix_Suns
2026-01-29,2026-01-30 02:30:00+00:00,Oklahoma City Thunder,Minnesota Timberwolves,111,123,1,12,https://www.basketball-reference.com/leagues/NBA_2026_games-january.html,KXNBAGAME-26JAN29OKCMIN-MIN,KXNBAGAME-26JAN29OKCMIN,Minnesota Timberwolves,2026-01-30 05:30:00+00:00,2026-01-27 19:06:00+00:00,1.0,3904325.0,historical,2026-01-30,714,available,0.365,0.36,0.37,0.37,0.010000000000000009,bid_ask_midpoint,2026-01-30T02:15:00+00:00,15.0,438236.0,1271.0,https://api.elections.kalshi.com/trade-api/v2/historical/markets/KXNBAGAME-26JAN29OKCMIN-MIN/candlesticks?start_ts=1769652900&end_ts=1769739300&period_interval=1,1,True,2026-01-29_Oklahoma_City_Thunder_at_Minnesota_Timberwolves
2026-01-30,2026-01-31 03:00:00+00:00,Detroit Pistons,Golden State Warriors,131,124,0,-7,https://www.basketball-reference.com/leagues/NBA_2026_games-january.html,KXNBAGAME-26JAN30DETGSW-GSW,KXNBAGAME-26JAN30DETGSW,Golden State Warriors,2026-01-31 06:00:00+00:00,2026-01-28 19:06:00+00:00,0.0,7694410.0,historical,2026-01-31,715,available,0.555,0.55,0.56,0.56,0.010000000000000009,bid_ask_midpoint,2026-01-31T02:45:00+00:00,15.0,319026.0,1317.0,https://api.elections.kalshi.com/trade-api/v2/historical/markets/KXNBAGAME-26JAN30DETGSW-GSW/candlesticks?start_ts=1769741100&end_ts=1769827500&period_interval=1,0,True,2026-01-30_Detroit_Pistons_at_Golden_State_Warriors
2026-01-30,2026-01-31 02:00:00+00:00,Cleveland Cavaliers,Phoenix Suns,113,126,1,13,https://www.basketball-reference.com/leagues/NBA_2026_games-january.html,KXNBAGAME-26JAN30CLEPHX-PHX,KXNBAGAME-26JAN30CLEPHX,Phoenix Suns,2026-01-31 05:00:00+00:00,2026-01-28 19:06:00+00:00,1.0,1655638.0,historical,2026-01-31,716,available,0.45999999999999996,0.45,0.47,0.47,0.019999999999999962,bid_ask_midpoint,2026-01-31T01:45:00+00:00,15.0,144243.0,1253.0,https://api.elections.kalshi.com/trade-api/v2/historical/markets/KXNBAGAME-26JAN30CLEPHX-PHX/candlesticks?start_ts=1769737500&end_ts=1769823900&period_interval=1,1,True,2026-01-30_Cleveland_Cavaliers_at_Phoenix_Suns
2026-01-30,2026-01-31 00:30:00+00:00,Toronto Raptors,Orlando Magic,120,130,1,10,https://www.basketball-reference.com/leagues/NBA_2026_games-january.html,KXNBAGAME-26JAN30TORORL-ORL,KXNBAGAME-26JAN30TORORL,Orlando Magic,2026-01-31 03:30:00+00:00,2026-01-28 16:06:00+00:00,1.0,3123127.0,historical,2026-01-30,718,available,0.555,0.55,0.56,0.56,0.010000000000000009,bid_ask_midpoint,2026-01-31T00:15:00+00:00,15.0,214575.0,1299.0,https://api.elections.kalshi.com/trade-api/v2/historical/markets/KXNBAGAME-26JAN30TORORL-ORL/candlesticks?start_ts=1769732100&end_ts=1769818500&period_interval=1,1,True,2026-01-30_Toronto_Raptors_at_Orlando_Magic
2026-01-30,2026-01-31 02:30:00+00:00,Brooklyn Nets,Utah Jazz,109,99,0,-10,https://www.basketball-reference.com/leagues/NBA_2026_games-january.html,KXNBAGAME-26JAN30BKNUTA-UTA,KXNBAGAME-26JAN30BKNUTA,Utah Jazz,2026-01-31 05:30:00+00:00,2026-01-28 19:06:00+00:00,0.0,3546218.0,historical,2026-01-31,719,available,0.595,0.59,0.6,0.6,0.010000000000000009,bid_ask_midpoint,2026-01-31T02:15:00+00:00,15.0,136193.0,1271.0,https://api.elections.kalshi.com/trade-api/v2/historical/markets/KXNBAGAME-26JAN30BKNUTA-UTA/candlesticks?start_ts=1769739300&end_ts=1769825700&period_interval=1,0,True,2026-01-30_Brooklyn_Nets_at_Utah_Jazz
2026-01-30,2026-01-31 00:30:00+00:00,Memphis Grizzlies,New Orleans Pelicans,106,114,1,8,https://www.basketball-reference.com/leagues/NBA_2026_games-january.html,KXNBAGAME-26JAN30MEMNOP-NOP,KXNBAGAME-26JAN30MEMNOP,New Orleans Pelicans,2026-01-31 03:30:00+00:00,2026-01-28 16:06:00+00:00,1.0,1124392.0,historical,2026-01-30,720,missing,,,,,,,,,,,,1,True,2026-01-30_Memphis_Grizzlies_at_New_Orleans_Pelicans
2026-01-30,2026-01-31 00:30:00+00:00,Sacramento Kings,Boston Celtics,93,112,1,19,https://www.basketball-reference.com/leagues/NBA_2026_games-january.html,KXNBAGAME-26JAN30SACBOS-BOS,KXNBAGAME-26JAN30SACBOS,Boston Celtics,2026-01-31 03:30:00+00:00,2026-01-28 16:06:00+00:00,1.0,1218399.0,historical,2026-01-30,721,available,0.815,0.81,0.82,0.82,0.009999999999999898,bid_ask_midpoint,2026-01-31T00:15:00+00:00,15.0,286627.0,1384.0,https://api.elections.kalshi.com/trade-api/v2/historical/markets/KXNBAGAME-26JAN30SACBOS-BOS/candlesticks?start_ts=1769732100&end_ts=1769818500&period_interval=1,1,True,2026-01-30_Sacramento_Kings_at_Boston_Celtics
2026-01-30,2026-01-31 00:30:00+00:00,Portland Trail Blazers,New York Knicks,97,127,1,30,https://www.basketball-reference.com/leagues/NBA_2026_games-january.html,KXNBAGAME-26JAN30PORNYK-NYK,KXNBAGAME-26JAN30PORNYK,New York Knicks,2026-01-31 03:30:00+00:00,2026-01-28 16:06:00+00:00,1.0,2024317.0,historical,2026-01-30,723,available,0.695,0.69,0.7,0.7,0.010000000000000009,bid_ask_midpoint,2026-01-31T00:15:00+00:00,15.0,491314.0,1298.0,https://api.elections.kalshi.com/trade-api/v2/historical/markets/KXNBAGAME-26JAN30PORNYK-NYK/candlesticks?start_ts=1769732100&end_ts=1769818500&period_interval=1,1,True,2026-01-30_Portland_Trail_Blazers_at_New_York_Knicks
2026-01-31,2026-01-31 17:00:00+00:00,San Antonio Spurs,Charlotte Hornets,106,111,1,5,https://www.basketball-reference.com/leagues/NBA_2026_games-january.html,KXNBAGAME-26JAN31SASCHA-CHA,KXNBAGAME-26JAN31SASCHA,Charlotte Hornets,2026-01-31 20:00:00+00:00,2026-01-31 04:47:00+00:00,1.0,4263675.0,historical,2026-01-31,724,available,0.395,0.39,0.4,0.4,0.010000000000000009,bid_ask_midpoint,2026-01-31T16:45:00+00:00,15.0,487706.0,705.0,https://api.elections.kalshi.com/trade-api/v2/historical/markets/KXNBAGAME-26JAN31SASCHA-CHA/candlesticks?start_ts=1769791500&end_ts=1769877900&period_interval=1,1,True,2026-01-31_San_Antonio_Spurs_at_Charlotte_Hornets
2026-01-31,2026-02-01 00:00:00+00:00,Atlanta Hawks,Indiana Pacers,124,129,1,5,https://www.basketball-reference.com/leagues/NBA_2026_games-january.html,KXNBAGAME-26JAN31ATLIND-IND,KXNBAGAME-26JAN31ATLIND,Indiana Pacers,2026-02-01 03:00:00+00:00,2026-01-31 04:47:00+00:00,1.0,3922135.0,historical,2026-01-31,725,available,0.475,0.47,0.48,0.48,0.010000000000000009,bid_ask_midpoint,2026-01-31T23:45:00+00:00,15.0,437318.0,1015.0,https://api.elections.kalshi.com/trade-api/v2/historical/markets/KXNBAGAME-26JAN31ATLIND-IND/candlesticks?start_ts=1769816700&end_ts=1769903100&period_interval=1,1,True,2026-01-31_Atlanta_Hawks_at_Indiana_Pacers
2026-01-31,2026-02-01 00:30:00+00:00,New Orleans Pelicans,Philadelphia 76ers,114,124,1,10,https://www.basketball-reference.com/leagues/NBA_2026_games-january.html,KXNBAGAME-26JAN31NOPPHI-PHI,KXNBAGAME-26JAN31NOPPHI,Philadelphia 76ers,2026-02-01 03:30:00+00:00,2026-01-31 04:47:00+00:00,1.0,3762970.0,historical,2026-01-31,726,available,0.675,0.67,0.68,0.68,0.010000000000000009,bid_ask_midpoint,2026-02-01T00:15:00+00:00,15.0,623669.0,1042.0,https://api.elections.kalshi.com/trade-api/v2/historical/markets/KXNBAGAME-26JAN31NOPPHI-PHI/candlesticks?start_ts=1769818500&end_ts=1769904900&period_interval=1,1,True,2026-01-31_New_Orleans_Pelicans_at_Philadelphia_76ers
2026-01-31,2026-02-01 01:00:00+00:00,Minnesota Timberwolves,Memphis Grizzlies,131,114,0,-17,https://www.basketball-reference.com/leagues/NBA_2026_games-january.html,KXNBAGAME-26JAN31MINMEM-MEM,KXNBAGAME-26JAN31MINMEM,Memphis Grizzlies,2026-02-01 04:00:00+00:00,2026-01-31 04:47:00+00:00,0.0,1022258.0,historical,2026-01-31,727,available,0.195,0.19,0.2,0.2,0.010000000000000009,bid_ask_midpoint,2026-02-01T00:45:00+00:00,15.0,195533.0,998.0,https://api.elections.kalshi.com/trade-api/v2/historical/markets/KXNBAGAME-26JAN31MINMEM-MEM/candlesticks?start_ts=1769820300&end_ts=1769906700&period_interval=1,0,True,2026-01-31_Minnesota_Timberwolves_at_Memphis_Grizzlies
2026-01-31,2026-02-01 01:00:00+00:00,Chicago Bulls,Miami Heat,125,118,0,-7,https://www.basketball-reference.com/leagues/NBA_2026_games-january.html,KXNBAGAME-26JAN31CHIMIA-MIA,KXNBAGAME-26JAN31CHIMIA,Miami Heat,2026-02-01 04:00:00+00:00,2026-01-31 04:47:00+00:00,0.0,3579548.0,historical,2026-01-31,728,available,0.655,0.65,0.66,0.66,0.010000000000000009,bid_ask_midpoint,2026-02-01T00:45:00+00:00,15.0,179601.0,1011.0,https://api.elections.kalshi.com/trade-api/v2/historical/markets/KXNBAGAME-26JAN31CHIMIA-MIA/candlesticks?start_ts=1769820300&end_ts=1769906700&period_interval=1,0,True,2026-01-31_Chicago_Bulls_at_Miami_Heat
2026-01-31,2026-02-01 01:30:00+00:00,Dallas Mavericks,Houston Rockets,107,111,1,4,https://www.basketball-reference.com/leagues/NBA_2026_games-january.html,KXNBAGAME-26JAN31DALHOU-HOU,KXNBAGAME-26JAN31DALHOU,Houston Rockets,2026-02-01 04:30:00+00:00,2026-01-31 04:47:00+00:00,1.0,3001292.0,historical,2026-01-31,729,available,0.785,0.78,0.79,0.79,0.010000000000000009,bid_ask_midpoint,2026-02-01T01:15:00+00:00,15.0,271346.0,1102.0,https://api.elections.kalshi.com/trade-api/v2/historical/markets/KXNBAGAME-26JAN31DALHOU-HOU/candlesticks?start_ts=1769822100&end_ts=1769908500&period_interval=1,1,True,2026-01-31_Dallas_Mavericks_at_Houston_Rockets
2026-02-01,2026-02-02 02:30:00+00:00,Oklahoma City Thunder,Denver Nuggets,121,111,0,-10,https://www.basketball-reference.com/leagues/NBA_2026_games-february.html,KXNBAGAME-26FEB01OKCDEN-DEN,KXNBAGAME-26FEB01OKCDEN,Denver Nuggets,2026-02-02 05:30:00+00:00,2026-01-31 04:48:00+00:00,0.0,5540849.0,historical,2026-02-02,730,available,0.325,0.32,0.33,0.33,0.010000000000000009,bid_ask_midpoint,2026-02-02T02:15:00+00:00,15.0,803179.0,1393.0,https://api.elections.kalshi.com/trade-api/v2/historical/markets/KXNBAGAME-26FEB01OKCDEN-DEN/candlesticks?start_ts=1769912100&end_ts=1769998500&period_interval=1,0,True,2026-02-01_Oklahoma_City_Thunder_at_Denver_Nuggets
2026-02-01,2026-02-02 02:00:00+00:00,Orlando Magic,San Antonio Spurs,103,112,1,9,https://www.basketball-reference.com/leagues/NBA_2026_games-february.html,KXNBAGAME-26FEB01ORLSAS-SAS,KXNBAGAME-26FEB01ORLSAS,San Antonio Spurs,2026-02-02 00:00:00+00:00,2026-01-31 04:47:00+00:00,1.0,4602619.0,historical,2026-02-01,731,missing,,,,,,,,,,,,1,True,2026-02-01_Orlando_Magic_at_San_Antonio_Spurs
2026-02-01,2026-02-02 02:00:00+00:00,Cleveland Cavaliers,Portland Trail Blazers,130,111,0,-19,https://www.basketball-reference.com/leagues/NBA_2026_games-february.html,KXNBAGAME-26FEB01CLEPOR-POR,KXNBAGAME-26FEB01CLEPOR,Portland Trail Blazers,2026-02-02 05:00:00+00:00,2026-01-31 04:48:00+00:00,0.0,1424161.0,historical,2026-02-02,732,available,0.375,0.37,0.38,0.38,0.010000000000000009,bid_ask_midpoint,2026-02-02T01:45:00+00:00,15.0,230355.0,1295.0,https://api.elections.kalshi.com/trade-api/v2/historical/markets/KXNBAGAME-26FEB01CLEPOR-POR/candlesticks?start_ts=1769910300&end_ts=1769996700&period_interval=1,0,True,2026-02-01_Cleveland_Cavaliers_at_Portland_Trail_Blazers
2026-02-01,2026-02-01 20:30:00+00:00,Milwaukee Bucks,Boston Celtics,79,107,1,28,https://www.basketball-reference.com/leagues/NBA_2026_games-february.html,KXNBAGAME-26FEB01MILBOS-BOS,KXNBAGAME-26FEB01MILBOS,Boston Celtics,2026-02-01 23:30:00+00:00,2026-01-31 04:47:00+00:00,1.0,2524924.0,historical,2026-02-01,735,available,0.845,0.84,0.85,0.85,0.010000000000000009,bid_ask_midpoint,2026-02-01T20:15:00+00:00,15.0,674805.0,1305.0,https://api.elections.kalshi.com/trade-api/v2/historical/markets/KXNBAGAME-26FEB01MILBOS-BOS/candlesticks?start_ts=1769890500&end_ts=1769976900&period_interval=1,1,True,2026-02-01_Milwaukee_Bucks_at_Boston_Celtics
2026-02-01,2026-02-01 23:00:00+00:00,Utah Jazz,Toronto Raptors,100,107,1,7,https://www.basketball-reference.com/leagues/NBA_2026_games-february.html,KXNBAGAME-26FEB01UTATOR-TOR,KXNBAGAME-26FEB01UTATOR,Toronto Raptors,2026-02-02 02:00:00+00:00,2026-01-31 04:48:00+00:00,1.0,2887240.0,historical,2026-02-01,736,available,0.785,0.78,0.79,0.79,0.010000000000000009,bid_ask_midpoint,2026-02-01T22:45:00+00:00,15.0,266380.0,1209.0,https://api.elections.kalshi.com/trade-api/v2/historical/markets/KXNBAGAME-26FEB01UTATOR-TOR/candlesticks?start_ts=1769899500&end_ts=1769985900&period_interval=1,1,True,2026-02-01_Utah_Jazz_at_Toronto_Raptors
2026-02-01,2026-02-01 23:00:00+00:00,Chicago Bulls,Miami Heat,91,134,1,43,https://www.basketball-reference.com/leagues/NBA_2026_games-february.html,KXNBAGAME-26FEB01CHIMIA-MIA,KXNBAGAME-26FEB01CHIMIA,Miami Heat,2026-02-02 02:00:00+00:00,2026-01-31 04:48:00+00:00,1.0,1504874.0,historical,2026-02-01,737,available,0.665,0.66,0.67,0.67,0.010000000000000009,bid_ask_midpoint,2026-02-01T22:45:00+00:00,15.0,282055.0,1321.0,https://api.elections.kalshi.com/trade-api/v2/historical/markets/KXNBAGAME-26FEB01CHIMIA-MIA/candlesticks?start_ts=1769899500&end_ts=1769985900&period_interval=1,1,True,2026-02-01_Chicago_Bulls_at_Miami_Heat
2026-02-01,2026-02-01 23:00:00+00:00,Brooklyn Nets,Detroit Pistons,77,130,1,53,https://www.basketball-reference.com/leagues/NBA_2026_games-february.html,KXNBAGAME-26FEB01BKNDET-DET,KXNBAGAME-26FEB01BKNDET,Detroit Pistons,2026-02-02 02:00:00+00:00,2026-01-31 04:48:00+00:00,1.0,1346805.0,historical,2026-02-01,738,missing,,,,,,,,,,,,1,True,2026-02-01_Brooklyn_Nets_at_Detroit_Pistons
2026-02-01,2026-02-01 23:00:00+00:00,Sacramento Kings,Washington Wizards,112,116,1,4,https://www.basketball-reference.com/leagues/NBA_2026_games-february.html,KXNBAGAME-26FEB01SACWAS-WAS,KXNBAGAME-26FEB01SACWAS,Washington Wizards,2026-02-02 02:00:00+00:00,2026-01-31 04:48:00+00:00,1.0,3080953.0,historical,2026-02-01,739,available,0.485,0.48,0.49,0.49,0.010000000000000009,bid_ask_midpoint,2026-02-01T22:45:00+00:00,15.0,141894.0,1215.0,https://api.elections.kalshi.com/trade-api/v2/historical/markets/KXNBAGAME-26FEB01SACWAS-WAS/candlesticks?start_ts=1769899500&end_ts=1769985900&period_interval=1,1,True,2026-02-01_Sacramento_Kings_at_Washington_Wizards
2026-02-02,2026-02-03 00:30:00+00:00,Minnesota Timberwolves,Memphis Grizzlies,128,137,1,9,https://www.basketball-reference.com/leagues/NBA_2026_games-february.html,KXNBAGAME-26FEB02MINMEM-MEM,KXNBAGAME-26FEB02MINMEM,Memphis Grizzlies,2026-02-03 03:30:00+00:00,2026-02-01 05:36:00+00:00,1.0,4242290.0,historical,2026-02-02,741,available,0.275,0.27,0.28,0.28,0.010000000000000009,bid_ask_midpoint,2026-02-03T00:15:00+00:00,15.0,463634.0,1296.0,https://api.elections.kalshi.com/trade-api/v2/historical/markets/KXNBAGAME-26FEB02MINMEM-MEM/candlesticks?start_ts=1769991300&end_ts=1770077700&period_interval=1,1,True,2026-02-02_Minnesota_Timberwolves_at_Memphis_Grizzlies
2026-02-02,2026-02-02 20:00:00+00:00,New Orleans Pelicans,Charlotte Hornets,95,102,1,7,https://www.basketball-reference.com/leagues/NBA_2026_games-february.html,KXNBAGAME-26FEB02NOPCHA-CHA,KXNBAGAME-26FEB02NOPCHA,Charlotte Hornets,2026-02-03 03:00:00+00:00,2026-02-01 05:36:00+00:00,1.0,8274339.0,historical,2026-02-02,742,available,0.705,0.7,0.71,0.71,0.010000000000000009,bid_ask_midpoint,2026-02-02T19:45:00+00:00,15.0,1062162.0,1304.0,https://api.elections.kalshi.com/trade-api/v2/historical/markets/KXNBAGAME-26FEB02NOPCHA-CHA/candlesticks?start_ts=1769975100&end_ts=1770061500&period_interval=1,1,True,2026-02-02_New_Orleans_Pelicans_at_Charlotte_Hornets
2026-02-02,2026-02-03 00:00:00+00:00,Houston Rockets,Indiana Pacers,118,114,0,-4,https://www.basketball-reference.com/leagues/NBA_2026_games-february.html,KXNBAGAME-26FEB02HOUIND-IND,KXNBAGAME-26FEB02HOUIND,Indiana Pacers,2026-02-03 03:00:00+00:00,2026-02-01 05:36:00+00:00,0.0,4381323.0,historical,2026-02-02,743,available,0.295,0.29,0.3,0.3,0.010000000000000009,bid_ask_midpoint,2026-02-02T23:45:00+00:00,15.0,659688.0,1340.0,https://api.elections.kalshi.com/trade-api/v2/historical/markets/KXNBAGAME-26FEB02HOUIND-IND/candlesticks?start_ts=1769989500&end_ts=1770075900&period_interval=1,0,True,2026-02-02_Houston_Rockets_at_Indiana_Pacers
2026-02-03,2026-02-04 00:00:00+00:00,Denver Nuggets,Detroit Pistons,121,124,1,3,https://www.basketball-reference.com/leagues/NBA_2026_games-february.html,KXNBAGAME-26FEB03DENDET-DET,KXNBAGAME-26FEB03DENDET,Detroit Pistons,2026-02-04 03:00:00+00:00,2026-02-02 07:06:00+00:00,1.0,3041885.0,historical,2026-02-03,744,available,0.645,0.64,0.65,0.65,0.010000000000000009,bid_ask_midpoint,2026-02-03T23:45:00+00:00,15.0,356951.0,1347.0,https://api.elections.kalshi.com/trade-api/v2/historical/markets/KXNBAGAME-26FEB03DENDET-DET/candlesticks?start_ts=1770075900&end_ts=1770162300&period_interval=1,1,True,2026-02-03_Denver_Nuggets_at_Detroit_Pistons
2026-02-03,2026-02-04 00:00:00+00:00,Utah Jazz,Indiana Pacers,131,122,0,-9,https://www.basketball-reference.com/leagues/NBA_2026_games-february.html,KXNBAGAME-26FEB03UTAIND-IND,KXNBAGAME-26FEB03UTAIND,Indiana Pacers,2026-02-04 03:00:00+00:00,2026-02-02 07:06:00+00:00,0.0,2785729.0,historical,2026-02-03,745,available,0.435,0.43,0.44,0.44,0.010000000000000009,bid_ask_midpoint,2026-02-03T23:45:00+00:00,15.0,548169.0,1369.0,https://api.elections.kalshi.com/trade-api/v2/historical/markets/KXNBAGAME-26FEB03UTAIND-IND/candlesticks?start_ts=1770075900&end_ts=1770162300&period_interval=1,0,True,2026-02-03_Utah_Jazz_at_Indiana_Pacers
2026-02-03,2026-02-04 00:00:00+00:00,New York Knicks,Washington Wizards,132,101,0,-31,https://www.basketball-reference.com/leagues/NBA_2026_games-february.html,KXNBAGAME-26FEB03NYKWAS-WAS,KXNBAGAME-26FEB03NYKWAS,Washington Wizards,2026-02-04 03:00:00+00:00,2026-02-02 07:06:00+00:00,0.0,832803.0,historical,2026-02-03,746,missing,,,,,,,,,,,,0,True,2026-02-03_New_York_Knicks_at_Washington_Wizards
2026-02-03,2026-02-04 00:30:00+00:00,Atlanta Hawks,Miami Heat,127,115,0,-12,https://www.basketball-reference.com/leagues/NBA_2026_games-february.html,KXNBAGAME-26FEB03ATLMIA-MIA,KXNBAGAME-26FEB03ATLMIA,Miami Heat,2026-02-04 03:30:00+00:00,2026-02-02 07:06:00+00:00,0.0,1588566.0,historical,2026-02-03,748,missing,,,,,,,,,,,,0,True,2026-02-03_Atlanta_Hawks_at_Miami_Heat
2026-02-03,2026-02-04 01:00:00+00:00,Boston Celtics,Dallas Mavericks,110,100,0,-10,https://www.basketball-reference.com/leagues/NBA_2026_games-february.html,KXNBAGAME-26FEB03BOSDAL-DAL,KXNBAGAME-26FEB03BOSDAL,Dallas Mavericks,2026-02-04 04:00:00+00:00,2026-02-02 07:06:00+00:00,0.0,1296557.0,historical,2026-02-03,749,available,0.295,0.29,0.3,0.3,0.010000000000000009,bid_ask_midpoint,2026-02-04T00:45:00+00:00,15.0,101804.0,1254.0,https://api.elections.kalshi.com/trade-api/v2/historical/markets/KXNBAGAME-26FEB03BOSDAL-DAL/candlesticks?start_ts=1770079500&end_ts=1770165900&period_interval=1,0,True,2026-02-03_Boston_Celtics_at_Dallas_Mavericks
2026-02-03,2026-02-04 01:00:00+00:00,Chicago Bulls,Milwaukee Bucks,115,131,1,16,https://www.basketball-reference.com/leagues/NBA_2026_games-february.html,KXNBAGAME-26FEB03CHIMIL-MIL,KXNBAGAME-26FEB03CHIMIL,Milwaukee Bucks,2026-02-04 04:00:00+00:00,2026-02-02 07:06:00+00:00,1.0,965782.0,historical,2026-02-03,750,available,0.475,0.47,0.48,0.48,0.010000000000000009,bid_ask_midpoint,2026-02-04T00:45:00+00:00,15.0,157031.0,1221.0,https://api.elections.kalshi.com/trade-api/v2/historical/markets/KXNBAGAME-26FEB03CHIMIL-MIL/candlesticks?start_ts=1770079500&end_ts=1770165900&period_interval=1,1,True,2026-02-03_Chicago_Bulls_at_Milwaukee_Bucks
2026-02-03,2026-02-04 01:00:00+00:00,Orlando Magic,Oklahoma City Thunder,92,128,1,36,https://www.basketball-reference.com/leagues/NBA_2026_games-february.html,KXNBAGAME-26FEB03ORLOKC-OKC,KXNBAGAME-26FEB03ORLOKC,Oklahoma City Thunder,2026-02-04 04:00:00+00:00,2026-02-02 07:06:00+00:00,1.0,567008.0,historical,2026-02-03,751,available,0.805,0.8,0.81,0.81,0.010000000000000009,bid_ask_midpoint,2026-02-04T00:45:00+00:00,15.0,314897.0,1293.0,https://api.elections.kalshi.com/trade-api/v2/historical/markets/KXNBAGAME-26FEB03ORLOKC-OKC/candlesticks?start_ts=1770079500&end_ts=1770165900&period_interval=1,1,True,2026-02-03_Orlando_Magic_at_Oklahoma_City_Thunder
2026-02-03,2026-02-04 03:00:00+00:00,Philadelphia 76ers,Golden State Warriors,113,94,0,-19,https://www.basketball-reference.com/leagues/NBA_2026_games-february.html,KXNBAGAME-26FEB03PHIGSW-GSW,KXNBAGAME-26FEB03PHIGSW,Golden State Warriors,2026-02-04 06:00:00+00:00,2026-02-02 07:06:00+00:00,0.0,4216787.0,historical,2026-02-04,752,missing,,,,,,,,,,,,0,True,2026-02-03_Philadelphia_76ers_at_Golden_State_Warriors
2026-02-03,2026-02-04 04:00:00+00:00,Phoenix Suns,Portland Trail Blazers,130,125,0,-5,https://www.basketball-reference.com/leagues/NBA_2026_games-february.html,KXNBAGAME-26FEB03PHXPOR-POR,KXNBAGAME-26FEB03PHXPOR,Portland Trail Blazers,2026-02-04 07:00:00+00:00,2026-02-02 07:06:00+00:00,0.0,5162207.0,historical,2026-02-04,753,available,0.405,0.4,0.41,0.4,0.009999999999999953,bid_ask_midpoint,2026-02-04T03:45:00+00:00,15.0,220295.0,1224.0,https://api.elections.kalshi.com/trade-api/v2/historical/markets/KXNBAGAME-26FEB03PHXPOR-POR/candlesticks?start_ts=1770090300&end_ts=1770176700&period_interval=1,0,True,2026-02-03_Phoenix_Suns_at_Portland_Trail_Blazers
2026-02-04,2026-02-05 03:00:00+00:00,Memphis Grizzlies,Sacramento Kings,129,125,0,-4,https://www.basketball-reference.com/leagues/NBA_2026_games-february.html,KXNBAGAME-26FEB04MEMSAC-SAC,KXNBAGAME-26FEB04MEMSAC,Sacramento Kings,2026-02-05 06:00:00+00:00,2026-02-02 22:06:00+00:00,0.0,4398881.0,historical,2026-02-05,754,missing,,,,,,,,,,,,0,True,2026-02-04_Memphis_Grizzlies_at_Sacramento_Kings
2026-02-04,2026-02-05 02:30:00+00:00,Oklahoma City Thunder,San Antonio Spurs,106,116,1,10,https://www.basketball-reference.com/leagues/NBA_2026_games-february.html,KXNBAGAME-26FEB04OKCSAS-SAS,KXNBAGAME-26FEB04OKCSAS,San Antonio Spurs,2026-02-05 05:30:00+00:00,2026-02-02 22:06:00+00:00,1.0,4430241.0,historical,2026-02-05,755,available,0.785,0.78,0.79,0.78,0.010000000000000009,bid_ask_midpoint,2026-02-05T02:15:00+00:00,15.0,1586659.0,1346.0,https://api.elections.kalshi.com/trade-api/v2/historical/markets/KXNBAGAME-26FEB04OKCSAS-SAS/candlesticks?start_ts=1770171300&end_ts=1770257700&period_interval=1,1,True,2026-02-04_Oklahoma_City_Thunder_at_San_Antonio_Spurs
2026-02-04,2026-02-05 01:00:00+00:00,New Orleans Pelicans,Milwaukee Bucks,137,141,1,4,https://www.basketball-reference.com/leagues/NBA_2026_games-february.html,KXNBAGAME-26FEB04NOPMIL-MIL,KXNBAGAME-26FEB04NOPMIL,Milwaukee Bucks,2026-02-05 04:00:00+00:00,2026-02-02 22:06:00+00:00,1.0,4269638.0,historical,2026-02-04,756,available,0.375,0.37,0.38,0.38,0.010000000000000009,bid_ask_midpoint,2026-02-05T00:45:00+00:00,15.0,168665.0,1274.0,https://api.elections.kalshi.com/trade-api/v2/historical/markets/KXNBAGAME-26FEB04NOPMIL-MIL/candlesticks?start_ts=1770165900&end_ts=1770252300&period_interval=1,1,True,2026-02-04_New_Orleans_Pelicans_at_Milwaukee_Bucks
2026-02-04,2026-02-05 00:30:00+00:00,Minnesota Timberwolves,Toronto Raptors,128,126,0,-2,https://www.basketball-reference.com/leagues/NBA_2026_games-february.html,KXNBAGAME-26FEB04MINTOR-TOR,KXNBAGAME-26FEB04MINTOR,Toronto Raptors,2026-02-05 03:30:00+00:00,2026-02-02 22:06:00+00:00,0.0,2710598.0,historical,2026-02-04,758,available,0.435,0.43,0.44,0.44,0.010000000000000009,bid_ask_midpoint,2026-02-05T00:15:00+00:00,15.0,284312.0,1311.0,https://api.elections.kalshi.com/trade-api/v2/historical/markets/KXNBAGAME-26FEB04MINTOR-TOR/candlesticks?start_ts=1770164100&end_ts=1770250500&period_interval=1,0,True,2026-02-04_Minnesota_Timberwolves_at_Toronto_Raptors
2026-02-04,2026-02-05 00:00:00+00:00,Denver Nuggets,New York Knicks,127,134,1,7,https://www.basketball-reference.com/leagues/NBA_2026_games-february.html,KXNBAGAME-26FEB04DENNYK-NYK,KXNBAGAME-26FEB04DENNYK,New York Knicks,2026-02-05 03:00:00+00:00,2026-02-02 19:05:00+00:00,1.0,7371968.0,historical,2026-02-04,759,available,0.635,0.63,0.64,0.64,0.010000000000000009,bid_ask_midpoint,2026-02-04T23:45:00+00:00,15.0,555361.0,1354.0,https://api.elections.kalshi.com/trade-api/v2/historical/markets/KXNBAGAME-26FEB04DENNYK-NYK/candlesticks?start_ts=1770162300&end_ts=1770248700&period_interval=1,1,True,2026-02-04_Denver_Nuggets_at_New_York_Knicks
2026-02-04,2026-02-05 01:00:00+00:00,Boston Celtics,Houston Rockets,114,93,0,-21,https://www.basketball-reference.com/leagues/NBA_2026_games-february.html,KXNBAGAME-26FEB04BOSHOU-HOU,KXNBAGAME-26FEB04BOSHOU,Houston Rockets,2026-02-05 04:00:00+00:00,2026-02-02 22:06:00+00:00,0.0,2345434.0,historical,2026-02-04,760,available,0.725,0.72,0.73,0.73,0.010000000000000009,bid_ask_midpoint,2026-02-05T00:45:00+00:00,15.0,592365.0,1289.0,https://api.elections.kalshi.com/trade-api/v2/historical/markets/KXNBAGAME-26FEB04BOSHOU-HOU/candlesticks?start_ts=1770165900&end_ts=1770252300&period_interval=1,0,True,2026-02-04_Boston_Celtics_at_Houston_Rockets
2026-02-05,2026-02-06 01:30:00+00:00,San Antonio Spurs,Dallas Mavericks,135,123,0,-12,https://www.basketball-reference.com/leagues/NBA_2026_games-february.html,KXNBAGAME-26FEB05SASDAL-DAL,KXNBAGAME-26FEB05SASDAL,Dallas Mavericks,2026-02-06 04:30:00+00:00,2026-02-03 22:06:00+00:00,0.0,3972691.0,historical,2026-02-05,762,available,0.265,0.26,0.27,0.27,0.010000000000000009,bid_ask_midpoint,2026-02-06T01:15:00+00:00,15.0,150730.0,1237.0,https://api.elections.kalshi.com/trade-api/v2/historical/markets/KXNBAGAME-26FEB05SASDAL-DAL/candlesticks?start_ts=1770254100&end_ts=1770340500&period_interval=1,0,True,2026-02-05_San_Antonio_Spurs_at_Dallas_Mavericks
2026-02-05,2026-02-06 01:00:00+00:00,Charlotte Hornets,Houston Rockets,109,99,0,-10,https://www.basketball-reference.com/leagues/NBA_2026_games-february.html,KXNBAGAME-26FEB05CHAHOU-HOU,KXNBAGAME-26FEB05CHAHOU,Houston Rockets,2026-02-06 04:00:00+00:00,2026-02-03 22:06:00+00:00,0.0,3170027.0,historical,2026-02-05,763,available,0.615,0.61,0.62,0.62,0.010000000000000009,bid_ask_midpoint,2026-02-06T00:45:00+00:00,15.0,486059.0,1254.0,https://api.elections.kalshi.com/trade-api/v2/historical/markets/KXNBAGAME-26FEB05CHAHOU-HOU/candlesticks?start_ts=1770252300&end_ts=1770338700&period_interval=1,0,True,2026-02-05_Charlotte_Hornets_at_Houston_Rockets
2026-02-05,2026-02-06 03:00:00+00:00,Golden State Warriors,Phoenix Suns,101,97,0,-4,https://www.basketball-reference.com/leagues/NBA_2026_games-february.html,KXNBAGAME-26FEB05GSWPHX-PHX,KXNBAGAME-26FEB05GSWPHX,Phoenix Suns,2026-02-06 06:00:00+00:00,2026-02-03 22:06:00+00:00,0.0,4928273.0,historical,2026-02-06,764,available,0.655,0.65,0.66,0.66,0.010000000000000009,bid_ask_midpoint,2026-02-06T02:45:00+00:00,15.0,380336.0,1228.0,https://api.elections.kalshi.com/trade-api/v2/historical/markets/KXNBAGAME-26FEB05GSWPHX-PHX/candlesticks?start_ts=1770259500&end_ts=1770345900&period_interval=1,0,True,2026-02-05_Golden_State_Warriors_at_Phoenix_Suns
2026-02-05,2026-02-06 00:30:00+00:00,Utah Jazz,Atlanta Hawks,119,121,1,2,https://www.basketball-reference.com/leagues/NBA_2026_games-february.html,KXNBAGAME-26FEB05UTAATL-ATL,KXNBAGAME-26FEB05UTAATL,Atlanta Hawks,2026-02-06 03:30:00+00:00,2026-02-03 22:06:00+00:00,1.0,3832755.0,historical,2026-02-05,765,available,0.735,0.73,0.74,0.74,0.010000000000000009,bid_ask_midpoint,2026-02-06T00:15:00+00:00,15.0,164144.0,1299.0,https://api.elections.kalshi.com/trade-api/v2/historical/markets/KXNBAGAME-26FEB05UTAATL-ATL/candlesticks?start_ts=1770250500&end_ts=1770336900&period_interval=1,1,True,2026-02-05_Utah_Jazz_at_Atlanta_Hawks
2026-02-05,2026-02-06 00:00:00+00:00,Brooklyn Nets,Orlando Magic,98,118,1,20,https://www.basketball-reference.com/leagues/NBA_2026_games-february.html,KXNBAGAME-26FEB05BKNORL-ORL,KXNBAGAME-26FEB05BKNORL,Orlando Magic,2026-02-06 03:00:00+00:00,2026-02-03 19:06:00+00:00,1.0,802034.0,historical,2026-02-05,766,missing,,,,,,,,,,,,1,True,2026-02-05_Brooklyn_Nets_at_Orlando_Magic
2026-02-05,2026-02-06 00:00:00+00:00,Washington Wizards,Detroit Pistons,126,117,0,-9,https://www.basketball-reference.com/leagues/NBA_2026_games-february.html,KXNBAGAME-26FEB05WASDET-DET,KXNBAGAME-26FEB05WASDET,Detroit Pistons,2026-02-06 03:00:00+00:00,2026-02-03 19:06:00+00:00,0.0,5847476.0,historical,2026-02-05,767,available,0.895,0.89,0.9,0.9,0.010000000000000009,bid_ask_midpoint,2026-02-05T23:45:00+00:00,15.0,912293.0,1244.0,https://api.elections.kalshi.com/trade-api/v2/historical/markets/KXNBAGAME-26FEB05WASDET-DET/candlesticks?start_ts=1770248700&end_ts=1770335100&period_interval=1,0,True,2026-02-05_Washington_Wizards_at_Detroit_Pistons
2026-02-05,2026-02-06 00:30:00+00:00,Chicago Bulls,Toronto Raptors,107,123,1,16,https://www.basketball-reference.com/leagues/NBA_2026_games-february.html,KXNBAGAME-26FEB05CHITOR-TOR,KXNBAGAME-26FEB05CHITOR,Toronto Raptors,2026-02-06 03:30:00+00:00,2026-02-03 22:06:00+00:00,1.0,1614682.0,historical,2026-02-05,768,available,0.735,0.73,0.74,0.74,0.010000000000000009,bid_ask_midpoint,2026-02-06T00:15:00+00:00,15.0,649367.0,1206.0,https://api.elections.kalshi.com/trade-api/v2/historical/markets/KXNBAGAME-26FEB05CHITOR-TOR/candlesticks?start_ts=1770250500&end_ts=1770336900&period_interval=1,1,True,2026-02-05_Chicago_Bulls_at_Toronto_Raptors
2026-02-06,2026-02-07 00:30:00+00:00,Miami Heat,Boston Celtics,96,98,1,2,https://www.basketball-reference.com/leagues/NBA_2026_games-february.html,KXNBAGAME-26FEB06MIABOS-BOS,KXNBAGAME-26FEB06MIABOS,Boston Celtics,2026-02-07 03:30:00+00:00,2026-02-05 01:07:00+00:00,1.0,8394342.0,historical,2026-02-06,769,available,0.675,0.67,0.68,0.68,0.010000000000000009,bid_ask_midpoint,2026-02-07T00:15:00+00:00,15.0,908763.0,1350.0,https://api.elections.kalshi.com/trade-api/v2/historical/markets/KXNBAGAME-26FEB06MIABOS-BOS/candlesticks?start_ts=1770336900&end_ts=1770423300&period_interval=1,1,True,2026-02-06_Miami_Heat_at_Boston_Celtics
2026-02-06,2026-02-07 00:30:00+00:00,New York Knicks,Detroit Pistons,80,118,1,38,https://www.basketball-reference.com/leagues/NBA_2026_games-february.html,KXNBAGAME-26FEB06NYKDET-DET,KXNBAGAME-26FEB06NYKDET,Detroit Pistons,2026-02-07 03:30:00+00:00,2026-02-05 01:06:00+00:00,1.0,2711985.0,historical,2026-02-06,770,available,0.655,0.65,0.66,0.66,0.010000000000000009,bid_ask_midpoint,2026-02-07T00:15:00+00:00,15.0,1043333.0,1398.0,https://api.elections.kalshi.com/trade-api/v2/historical/markets/KXNBAGAME-26FEB06NYKDET-DET/candlesticks?start_ts=1770336900&end_ts=1770423300&period_interval=1,1,True,2026-02-06_New_York_Knicks_at_Detroit_Pistons
2026-02-06,2026-02-07 01:00:00+00:00,Indiana Pacers,Milwaukee Bucks,99,105,1,6,https://www.basketball-reference.com/leagues/NBA_2026_games-february.html,KXNBAGAME-26FEB06INDMIL-MIL,KXNBAGAME-26FEB06INDMIL,Milwaukee Bucks,2026-02-07 04:00:00+00:00,2026-02-05 01:07:00+00:00,1.0,2681084.0,historical,2026-02-06,771,available,0.46499999999999997,0.46,0.47,0.47,0.009999999999999953,bid_ask_midpoint,2026-02-07T00:45:00+00:00,15.0,372766.0,1361.0,https://api.elections.kalshi.com/trade-api/v2/historical/markets/KXNBAGAME-26FEB06INDMIL-MIL/candlesticks?start_ts=1770338700&end_ts=1770425100&period_interval=1,1,True,2026-02-06_Indiana_Pacers_at_Milwaukee_Bucks
2026-02-06,2026-02-07 01:00:00+00:00,New Orleans Pelicans,Minnesota Timberwolves,119,115,0,-4,https://www.basketball-reference.com/leagues/NBA_2026_games-february.html,KXNBAGAME-26FEB06NOPMIN-MIN,KXNBAGAME-26FEB06NOPMIN,Minnesota Timberwolves,2026-02-07 04:00:00+00:00,2026-02-05 01:07:00+00:00,0.0,5553331.0,historical,2026-02-06,772,available,0.755,0.75,0.76,0.76,0.010000000000000009,bid_ask_midpoint,2026-02-07T00:45:00+00:00,15.0,553915.0,1309.0,https://api.elections.kalshi.com/trade-api/v2/historical/markets/KXNBAGAME-26FEB06NOPMIN-MIN/candlesticks?start_ts=1770338700&end_ts=1770425100&period_interval=1,0,True,2026-02-06_New_Orleans_Pelicans_at_Minnesota_Timberwolves
2026-02-06,2026-02-07 03:00:00+00:00,Memphis Grizzlies,Portland Trail Blazers,115,135,1,20,https://www.basketball-reference.com/leagues/NBA_2026_games-february.html,KXNBAGAME-26FEB06MEMPOR-POR,KXNBAGAME-26FEB06MEMPOR,Portland Trail Blazers,2026-02-07 06:00:00+00:00,2026-02-05 01:07:00+00:00,1.0,3011827.0,historical,2026-02-07,773,available,0.5,0.0,1.0,,1.0,bid_ask_midpoint,2026-02-07T05:19:00+00:00,1301.0,2706772.0,155.0,https://api.elections.kalshi.com/trade-api/v2/historical/markets/KXNBAGAME-26FEB06MEMPOR-POR/candlesticks?start_ts=1770432300&end_ts=1770518700&period_interval=1,1,True,2026-02-06_Memphis_Grizzlies_at_Portland_Trail_Blazers
2026-02-07,2026-02-08 02:00:00+00:00,Philadelphia 76ers,Phoenix Suns,109,103,0,-6,https://www.basketball-reference.com/leagues/NBA_2026_games-february.html,KXNBAGAME-26FEB07PHIPHX-PHX,KXNBAGAME-26FEB07PHIPHX,Phoenix Suns,2026-02-08 05:00:00+00:00,2026-02-05 22:06:00+00:00,0.0,2602663.0,historical,2026-02-08,775,available,0.555,0.55,0.56,0.56,0.010000000000000009,bid_ask_midpoint,2026-02-08T01:45:00+00:00,15.0,88355.0,1324.0,https://api.elections.kalshi.com/trade-api/v2/historical/markets/KXNBAGAME-26FEB07PHIPHX-PHX/candlesticks?start_ts=1770428700&end_ts=1770515100&period_interval=1,0,True,2026-02-07_Philadelphia_76ers_at_Phoenix_Suns
2026-02-07,2026-02-08 03:00:00+00:00,Cleveland Cavaliers,Sacramento Kings,132,126,0,-6,https://www.basketball-reference.com/leagues/NBA_2026_games-february.html,KXNBAGAME-26FEB07CLESAC-SAC,KXNBAGAME-26FEB07CLESAC,Sacramento Kings,2026-02-08 06:00:00+00:00,2026-02-05 22:06:00+00:00,0.0,5247027.0,historical,2026-02-08,776,missing,,,,,,,,,,,,0,True,2026-02-07_Cleveland_Cavaliers_at_Sacramento_Kings
2026-02-07,2026-02-08 03:00:00+00:00,Memphis Grizzlies,Portland Trail Blazers,115,122,1,7,https://www.basketball-reference.com/leagues/NBA_2026_games-february.html,KXNBAGAME-26FEB07MEMPOR-POR,KXNBAGAME-26FEB07MEMPOR,Portland Trail Blazers,2026-02-08 06:00:00+00:00,2026-02-05 22:06:00+00:00,1.0,2265497.0,historical,2026-02-08,777,available,0.735,0.73,0.74,0.74,0.010000000000000009,bid_ask_midpoint,2026-02-08T02:45:00+00:00,15.0,129943.0,1374.0,https://api.elections.kalshi.com/trade-api/v2/historical/markets/KXNBAGAME-26FEB07MEMPOR-POR/candlesticks?start_ts=1770432300&end_ts=1770518700&period_interval=1,1,True,2026-02-07_Memphis_Grizzlies_at_Portland_Trail_Blazers
2026-02-07,2026-02-08 01:00:00+00:00,Denver Nuggets,Chicago Bulls,136,120,0,-16,https://www.basketball-reference.com/leagues/NBA_2026_games-february.html,KXNBAGAME-26FEB07DENCHI-CHI,KXNBAGAME-26FEB07DENCHI,Chicago Bulls,2026-02-08 04:00:00+00:00,2026-02-05 22:06:00+00:00,0.0,1952401.0,historical,2026-02-07,779,missing,,,,,,,,,,,,0,True,2026-02-07_Denver_Nuggets_at_Chicago_Bulls
2026-02-07,2026-02-08 00:00:00+00:00,Utah Jazz,Orlando Magic,117,120,1,3,https://www.basketball-reference.com/leagues/NBA_2026_games-february.html,KXNBAGAME-26FEB07UTAORL-ORL,KXNBAGAME-26FEB07UTAORL,Orlando Magic,2026-02-08 03:00:00+00:00,2026-02-05 19:06:00+00:00,1.0,4821850.0,historical,2026-02-07,780,available,0.715,0.71,0.72,0.72,0.010000000000000009,bid_ask_midpoint,2026-02-07T23:45:00+00:00,15.0,347153.0,1305.0,https://api.elections.kalshi.com/trade-api/v2/historical/markets/KXNBAGAME-26FEB07UTAORL-ORL/candlesticks?start_ts=1770421500&end_ts=1770507900&period_interval=1,1,True,2026-02-07_Utah_Jazz_at_Orlando_Magic
2026-02-07,2026-02-07 23:00:00+00:00,Dallas Mavericks,San Antonio Spurs,125,138,1,13,https://www.basketball-reference.com/leagues/NBA_2026_games-february.html,KXNBAGAME-26FEB07DALSAS-SAS,KXNBAGAME-26FEB07DALSAS,San Antonio Spurs,2026-02-08 02:00:00+00:00,2026-02-05 19:06:00+00:00,1.0,2032740.0,historical,2026-02-07,781,available,0.795,0.79,0.8,0.8,0.010000000000000009,bid_ask_midpoint,2026-02-07T22:45:00+00:00,15.0,304137.0,1309.0,https://api.elections.kalshi.com/trade-api/v2/historical/markets/KXNBAGAME-26FEB07DALSAS-SAS/candlesticks?start_ts=1770417900&end_ts=1770504300&period_interval=1,1,True,2026-02-07_Dallas_Mavericks_at_San_Antonio_Spurs
2026-02-07,2026-02-07 20:30:00+00:00,Houston Rockets,Oklahoma City Thunder,112,106,0,-6,https://www.basketball-reference.com/leagues/NBA_2026_games-february.html,KXNBAGAME-26FEB07HOUOKC-OKC,KXNBAGAME-26FEB07HOUOKC,Oklahoma City Thunder,2026-02-07 23:30:00+00:00,2026-02-05 16:06:00+00:00,0.0,6297895.0,historical,2026-02-07,782,missing,,,,,,,,,,,,0,True,2026-02-07_Houston_Rockets_at_Oklahoma_City_Thunder
2026-02-07,2026-02-07 20:00:00+00:00,Washington Wizards,Brooklyn Nets,113,127,1,14,https://www.basketball-reference.com/leagues/NBA_2026_games-february.html,KXNBAGAME-26FEB07WASBKN-BKN,KXNBAGAME-26FEB07WASBKN,Brooklyn Nets,2026-02-07 23:00:00+00:00,2026-02-05 16:06:00+00:00,1.0,1158133.0,historical,2026-02-07,783,missing,,,,,,,,,,,,1,True,2026-02-07_Washington_Wizards_at_Brooklyn_Nets
2026-02-07,2026-02-08 00:30:00+00:00,Charlotte Hornets,Atlanta Hawks,126,119,0,-7,https://www.basketball-reference.com/leagues/NBA_2026_games-february.html,KXNBAGAME-26FEB07CHAATL-ATL,KXNBAGAME-26FEB07CHAATL,Atlanta Hawks,2026-02-08 03:30:00+00:00,2026-02-05 22:06:00+00:00,0.0,2808902.0,historical,2026-02-07,784,available,0.46499999999999997,0.46,0.47,0.47,0.009999999999999953,bid_ask_midpoint,2026-02-08T00:15:00+00:00,15.0,307615.0,1293.0,https://api.elections.kalshi.com/trade-api/v2/historical/markets/KXNBAGAME-26FEB07CHAATL-ATL/candlesticks?start_ts=1770423300&end_ts=1770509700&period_interval=1,0,True,2026-02-07_Charlotte_Hornets_at_Atlanta_Hawks
2026-02-08,2026-02-08 17:30:00+00:00,New York Knicks,Boston Celtics,111,89,0,-22,https://www.basketball-reference.com/leagues/NBA_2026_games-february.html,KXNBAGAME-26FEB08NYKBOS-BOS,KXNBAGAME-26FEB08NYKBOS,Boston Celtics,2026-02-08 20:30:00+00:00,2026-02-06 13:06:00+00:00,0.0,4777624.0,historical,2026-02-08,785,available,0.595,0.59,0.6,0.6,0.010000000000000009,bid_ask_midpoint,2026-02-08T17:15:00+00:00,15.0,665494.0,1188.0,https://api.elections.kalshi.com/trade-api/v2/historical/markets/KXNBAGAME-26FEB08NYKBOS-BOS/candlesticks?start_ts=1770484500&end_ts=1770570900&period_interval=1,0,True,2026-02-08_New_York_Knicks_at_Boston_Celtics
2026-02-08,2026-02-08 19:00:00+00:00,Miami Heat,Washington Wizards,132,101,0,-31,https://www.basketball-reference.com/leagues/NBA_2026_games-february.html,KXNBAGAME-26FEB08MIAWAS-WAS,KXNBAGAME-26FEB08MIAWAS,Washington Wizards,2026-02-08 22:00:00+00:00,2026-02-06 16:06:00+00:00,0.0,1586766.0,historical,2026-02-08,786,available,0.155,0.15,0.16,0.16,0.010000000000000009,bid_ask_midpoint,2026-02-08T18:45:00+00:00,15.0,264112.0,1222.0,https://api.elections.kalshi.com/trade-api/v2/historical/markets/KXNBAGAME-26FEB08MIAWAS-WAS/candlesticks?start_ts=1770489900&end_ts=1770576300&period_interval=1,0,True,2026-02-08_Miami_Heat_at_Washington_Wizards
2026-02-08,2026-02-08 20:00:00+00:00,Indiana Pacers,Toronto Raptors,104,122,1,18,https://www.basketball-reference.com/leagues/NBA_2026_games-february.html,KXNBAGAME-26FEB08INDTOR-TOR,KXNBAGAME-26FEB08INDTOR,Toronto Raptors,2026-02-08 23:00:00+00:00,2026-02-06 16:06:00+00:00,1.0,2195115.0,historical,2026-02-08,788,available,0.755,0.75,0.76,0.76,0.010000000000000009,bid_ask_midpoint,2026-02-08T19:45:00+00:00,15.0,223988.0,1132.0,https://api.elections.kalshi.com/trade-api/v2/historical/markets/KXNBAGAME-26FEB08INDTOR-TOR/candlesticks?start_ts=1770493500&end_ts=1770579900&period_interval=1,1,True,2026-02-08_Indiana_Pacers_at_Toronto_Raptors
2026-02-09,2026-02-10 03:00:00+00:00,Philadelphia 76ers,Portland Trail Blazers,118,135,1,17,https://www.basketball-reference.com/leagues/NBA_2026_games-february.html,KXNBAGAME-26FEB09PHIPOR-POR,KXNBAGAME-26FEB09PHIPOR,Portland Trail Blazers,2026-02-10 06:00:00+00:00,2026-02-07 22:06:00+00:00,1.0,1748661.0,historical,2026-02-10,789,available,0.58,0.57,0.59,0.57,0.020000000000000018,bid_ask_midpoint,2026-02-10T02:45:00+00:00,15.0,131604.0,1162.0,https://api.elections.kalshi.com/trade-api/v2/historical/markets/KXNBAGAME-26FEB09PHIPOR-POR/candlesticks?start_ts=1770605100&end_ts=1770691500&period_interval=1,1,True,2026-02-09_Philadelphia_76ers_at_Portland_Trail_Blazers
2026-02-09,2026-02-10 03:00:00+00:00,Memphis Grizzlies,Golden State Warriors,113,114,1,1,https://www.basketball-reference.com/leagues/NBA_2026_games-february.html,KXNBAGAME-26FEB09MEMGSW-GSW,KXNBAGAME-26FEB09MEMGSW,Golden State Warriors,2026-02-10 06:00:00+00:00,2026-02-07 22:06:00+00:00,1.0,4806012.0,historical,2026-02-10,791,available,0.765,0.76,0.77,0.77,0.010000000000000009,bid_ask_midpoint,2026-02-10T02:45:00+00:00,15.0,144656.0,1324.0,https://api.elections.kalshi.com/trade-api/v2/historical/markets/KXNBAGAME-26FEB09MEMGSW-GSW/candlesticks?start_ts=1770605100&end_ts=1770691500&period_interval=1,1,True,2026-02-09_Memphis_Grizzlies_at_Golden_State_Warriors
2026-02-09,2026-02-10 02:00:00+00:00,Cleveland Cavaliers,Denver Nuggets,119,117,0,-2,https://www.basketball-reference.com/leagues/NBA_2026_games-february.html,KXNBAGAME-26FEB09CLEDEN-DEN,KXNBAGAME-26FEB09CLEDEN,Denver Nuggets,2026-02-10 05:00:00+00:00,2026-02-07 22:06:00+00:00,0.0,5696082.0,historical,2026-02-10,792,available,0.555,0.55,0.56,0.56,0.010000000000000009,bid_ask_midpoint,2026-02-10T01:45:00+00:00,15.0,503678.0,1399.0,https://api.elections.kalshi.com/trade-api/v2/historical/markets/KXNBAGAME-26FEB09CLEDEN-DEN/candlesticks?start_ts=1770601500&end_ts=1770687900&period_interval=1,0,True,2026-02-09_Cleveland_Cavaliers_at_Denver_Nuggets
2026-02-09,2026-02-10 01:00:00+00:00,Sacramento Kings,New Orleans Pelicans,94,120,1,26,https://www.basketball-reference.com/leagues/NBA_2026_games-february.html,KXNBAGAME-26FEB09SACNOP-NOP,KXNBAGAME-26FEB09SACNOP,New Orleans Pelicans,2026-02-10 04:00:00+00:00,2026-02-07 22:06:00+00:00,1.0,290738.0,historical,2026-02-09,793,missing,,,,,,,,,,,,1,True,2026-02-09_Sacramento_Kings_at_New_Orleans_Pelicans
2026-02-09,2026-02-10 00:30:00+00:00,Milwaukee Bucks,Orlando Magic,99,118,1,19,https://www.basketball-reference.com/leagues/NBA_2026_games-february.html,KXNBAGAME-26FEB09MILORL-ORL,KXNBAGAME-26FEB09MILORL,Orlando Magic,2026-02-10 03:30:00+00:00,2026-02-07 22:06:00+00:00,1.0,1191126.0,historical,2026-02-09,794,available,0.775,0.77,0.78,0.78,0.010000000000000009,bid_ask_midpoint,2026-02-10T00:15:00+00:00,15.0,315147.0,1370.0,https://api.elections.kalshi.com/trade-api/v2/historical/markets/KXNBAGAME-26FEB09MILORL-ORL/candlesticks?start_ts=1770596100&end_ts=1770682500&period_interval=1,1,True,2026-02-09_Milwaukee_Bucks_at_Orlando_Magic
2026-02-09,2026-02-10 00:30:00+00:00,Utah Jazz,Miami Heat,115,111,0,-4,https://www.basketball-reference.com/leagues/NBA_2026_games-february.html,KXNBAGAME-26FEB09UTAMIA-MIA,KXNBAGAME-26FEB09UTAMIA,Miami Heat,2026-02-10 03:30:00+00:00,2026-02-07 22:06:00+00:00,0.0,3742859.0,historical,2026-02-09,795,available,0.705,0.7,0.71,0.71,0.010000000000000009,bid_ask_midpoint,2026-02-10T00:15:00+00:00,15.0,489403.0,1383.0,https://api.elections.kalshi.com/trade-api/v2/historical/markets/KXNBAGAME-26FEB09UTAMIA-MIA/candlesticks?start_ts=1770596100&end_ts=1770682500&period_interval=1,0,True,2026-02-09_Utah_Jazz_at_Miami_Heat
2026-02-09,2026-02-10 00:30:00+00:00,Chicago Bulls,Brooklyn Nets,115,123,1,8,https://www.basketball-reference.com/leagues/NBA_2026_games-february.html,KXNBAGAME-26FEB09CHIBKN-BKN,KXNBAGAME-26FEB09CHIBKN,Brooklyn Nets,2026-02-10 03:30:00+00:00,2026-02-07 22:06:00+00:00,1.0,3078961.0,historical,2026-02-09,796,available,0.415,0.41,0.42,0.42,0.010000000000000009,bid_ask_midpoint,2026-02-10T00:15:00+00:00,15.0,146503.0,1322.0,https://api.elections.kalshi.com/trade-api/v2/historical/markets/KXNBAGAME-26FEB09CHIBKN-BKN/candlesticks?start_ts=1770596100&end_ts=1770682500&period_interval=1,1,True,2026-02-09_Chicago_Bulls_at_Brooklyn_Nets
2026-02-09,2026-02-10 00:00:00+00:00,Detroit Pistons,Charlotte Hornets,110,104,0,-6,https://www.basketball-reference.com/leagues/NBA_2026_games-february.html,KXNBAGAME-26FEB09DETCHA-CHA,KXNBAGAME-26FEB09DETCHA,Charlotte Hornets,2026-02-10 03:00:00+00:00,2026-02-07 19:06:00+00:00,0.0,5742951.0,historical,2026-02-09,797,available,0.435,0.43,0.44,0.44,0.010000000000000009,bid_ask_midpoint,2026-02-09T23:45:00+00:00,15.0,916216.0,1430.0,https://api.elections.kalshi.com/trade-api/v2/historical/markets/KXNBAGAME-26FEB09DETCHA-CHA/candlesticks?start_ts=1770594300&end_ts=1770680700&period_interval=1,0,True,2026-02-09_Detroit_Pistons_at_Charlotte_Hornets
2026-02-09,2026-02-10 01:00:00+00:00,Atlanta Hawks,Minnesota Timberwolves,116,138,1,22,https://www.basketball-reference.com/leagues/NBA_2026_games-february.html,KXNBAGAME-26FEB09ATLMIN-MIN,KXNBAGAME-26FEB09ATLMIN,Minnesota Timberwolves,2026-02-10 04:00:00+00:00,2026-02-07 22:06:00+00:00,1.0,825383.0,historical,2026-02-09,798,available,0.745,0.74,0.75,0.75,0.010000000000000009,bid_ask_midpoint,2026-02-10T00:45:00+00:00,15.0,295443.0,1255.0,https://api.elections.kalshi.com/trade-api/v2/historical/markets/KXNBAGAME-26FEB09ATLMIN-MIN/candlesticks?start_ts=1770597900&end_ts=1770684300&period_interval=1,1,True,2026-02-09_Atlanta_Hawks_at_Minnesota_Timberwolves
2026-02-10,2026-02-11 00:30:00+00:00,Indiana Pacers,New York Knicks,137,134,0,-3,https://www.basketball-reference.com/leagues/NBA_2026_games-february.html,KXNBAGAME-26FEB10INDNYK-NYK,KXNBAGAME-26FEB10INDNYK,New York Knicks,2026-02-11 03:30:00+00:00,2026-02-08 22:06:00+00:00,0.0,10178740.0,historical,2026-02-10,799,available,0.825,0.82,0.83,0.83,0.010000000000000009,bid_ask_midpoint,2026-02-11T00:15:00+00:00,15.0,1076273.0,1144.0,https://api.elections.kalshi.com/trade-api/v2/historical/markets/KXNBAGAME-26FEB10INDNYK-NYK/candlesticks?start_ts=1770682500&end_ts=1770768900&period_interval=1,0,True,2026-02-10_Indiana_Pacers_at_New_York_Knicks
2026-02-10,2026-02-11 02:00:00+00:00,Dallas Mavericks,Phoenix Suns,111,120,1,9,https://www.basketball-reference.com/leagues/NBA_2026_games-february.html,KXNBAGAME-26FEB10DALPHX-PHX,KXNBAGAME-26FEB10DALPHX,Phoenix Suns,2026-02-11 05:00:00+00:00,2026-02-08 22:06:00+00:00,1.0,1593312.0,historical,2026-02-11,801,available,0.735,0.73,0.74,0.73,0.010000000000000009,bid_ask_midpoint,2026-02-11T01:45:00+00:00,15.0,301119.0,1031.0,https://api.elections.kalshi.com/trade-api/v2/historical/markets/KXNBAGAME-26FEB10DALPHX-PHX/candlesticks?start_ts=1770687900&end_ts=1770774300&period_interval=1,1,True,2026-02-10_Dallas_Mavericks_at_Phoenix_Suns
2026-02-11,2026-02-12 01:00:00+00:00,Portland Trail Blazers,Minnesota Timberwolves,109,133,1,24,https://www.basketball-reference.com/leagues/NBA_2026_games-february.html,KXNBAGAME-26FEB11PORMIN-MIN,KXNBAGAME-26FEB11PORMIN,Minnesota Timberwolves,2026-02-12 04:00:00+00:00,2026-02-09 22:06:00+00:00,1.0,572827.0,historical,2026-02-11,803,available,0.725,0.72,0.73,0.73,0.010000000000000009,bid_ask_midpoint,2026-02-12T00:45:00+00:00,15.0,140100.0,684.0,https://api.elections.kalshi.com/trade-api/v2/historical/markets/KXNBAGAME-26FEB11PORMIN-MIN/candlesticks?start_ts=1770770700&end_ts=1770857100&period_interval=1,1,True,2026-02-11_Portland_Trail_Blazers_at_Minnesota_Timberwolves
2026-02-11,2026-02-12 02:00:00+00:00,Sacramento Kings,Utah Jazz,93,121,1,28,https://www.basketball-reference.com/leagues/NBA_2026_games-february.html,KXNBAGAME-26FEB11SACUTA-UTA,KXNBAGAME-26FEB11SACUTA,Utah Jazz,2026-02-12 05:00:00+00:00,2026-02-09 22:06:00+00:00,1.0,826559.0,historical,2026-02-12,804,available,0.655,0.65,0.66,0.66,0.010000000000000009,bid_ask_midpoint,2026-02-12T01:45:00+00:00,15.0,233874.0,679.0,https://api.elections.kalshi.com/trade-api/v2/historical/markets/KXNBAGAME-26FEB11SACUTA-UTA/candlesticks?start_ts=1770774300&end_ts=1770860700&period_interval=1,1,True,2026-02-11_Sacramento_Kings_at_Utah_Jazz
2026-02-11,2026-02-12 02:00:00+00:00,Oklahoma City Thunder,Phoenix Suns,136,109,0,-27,https://www.basketball-reference.com/leagues/NBA_2026_games-february.html,KXNBAGAME-26FEB11OKCPHX-PHX,KXNBAGAME-26FEB11OKCPHX,Phoenix Suns,2026-02-12 05:00:00+00:00,2026-02-09 22:06:00+00:00,0.0,831121.0,historical,2026-02-12,805,available,0.29000000000000004,0.28,0.3,0.28,0.019999999999999962,bid_ask_midpoint,2026-02-12T01:45:00+00:00,15.0,268476.0,819.0,https://api.elections.kalshi.com/trade-api/v2/historical/markets/KXNBAGAME-26FEB11OKCPHX-PHX/candlesticks?start_ts=1770774300&end_ts=1770860700&period_interval=1,0,True,2026-02-11_Oklahoma_City_Thunder_at_Phoenix_Suns
2026-02-11,2026-02-12 02:00:00+00:00,Memphis Grizzlies,Denver Nuggets,116,122,1,6,https://www.basketball-reference.com/leagues/NBA_2026_games-february.html,KXNBAGAME-26FEB11MEMDEN-DEN,KXNBAGAME-26FEB11MEMDEN,Denver Nuggets,2026-02-12 05:00:00+00:00,2026-02-09 22:06:00+00:00,1.0,2380982.0,historical,2026-02-12,806,missing,,,,,,,,,,,,1,True,2026-02-11_Memphis_Grizzlies_at_Denver_Nuggets
2026-02-11,2026-02-12 01:00:00+00:00,Miami Heat,New Orleans Pelicans,123,111,0,-12,https://www.basketball-reference.com/leagues/NBA_2026_games-february.html,KXNBAGAME-26FEB11MIANOP-NOP,KXNBAGAME-26FEB11MIANOP,New Orleans Pelicans,2026-02-12 04:00:00+00:00,2026-02-09 22:06:00+00:00,0.0,2224313.0,historical,2026-02-11,807,available,0.535,0.53,0.54,0.54,0.010000000000000009,bid_ask_midpoint,2026-02-12T00:45:00+00:00,15.0,250655.0,485.0,https://api.elections.kalshi.com/trade-api/v2/historical/markets/KXNBAGAME-26FEB11MIANOP-NOP/candlesticks?start_ts=1770770700&end_ts=1770857100&period_interval=1,0,True,2026-02-11_Miami_Heat_at_New_Orleans_Pelicans
2026-02-11,2026-02-12 03:00:00+00:00,San Antonio Spurs,Golden State Warriors,126,113,0,-13,https://www.basketball-reference.com/leagues/NBA_2026_games-february.html,KXNBAGAME-26FEB11SASGSW-GSW,KXNBAGAME-26FEB11SASGSW,Golden State Warriors,2026-02-12 06:00:00+00:00,2026-02-09 22:06:00+00:00,0.0,8549330.0,historical,2026-02-12,809,missing,,,,,,,,,,,,0,True,2026-02-11_San_Antonio_Spurs_at_Golden_State_Warriors
2026-02-11,2026-02-12 00:30:00+00:00,New York Knicks,Philadelphia 76ers,138,89,0,-49,https://www.basketball-reference.com/leagues/NBA_2026_games-february.html,KXNBAGAME-26FEB11NYKPHI-PHI,KXNBAGAME-26FEB11NYKPHI,Philadelphia 76ers,2026-02-12 03:30:00+00:00,2026-02-09 22:06:00+00:00,0.0,1355669.0,historical,2026-02-11,810,missing,,,,,,,,,,,,0,True,2026-02-11_New_York_Knicks_at_Philadelphia_76ers
2026-02-11,2026-02-12 00:30:00+00:00,Indiana Pacers,Brooklyn Nets,115,110,0,-5,https://www.basketball-reference.com/leagues/NBA_2026_games-february.html,KXNBAGAME-26FEB11INDBKN-BKN,KXNBAGAME-26FEB11INDBKN,Brooklyn Nets,2026-02-12 03:30:00+00:00,2026-02-09 22:06:00+00:00,0.0,1638320.0,historical,2026-02-11,811,missing,,,,,,,,,,,,0,True,2026-02-11_Indiana_Pacers_at_Brooklyn_Nets
2026-02-11,2026-02-12 00:30:00+00:00,Chicago Bulls,Boston Celtics,105,124,1,19,https://www.basketball-reference.com/leagues/NBA_2026_games-february.html,KXNBAGAME-26FEB11CHIBOS-BOS,KXNBAGAME-26FEB11CHIBOS,Boston Celtics,2026-02-12 03:30:00+00:00,2026-02-09 22:06:00+00:00,1.0,559508.0,historical,2026-02-11,812,available,0.855,0.85,0.86,0.86,0.010000000000000009,bid_ask_midpoint,2026-02-12T00:15:00+00:00,15.0,212188.0,649.0,https://api.elections.kalshi.com/trade-api/v2/historical/markets/KXNBAGAME-26FEB11CHIBOS-BOS/candlesticks?start_ts=1770768900&end_ts=1770855300&period_interval=1,1,True,2026-02-11_Chicago_Bulls_at_Boston_Celtics
2026-02-11,2026-02-12 00:00:00+00:00,Milwaukee Bucks,Orlando Magic,116,108,0,-8,https://www.basketball-reference.com/leagues/NBA_2026_games-february.html,KXNBAGAME-26FEB11MILORL-ORL,KXNBAGAME-26FEB11MILORL,Orlando Magic,2026-02-12 03:00:00+00:00,2026-02-09 19:06:00+00:00,0.0,1975549.0,historical,2026-02-11,813,available,0.805,0.8,0.81,0.81,0.010000000000000009,bid_ask_midpoint,2026-02-11T23:45:00+00:00,15.0,127226.0,729.0,https://api.elections.kalshi.com/trade-api/v2/historical/markets/KXNBAGAME-26FEB11MILORL-ORL/candlesticks?start_ts=1770767100&end_ts=1770853500&period_interval=1,0,True,2026-02-11_Milwaukee_Bucks_at_Orlando_Magic
2026-02-11,2026-02-12 00:00:00+00:00,Washington Wizards,Cleveland Cavaliers,113,138,1,25,https://www.basketball-reference.com/leagues/NBA_2026_games-february.html,KXNBAGAME-26FEB11WASCLE-CLE,KXNBAGAME-26FEB11WASCLE,Cleveland Cavaliers,2026-02-12 03:00:00+00:00,2026-02-09 19:06:00+00:00,1.0,1312937.0,historical,2026-02-11,814,available,0.905,0.9,0.91,0.91,0.010000000000000009,bid_ask_midpoint,2026-02-11T23:45:00+00:00,15.0,464905.0,971.0,https://api.elections.kalshi.com/trade-api/v2/historical/markets/KXNBAGAME-26FEB11WASCLE-CLE/candlesticks?start_ts=1770767100&end_ts=1770853500&period_interval=1,1,True,2026-02-11_Washington_Wizards_at_Cleveland_Cavaliers
2026-02-11,2026-02-12 00:00:00+00:00,Atlanta Hawks,Charlotte Hornets,107,110,1,3,https://www.basketball-reference.com/leagues/NBA_2026_games-february.html,KXNBAGAME-26FEB11ATLCHA-CHA,KXNBAGAME-26FEB11ATLCHA,Charlotte Hornets,2026-02-12 03:00:00+00:00,2026-02-09 19:06:00+00:00,1.0,3417305.0,historical,2026-02-11,815,available,0.545,0.54,0.55,0.55,0.010000000000000009,bid_ask_midpoint,2026-02-11T23:45:00+00:00,15.0,626404.0,1179.0,https://api.elections.kalshi.com/trade-api/v2/historical/markets/KXNBAGAME-26FEB11ATLCHA-CHA/candlesticks?start_ts=1770767100&end_ts=1770853500&period_interval=1,1,True,2026-02-11_Atlanta_Hawks_at_Charlotte_Hornets
2026-02-11,2026-02-12 00:30:00+00:00,Detroit Pistons,Toronto Raptors,113,95,0,-18,https://www.basketball-reference.com/leagues/NBA_2026_games-february.html,KXNBAGAME-26FEB11DETTOR-TOR,KXNBAGAME-26FEB11DETTOR,Toronto Raptors,2026-02-12 03:30:00+00:00,2026-02-09 22:06:00+00:00,0.0,1426756.0,historical,2026-02-11,816,available,0.505,0.5,0.51,0.51,0.010000000000000009,bid_ask_midpoint,2026-02-12T00:15:00+00:00,15.0,484047.0,816.0,https://api.elections.kalshi.com/trade-api/v2/historical/markets/KXNBAGAME-26FEB11DETTOR-TOR/candlesticks?start_ts=1770768900&end_ts=1770855300&period_interval=1,0,True,2026-02-11_Detroit_Pistons_at_Toronto_Raptors
2026-02-12,2026-02-13 02:00:00+00:00,Portland Trail Blazers,Utah Jazz,135,119,0,-16,https://www.basketball-reference.com/leagues/NBA_2026_games-february.html,KXNBAGAME-26FEB12PORUTA-UTA,KXNBAGAME-26FEB12PORUTA,Utah Jazz,2026-02-13 05:00:00+00:00,2026-02-10 22:06:00+00:00,0.0,4077183.0,historical,2026-02-13,817,available,0.325,0.32,0.33,0.33,0.010000000000000009,bid_ask_midpoint,2026-02-13T01:45:00+00:00,15.0,360144.0,1186.0,https://api.elections.kalshi.com/trade-api/v2/historical/markets/KXNBAGAME-26FEB12PORUTA-UTA/candlesticks?start_ts=1770860700&end_ts=1770947100&period_interval=1,0,True,2026-02-12_Portland_Trail_Blazers_at_Utah_Jazz
2026-02-12,2026-02-13 00:30:00+00:00,Milwaukee Bucks,Oklahoma City Thunder,110,93,0,-17,https://www.basketball-reference.com/leagues/NBA_2026_games-february.html,KXNBAGAME-26FEB12MILOKC-OKC,KXNBAGAME-26FEB12MILOKC,Oklahoma City Thunder,2026-02-13 03:30:00+00:00,2026-02-10 22:06:00+00:00,0.0,4678620.0,historical,2026-02-12,819,missing,,,,,,,,,,,,0,True,2026-02-12_Milwaukee_Bucks_at_Oklahoma_City_Thunder
2026-02-19,2026-02-20 03:00:00+00:00,Boston Celtics,Golden State Warriors,121,110,0,-11,https://www.basketball-reference.com/leagues/NBA_2026_games-february.html,KXNBAGAME-26FEB19BOSGSW-GSW,KXNBAGAME-26FEB19BOSGSW,Golden State Warriors,2026-02-20 06:00:00+00:00,2026-02-16 15:37:00+00:00,0.0,2538400.0,historical,2026-02-20,820,available,0.33,0.32,0.34,0.34,0.020000000000000018,bid_ask_midpoint,2026-02-20T02:45:00+00:00,15.0,243889.0,1022.0,https://api.elections.kalshi.com/trade-api/v2/historical/markets/KXNBAGAME-26FEB19BOSGSW-GSW/candlesticks?start_ts=1771469100&end_ts=1771555500&period_interval=1,0,True,2026-02-19_Boston_Celtics_at_Golden_State_Warriors
2026-02-19,2026-02-20 01:30:00+00:00,Phoenix Suns,San Antonio Spurs,94,121,1,27,https://www.basketball-reference.com/leagues/NBA_2026_games-february.html,KXNBAGAME-26FEB19PHXSAS-SAS,KXNBAGAME-26FEB19PHXSAS,San Antonio Spurs,2026-02-20 04:30:00+00:00,2026-02-16 15:37:00+00:00,1.0,1331622.0,historical,2026-02-19,821,available,0.725,0.72,0.73,0.73,0.010000000000000009,bid_ask_midpoint,2026-02-20T01:15:00+00:00,15.0,359328.0,982.0,https://api.elections.kalshi.com/trade-api/v2/historical/markets/KXNBAGAME-26FEB19PHXSAS-SAS/candlesticks?start_ts=1771463700&end_ts=1771550100&period_interval=1,1,True,2026-02-19_Phoenix_Suns_at_San_Antonio_Spurs
2026-02-19,2026-02-20 03:00:00+00:00,Orlando Magic,Sacramento Kings,131,94,0,-37,https://www.basketball-reference.com/leagues/NBA_2026_games-february.html,KXNBAGAME-26FEB19ORLSAC-SAC,KXNBAGAME-26FEB19ORLSAC,Sacramento Kings,2026-02-20 06:00:00+00:00,2026-02-16 15:37:00+00:00,0.0,3341116.0,historical,2026-02-20,823,missing,,,,,,,,,,,,0,True,2026-02-19_Orlando_Magic_at_Sacramento_Kings
2026-02-19,2026-02-20 01:00:00+00:00,Toronto Raptors,Chicago Bulls,110,101,0,-9,https://www.basketball-reference.com/leagues/NBA_2026_games-february.html,KXNBAGAME-26FEB19TORCHI-CHI,KXNBAGAME-26FEB19TORCHI,Chicago Bulls,2026-02-20 04:00:00+00:00,2026-02-16 15:37:00+00:00,0.0,2369380.0,historical,2026-02-19,824,available,0.335,0.33,0.34,0.34,0.010000000000000009,bid_ask_midpoint,2026-02-20T00:45:00+00:00,15.0,75267.0,828.0,https://api.elections.kalshi.com/trade-api/v2/historical/markets/KXNBAGAME-26FEB19TORCHI-CHI/candlesticks?start_ts=1771461900&end_ts=1771548300&period_interval=1,0,True,2026-02-19_Toronto_Raptors_at_Chicago_Bulls
2026-02-19,2026-02-20 00:00:00+00:00,Atlanta Hawks,Philadelphia 76ers,117,107,0,-10,https://www.basketball-reference.com/leagues/NBA_2026_games-february.html,KXNBAGAME-26FEB19ATLPHI-PHI,KXNBAGAME-26FEB19ATLPHI,Philadelphia 76ers,2026-02-20 03:00:00+00:00,2026-02-16 15:37:00+00:00,0.0,2601813.0,historical,2026-02-19,825,available,0.515,0.51,0.52,0.52,0.010000000000000009,bid_ask_midpoint,2026-02-19T23:45:00+00:00,15.0,313148.0,1152.0,https://api.elections.kalshi.com/trade-api/v2/historical/markets/KXNBAGAME-26FEB19ATLPHI-PHI/candlesticks?start_ts=1771458300&end_ts=1771544700&period_interval=1,0,True,2026-02-19_Atlanta_Hawks_at_Philadelphia_76ers
2026-02-19,2026-02-20 00:00:00+00:00,Indiana Pacers,Washington Wizards,105,112,1,7,https://www.basketball-reference.com/leagues/NBA_2026_games-february.html,KXNBAGAME-26FEB19INDWAS-WAS,KXNBAGAME-26FEB19INDWAS,Washington Wizards,2026-02-20 03:00:00+00:00,2026-02-16 15:37:00+00:00,1.0,1401384.0,historical,2026-02-19,826,available,0.455,0.45,0.46,0.46,0.010000000000000009,bid_ask_midpoint,2026-02-19T23:45:00+00:00,15.0,92564.0,798.0,https://api.elections.kalshi.com/trade-api/v2/historical/markets/KXNBAGAME-26FEB19INDWAS-WAS/candlesticks?start_ts=1771458300&end_ts=1771544700&period_interval=1,1,True,2026-02-19_Indiana_Pacers_at_Washington_Wizards
2026-02-19,2026-02-20 00:30:00+00:00,Detroit Pistons,New York Knicks,126,111,0,-15,https://www.basketball-reference.com/leagues/NBA_2026_games-february.html,KXNBAGAME-26FEB19DETNYK-NYK,KXNBAGAME-26FEB19DETNYK,New York Knicks,2026-02-20 03:30:00+00:00,2026-02-16 15:37:00+00:00,0.0,4473637.0,historical,2026-02-19,827,available,0.605,0.6,0.61,0.61,0.010000000000000009,bid_ask_midpoint,2026-02-20T00:15:00+00:00,15.0,733156.0,1103.0,https://api.elections.kalshi.com/trade-api/v2/historical/markets/KXNBAGAME-26FEB19DETNYK-NYK/candlesticks?start_ts=1771460100&end_ts=1771546500&period_interval=1,0,True,2026-02-19_Detroit_Pistons_at_New_York_Knicks
2026-02-19,2026-02-20 00:00:00+00:00,Brooklyn Nets,Cleveland Cavaliers,84,112,1,28,https://www.basketball-reference.com/leagues/NBA_2026_games-february.html,KXNBAGAME-26FEB19BKNCLE-CLE,KXNBAGAME-26FEB19BKNCLE,Cleveland Cavaliers,2026-02-20 03:00:00+00:00,2026-02-16 15:37:00+00:00,1.0,881388.0,historical,2026-02-19,828,available,0.895,0.89,0.9,0.9,0.010000000000000009,bid_ask_midpoint,2026-02-19T23:45:00+00:00,15.0,320371.0,1084.0,https://api.elections.kalshi.com/trade-api/v2/historical/markets/KXNBAGAME-26FEB19BKNCLE-CLE/candlesticks?start_ts=1771458300&end_ts=1771544700&period_interval=1,1,True,2026-02-19_Brooklyn_Nets_at_Cleveland_Cavaliers
2026-02-19,2026-02-20 00:00:00+00:00,Houston Rockets,Charlotte Hornets,105,101,0,-4,https://www.basketball-reference.com/leagues/NBA_2026_games-february.html,KXNBAGAME-26FEB19HOUCHA-CHA,KXNBAGAME-26FEB19HOUCHA,Charlotte Hornets,2026-02-20 03:00:00+00:00,2026-02-16 15:37:00+00:00,0.0,4427850.0,historical,2026-02-19,829,missing,,,,,,,,,,,,0,True,2026-02-19_Houston_Rockets_at_Charlotte_Hornets
2026-02-20,2026-02-21 00:00:00+00:00,Cleveland Cavaliers,Charlotte Hornets,118,113,0,-5,https://www.basketball-reference.com/leagues/NBA_2026_games-february.html,KXNBAGAME-26FEB20CLECHA-CHA,KXNBAGAME-26FEB20CLECHA,Charlotte Hornets,2026-02-21 03:00:00+00:00,2026-02-18 14:06:00+00:00,0.0,3723409.0,historical,2026-02-20,830,available,0.345,0.34,0.35,0.35,0.009999999999999953,bid_ask_midpoint,2026-02-20T23:45:00+00:00,15.0,270069.0,1083.0,https://api.elections.kalshi.com/trade-api/v2/historical/markets/KXNBAGAME-26FEB20CLECHA-CHA/candlesticks?start_ts=1771544700&end_ts=1771631100&period_interval=1,0,True,2026-02-20_Cleveland_Cavaliers_at_Charlotte_Hornets
2026-02-20,2026-02-21 00:00:00+00:00,Utah Jazz,Memphis Grizzlies,114,123,1,9,https://www.basketball-reference.com/leagues/NBA_2026_games-february.html,KXNBAGAME-26FEB20UTAMEM-MEM,KXNBAGAME-26FEB20UTAMEM,Memphis Grizzlies,2026-02-21 03:00:00+00:00,2026-02-18 14:06:00+00:00,1.0,1361331.0,historical,2026-02-20,831,available,0.565,0.56,0.57,0.57,0.009999999999999898,bid_ask_midpoint,2026-02-20T23:45:00+00:00,15.0,297673.0,1037.0,https://api.elections.kalshi.com/trade-api/v2/historical/markets/KXNBAGAME-26FEB20UTAMEM-MEM/candlesticks?start_ts=1771544700&end_ts=1771631100&period_interval=1,1,True,2026-02-20_Utah_Jazz_at_Memphis_Grizzlies
2026-02-20,2026-02-21 00:00:00+00:00,Indiana Pacers,Washington Wizards,118,131,1,13,https://www.basketball-reference.com/leagues/NBA_2026_games-february.html,KXNBAGAME-26FEB20INDWAS-WAS,KXNBAGAME-26FEB20INDWAS,Washington Wizards,2026-02-21 03:00:00+00:00,2026-02-18 14:06:00+00:00,1.0,1727403.0,historical,2026-02-20,832,available,0.515,0.51,0.52,0.52,0.010000000000000009,bid_ask_midpoint,2026-02-20T23:45:00+00:00,15.0,232473.0,1139.0,https://api.elections.kalshi.com/trade-api/v2/historical/markets/KXNBAGAME-26FEB20INDWAS-WAS/candlesticks?start_ts=1771544700&end_ts=1771631100&period_interval=1,1,True,2026-02-20_Indiana_Pacers_at_Washington_Wizards
2026-02-20,2026-02-21 00:30:00+00:00,Miami Heat,Atlanta Hawks,128,97,0,-31,https://www.basketball-reference.com/leagues/NBA_2026_games-february.html,KXNBAGAME-26FEB20MIAATL-ATL,KXNBAGAME-26FEB20MIAATL,Atlanta Hawks,2026-02-21 03:30:00+00:00,2026-02-18 17:06:00+00:00,0.0,899764.0,historical,2026-02-20,833,available,0.435,0.43,0.44,0.44,0.010000000000000009,bid_ask_midpoint,2026-02-21T00:15:00+00:00,15.0,141820.0,999.0,https://api.elections.kalshi.com/trade-api/v2/historical/markets/KXNBAGAME-26FEB20MIAATL-ATL/candlesticks?start_ts=1771546500&end_ts=1771632900&period_interval=1,0,True,2026-02-20_Miami_Heat_at_Atlanta_Hawks
2026-02-20,2026-02-21 00:30:00+00:00,Dallas Mavericks,Minnesota Timberwolves,111,122,1,11,https://www.basketball-reference.com/leagues/NBA_2026_games-february.html,KXNBAGAME-26FEB20DALMIN-MIN,KXNBAGAME-26FEB20DALMIN,Minnesota Timberwolves,2026-02-21 03:30:00+00:00,2026-02-18 17:06:00+00:00,1.0,2321215.0,historical,2026-02-20,834,available,0.855,0.85,0.86,0.86,0.010000000000000009,bid_ask_midpoint,2026-02-21T00:15:00+00:00,15.0,570000.0,1046.0,https://api.elections.kalshi.com/trade-api/v2/historical/markets/KXNBAGAME-26FEB20DALMIN-MIN/candlesticks?start_ts=1771546500&end_ts=1771632900&period_interval=1,1,True,2026-02-20_Dallas_Mavericks_at_Minnesota_Timberwolves
2026-02-20,2026-02-21 01:00:00+00:00,Milwaukee Bucks,New Orleans Pelicans,139,118,0,-21,https://www.basketball-reference.com/leagues/NBA_2026_games-february.html,KXNBAGAME-26FEB20MILNOP-NOP,KXNBAGAME-26FEB20MILNOP,New Orleans Pelicans,2026-02-21 04:00:00+00:00,2026-02-18 17:06:00+00:00,0.0,1891534.0,historical,2026-02-20,835,missing,,,,,,,,,,,,0,True,2026-02-20_Milwaukee_Bucks_at_New_Orleans_Pelicans
2026-02-20,2026-02-21 01:00:00+00:00,Brooklyn Nets,Oklahoma City Thunder,86,105,1,19,https://www.basketball-reference.com/leagues/NBA_2026_games-february.html,KXNBAGAME-26FEB20BKNOKC-OKC,KXNBAGAME-26FEB20BKNOKC,Oklahoma City Thunder,2026-02-21 04:00:00+00:00,2026-02-18 17:06:00+00:00,1.0,1293310.0,historical,2026-02-20,836,missing,,,,,,,,,,,,1,True,2026-02-20_Brooklyn_Nets_at_Oklahoma_City_Thunder
2026-02-20,2026-02-21 03:00:00+00:00,Denver Nuggets,Portland Trail Blazers,157,103,0,-54,https://www.basketball-reference.com/leagues/NBA_2026_games-february.html,KXNBAGAME-26FEB20DENPOR-POR,KXNBAGAME-26FEB20DENPOR,Portland Trail Blazers,2026-02-21 06:00:00+00:00,2026-02-18 17:06:00+00:00,0.0,2078655.0,historical,2026-02-21,838,available,0.46499999999999997,0.46,0.47,0.47,0.009999999999999953,bid_ask_midpoint,2026-02-21T02:45:00+00:00,15.0,338911.0,1075.0,https://api.elections.kalshi.com/trade-api/v2/historical/markets/KXNBAGAME-26FEB20DENPOR-POR/candlesticks?start_ts=1771555500&end_ts=1771641900&period_interval=1,0,True,2026-02-20_Denver_Nuggets_at_Portland_Trail_Blazers
2026-02-21,2026-02-22 01:00:00+00:00,Sacramento Kings,San Antonio Spurs,122,139,1,17,https://www.basketball-reference.com/leagues/NBA_2026_games-february.html,KXNBAGAME-26FEB21SACSAS-SAS,KXNBAGAME-26FEB21SACSAS,San Antonio Spurs,2026-02-22 04:00:00+00:00,2026-02-19 17:07:00+00:00,1.0,1719117.0,historical,2026-02-21,839,missing,,,,,,,,,,,,1,True,2026-02-21_Sacramento_Kings_at_San_Antonio_Spurs
2026-02-21,2026-02-22 01:00:00+00:00,Memphis Grizzlies,Miami Heat,120,136,1,16,https://www.basketball-reference.com/leagues/NBA_2026_games-february.html,KXNBAGAME-26FEB21MEMMIA-MIA,KXNBAGAME-26FEB21MEMMIA,Miami Heat,2026-02-22 04:00:00+00:00,2026-02-19 17:07:00+00:00,1.0,796622.0,historical,2026-02-21,840,available,0.815,0.81,0.82,0.82,0.009999999999999898,bid_ask_midpoint,2026-02-22T00:45:00+00:00,15.0,236256.0,952.0,https://api.elections.kalshi.com/trade-api/v2/historical/markets/KXNBAGAME-26FEB21MEMMIA-MIA/candlesticks?start_ts=1771634700&end_ts=1771721100&period_interval=1,1,True,2026-02-21_Memphis_Grizzlies_at_Miami_Heat
2026-02-21,2026-02-22 01:30:00+00:00,Houston Rockets,New York Knicks,106,108,1,2,https://www.basketball-reference.com/leagues/NBA_2026_games-february.html,KXNBAGAME-26FEB21HOUNYK-NYK,KXNBAGAME-26FEB21HOUNYK,New York Knicks,2026-02-22 04:30:00+00:00,2026-02-19 17:07:00+00:00,1.0,7875842.0,historical,2026-02-21,841,available,0.605,0.6,0.61,0.61,0.010000000000000009,bid_ask_midpoint,2026-02-22T01:15:00+00:00,15.0,401836.0,1127.0,https://api.elections.kalshi.com/trade-api/v2/historical/markets/KXNBAGAME-26FEB21HOUNYK-NYK/candlesticks?start_ts=1771636500&end_ts=1771722900&period_interval=1,1,True,2026-02-21_Houston_Rockets_at_New_York_Knicks
2026-02-21,2026-02-22 00:00:00+00:00,Philadelphia 76ers,New Orleans Pelicans,111,126,1,15,https://www.basketball-reference.com/leagues/NBA_2026_games-february.html,KXNBAGAME-26FEB21PHINOP-NOP,KXNBAGAME-26FEB21PHINOP,New Orleans Pelicans,2026-02-22 03:00:00+00:00,2026-02-19 14:06:00+00:00,1.0,1791419.0,historical,2026-02-21,842,available,0.395,0.39,0.4,0.39,0.010000000000000009,bid_ask_midpoint,2026-02-21T23:45:00+00:00,15.0,59956.0,877.0,https://api.elections.kalshi.com/trade-api/v2/historical/markets/KXNBAGAME-26FEB21PHINOP-NOP/candlesticks?start_ts=1771631100&end_ts=1771717500&period_interval=1,1,True,2026-02-21_Philadelphia_76ers_at_New_Orleans_Pelicans
2026-02-21,2026-02-21 22:00:00+00:00,Orlando Magic,Phoenix Suns,110,113,1,3,https://www.basketball-reference.com/leagues/NBA_2026_games-february.html,KXNBAGAME-26FEB21ORLPHX-PHX,KXNBAGAME-26FEB21ORLPHX,Phoenix Suns,2026-02-22 01:00:00+00:00,2026-02-19 14:06:00+00:00,1.0,8293410.0,historical,2026-02-21,843,available,0.595,0.59,0.6,0.6,0.010000000000000009,bid_ask_midpoint,2026-02-21T21:45:00+00:00,15.0,302187.0,1182.0,https://api.elections.kalshi.com/trade-api/v2/historical/markets/KXNBAGAME-26FEB21ORLPHX-PHX/candlesticks?start_ts=1771623900&end_ts=1771710300&period_interval=1,1,True,2026-02-21_Orlando_Magic_at_Phoenix_Suns
2026-02-21,2026-02-22 01:00:00+00:00,Detroit Pistons,Chicago Bulls,126,110,0,-16,https://www.basketball-reference.com/leagues/NBA_2026_games-february.html,KXNBAGAME-26FEB21DETCHI-CHI,KXNBAGAME-26FEB21DETCHI,Chicago Bulls,2026-02-22 04:00:00+00:00,2026-02-19 17:07:00+00:00,0.0,1225378.0,historical,2026-02-21,844,available,0.175,0.17,0.18,0.18,0.009999999999999981,bid_ask_midpoint,2026-02-22T00:45:00+00:00,15.0,137438.0,907.0,https://api.elections.kalshi.com/trade-api/v2/historical/markets/KXNBAGAME-26FEB21DETCHI-CHI/candlesticks?start_ts=1771634700&end_ts=1771721100&period_interval=1,0,True,2026-02-21_Detroit_Pistons_at_Chicago_Bulls
2026-02-22,2026-02-23 01:00:00+00:00,Portland Trail Blazers,Phoenix Suns,92,77,0,-15,https://www.basketball-reference.com/leagues/NBA_2026_games-february.html,KXNBAGAME-26FEB22PORPHX-PHX,KXNBAGAME-26FEB22PORPHX,Phoenix Suns,2026-02-23 04:00:00+00:00,2026-02-20 17:07:00+00:00,0.0,3323712.0,historical,2026-02-22,846,available,0.405,0.4,0.41,0.41,0.009999999999999953,bid_ask_midpoint,2026-02-23T00:45:00+00:00,15.0,263608.0,1045.0,https://api.elections.kalshi.com/trade-api/v2/historical/markets/KXNBAGAME-26FEB22PORPHX-PHX/candlesticks?start_ts=1771721100&end_ts=1771807500&period_interval=1,0,True,2026-02-22_Portland_Trail_Blazers_at_Phoenix_Suns
2026-02-22,2026-02-23 01:00:00+00:00,New York Knicks,Chicago Bulls,105,99,0,-6,https://www.basketball-reference.com/leagues/NBA_2026_games-february.html,KXNBAGAME-26FEB22NYKCHI-CHI,KXNBAGAME-26FEB22NYKCHI,Chicago Bulls,2026-02-23 04:00:00+00:00,2026-02-20 17:06:00+00:00,0.0,5357724.0,historical,2026-02-22,847,available,0.215,0.21,0.22,0.22,0.010000000000000009,bid_ask_midpoint,2026-02-23T00:45:00+00:00,15.0,177028.0,763.0,https://api.elections.kalshi.com/trade-api/v2/historical/markets/KXNBAGAME-26FEB22NYKCHI-CHI/candlesticks?start_ts=1771721100&end_ts=1771807500&period_interval=1,0,True,2026-02-22_New_York_Knicks_at_Chicago_Bulls
2026-02-22,2026-02-22 23:00:00+00:00,Charlotte Hornets,Washington Wizards,129,112,0,-17,https://www.basketball-reference.com/leagues/NBA_2026_games-february.html,KXNBAGAME-26FEB22CHAWAS-WAS,KXNBAGAME-26FEB22CHAWAS,Washington Wizards,2026-02-23 02:00:00+00:00,2026-02-20 14:06:00+00:00,0.0,2052344.0,historical,2026-02-22,849,available,0.185,0.18,0.19,0.19,0.010000000000000009,bid_ask_midpoint,2026-02-22T22:45:00+00:00,15.0,133127.0,913.0,https://api.elections.kalshi.com/trade-api/v2/historical/markets/KXNBAGAME-26FEB22CHAWAS-WAS/candlesticks?start_ts=1771713900&end_ts=1771800300&period_interval=1,0,True,2026-02-22_Charlotte_Hornets_at_Washington_Wizards
2026-02-22,2026-02-23 00:00:00+00:00,Philadelphia 76ers,Minnesota Timberwolves,135,108,0,-27,https://www.basketball-reference.com/leagues/NBA_2026_games-february.html,KXNBAGAME-26FEB22PHIMIN-MIN,KXNBAGAME-26FEB22PHIMIN,Minnesota Timberwolves,2026-02-23 03:00:00+00:00,2026-02-20 14:06:00+00:00,0.0,3386208.0,historical,2026-02-22,850,available,0.765,0.76,0.77,0.77,0.010000000000000009,bid_ask_midpoint,2026-02-22T23:45:00+00:00,15.0,133784.0,896.0,https://api.elections.kalshi.com/trade-api/v2/historical/markets/KXNBAGAME-26FEB22PHIMIN-MIN/candlesticks?start_ts=1771717500&end_ts=1771803900&period_interval=1,0,True,2026-02-22_Philadelphia_76ers_at_Minnesota_Timberwolves
2026-02-22,2026-02-22 20:30:00+00:00,Toronto Raptors,Milwaukee Bucks,122,94,0,-28,https://www.basketball-reference.com/leagues/NBA_2026_games-february.html,KXNBAGAME-26FEB22TORMIL-MIL,KXNBAGAME-26FEB22TORMIL,Milwaukee Bucks,2026-02-22 23:30:00+00:00,2026-02-20 11:06:00+00:00,0.0,1790267.0,historical,2026-02-22,851,available,0.405,0.4,0.41,0.41,0.009999999999999953,bid_ask_midpoint,2026-02-22T20:15:00+00:00,15.0,147446.0,1090.0,https://api.elections.kalshi.com/trade-api/v2/historical/markets/KXNBAGAME-26FEB22TORMIL-MIL/candlesticks?start_ts=1771704900&end_ts=1771791300&period_interval=1,0,True,2026-02-22_Toronto_Raptors_at_Milwaukee_Bucks
2026-02-22,2026-02-22 20:30:00+00:00,Denver Nuggets,Golden State Warriors,117,128,1,11,https://www.basketball-reference.com/leagues/NBA_2026_games-february.html,KXNBAGAME-26FEB22DENGSW-GSW,KXNBAGAME-26FEB22DENGSW,Golden State Warriors,2026-02-22 23:30:00+00:00,2026-02-20 11:06:00+00:00,1.0,6521082.0,historical,2026-02-22,852,available,0.315,0.31,0.32,0.32,0.010000000000000009,bid_ask_midpoint,2026-02-22T20:15:00+00:00,15.0,196422.0,1135.0,https://api.elections.kalshi.com/trade-api/v2/historical/markets/KXNBAGAME-26FEB22DENGSW-GSW/candlesticks?start_ts=1771704900&end_ts=1771791300&period_interval=1,1,True,2026-02-22_Denver_Nuggets_at_Golden_State_Warriors
2026-02-22,2026-02-22 20:30:00+00:00,Brooklyn Nets,Atlanta Hawks,104,115,1,11,https://www.basketball-reference.com/leagues/NBA_2026_games-february.html,KXNBAGAME-26FEB22BKNATL-ATL,KXNBAGAME-26FEB22BKNATL,Atlanta Hawks,2026-02-22 23:30:00+00:00,2026-02-20 11:06:00+00:00,1.0,2526337.0,historical,2026-02-22,853,available,0.785,0.78,0.79,0.79,0.010000000000000009,bid_ask_midpoint,2026-02-22T20:15:00+00:00,15.0,183025.0,902.0,https://api.elections.kalshi.com/trade-api/v2/historical/markets/KXNBAGAME-26FEB22BKNATL-ATL/candlesticks?start_ts=1771704900&end_ts=1771791300&period_interval=1,1,True,2026-02-22_Brooklyn_Nets_at_Atlanta_Hawks
2026-02-22,2026-02-22 18:00:00+00:00,Cleveland Cavaliers,Oklahoma City Thunder,113,121,1,8,https://www.basketball-reference.com/leagues/NBA_2026_games-february.html,KXNBAGAME-26FEB22CLEOKC-OKC,KXNBAGAME-26FEB22CLEOKC,Oklahoma City Thunder,2026-02-22 21:00:00+00:00,2026-02-20 08:06:00+00:00,1.0,7232988.0,historical,2026-02-22,854,available,0.385,0.38,0.39,0.39,0.010000000000000009,bid_ask_midpoint,2026-02-22T17:45:00+00:00,15.0,744216.0,1263.0,https://api.elections.kalshi.com/trade-api/v2/historical/markets/KXNBAGAME-26FEB22CLEOKC-OKC/candlesticks?start_ts=1771695900&end_ts=1771782300&period_interval=1,1,True,2026-02-22_Cleveland_Cavaliers_at_Oklahoma_City_Thunder
2026-02-22,2026-02-22 22:00:00+00:00,Dallas Mavericks,Indiana Pacers,134,130,0,-4,https://www.basketball-reference.com/leagues/NBA_2026_games-february.html,KXNBAGAME-26FEB22DALIND-IND,KXNBAGAME-26FEB22DALIND,Indiana Pacers,2026-02-23 01:00:00+00:00,2026-02-20 14:06:00+00:00,0.0,3273490.0,historical,2026-02-22,855,available,0.48,0.47,0.49,0.47,0.020000000000000018,bid_ask_midpoint,2026-02-22T21:45:00+00:00,15.0,113820.0,939.0,https://api.elections.kalshi.com/trade-api/v2/historical/markets/KXNBAGAME-26FEB22DALIND-IND/candlesticks?start_ts=1771710300&end_ts=1771796700&period_interval=1,0,True,2026-02-22_Dallas_Mavericks_at_Indiana_Pacers
2026-02-23,2026-02-24 00:00:00+00:00,San Antonio Spurs,Detroit Pistons,114,103,0,-11,https://www.basketball-reference.com/leagues/NBA_2026_games-february.html,KXNBAGAME-26FEB23SASDET-DET,KXNBAGAME-26FEB23SASDET,Detroit Pistons,2026-02-24 03:00:00+00:00,2026-02-21 14:06:00+00:00,0.0,8489219.0,historical,2026-02-23,856,available,0.525,0.52,0.53,0.53,0.010000000000000009,bid_ask_midpoint,2026-02-23T23:45:00+00:00,15.0,1195568.0,1312.0,https://api.elections.kalshi.com/trade-api/v2/historical/markets/KXNBAGAME-26FEB23SASDET-DET/candlesticks?start_ts=1771803900&end_ts=1771890300&period_interval=1,0,True,2026-02-23_San_Antonio_Spurs_at_Detroit_Pistons
2026-02-23,2026-02-24 01:00:00+00:00,Sacramento Kings,Memphis Grizzlies,123,114,0,-9,https://www.basketball-reference.com/leagues/NBA_2026_games-february.html,KXNBAGAME-26FEB23SACMEM-MEM,KXNBAGAME-26FEB23SACMEM,Memphis Grizzlies,2026-02-24 04:00:00+00:00,2026-02-21 17:07:00+00:00,0.0,6643155.0,historical,2026-02-23,857,available,0.575,0.57,0.58,0.58,0.010000000000000009,bid_ask_midpoint,2026-02-24T00:45:00+00:00,15.0,905732.0,1330.0,https://api.elections.kalshi.com/trade-api/v2/historical/markets/KXNBAGAME-26FEB23SACMEM-MEM/candlesticks?start_ts=1771807500&end_ts=1771893900&period_interval=1,0,True,2026-02-23_Sacramento_Kings_at_Memphis_Grizzlies
2026-02-23,2026-02-24 02:30:00+00:00,Utah Jazz,Houston Rockets,105,125,1,20,https://www.basketball-reference.com/leagues/NBA_2026_games-february.html,KXNBAGAME-26FEB23UTAHOU-HOU,KXNBAGAME-26FEB23UTAHOU,Houston Rockets,2026-02-24 05:30:00+00:00,2026-02-21 17:07:00+00:00,1.0,1929700.0,historical,2026-02-24,858,available,0.875,0.87,0.88,0.88,0.010000000000000009,bid_ask_midpoint,2026-02-24T02:15:00+00:00,15.0,530802.0,1281.0,https://api.elections.kalshi.com/trade-api/v2/historical/markets/KXNBAGAME-26FEB23UTAHOU-HOU/candlesticks?start_ts=1771812900&end_ts=1771899300&period_interval=1,1,True,2026-02-23_Utah_Jazz_at_Houston_Rockets
2026-02-24,2026-02-25 01:00:00+00:00,Golden State Warriors,New Orleans Pelicans,109,113,1,4,https://www.basketball-reference.com/leagues/NBA_2026_games-february.html,KXNBAGAME-26FEB24GSWNOP-NOP,KXNBAGAME-26FEB24GSWNOP,New Orleans Pelicans,2026-02-25 04:00:00+00:00,2026-02-22 17:06:00+00:00,1.0,2341194.0,historical,2026-02-24,859,available,0.475,0.47,0.48,0.48,0.010000000000000009,bid_ask_midpoint,2026-02-25T00:45:00+00:00,15.0,222289.0,1022.0,https://api.elections.kalshi.com/trade-api/v2/historical/markets/KXNBAGAME-26FEB24GSWNOP-NOP/candlesticks?start_ts=1771893900&end_ts=1771980300&period_interval=1,1,True,2026-02-24_Golden_State_Warriors_at_New_Orleans_Pelicans
2026-02-24,2026-02-25 03:00:00+00:00,Minnesota Timberwolves,Portland Trail Blazers,124,121,0,-3,https://www.basketball-reference.com/leagues/NBA_2026_games-february.html,KXNBAGAME-26FEB24MINPOR-POR,KXNBAGAME-26FEB24MINPOR,Portland Trail Blazers,2026-02-25 06:00:00+00:00,2026-02-22 17:06:00+00:00,0.0,3538078.0,historical,2026-02-25,861,available,0.315,0.31,0.32,0.32,0.010000000000000009,bid_ask_midpoint,2026-02-25T02:45:00+00:00,15.0,60064.0,787.0,https://api.elections.kalshi.com/trade-api/v2/historical/markets/KXNBAGAME-26FEB24MINPOR-POR/candlesticks?start_ts=1771901100&end_ts=1771987500&period_interval=1,0,True,2026-02-24_Minnesota_Timberwolves_at_Portland_Trail_Blazers
2026-02-24,2026-02-25 02:00:00+00:00,Boston Celtics,Phoenix Suns,97,81,0,-16,https://www.basketball-reference.com/leagues/NBA_2026_games-february.html,KXNBAGAME-26FEB24BOSPHX-PHX,KXNBAGAME-26FEB24BOSPHX,Phoenix Suns,2026-02-25 05:00:00+00:00,2026-02-22 17:06:00+00:00,0.0,1519029.0,historical,2026-02-25,862,available,0.335,0.33,0.34,0.34,0.010000000000000009,bid_ask_midpoint,2026-02-25T01:45:00+00:00,15.0,187392.0,889.0,https://api.elections.kalshi.com/trade-api/v2/historical/markets/KXNBAGAME-26FEB24BOSPHX-PHX/candlesticks?start_ts=1771897500&end_ts=1771983900&period_interval=1,0,True,2026-02-24_Boston_Celtics_at_Phoenix_Suns
2026-02-24,2026-02-25 01:00:00+00:00,Miami Heat,Milwaukee Bucks,117,128,1,11,https://www.basketball-reference.com/leagues/NBA_2026_games-february.html,KXNBAGAME-26FEB24MIAMIL-MIL,KXNBAGAME-26FEB24MIAMIL,Milwaukee Bucks,2026-02-25 04:00:00+00:00,2026-02-22 17:06:00+00:00,1.0,1849372.0,historical,2026-02-24,863,available,0.335,0.33,0.34,0.34,0.010000000000000009,bid_ask_midpoint,2026-02-25T00:45:00+00:00,15.0,94692.0,915.0,https://api.elections.kalshi.com/trade-api/v2/historical/markets/KXNBAGAME-26FEB24MIAMIL-MIL/candlesticks?start_ts=1771893900&end_ts=1771980300&period_interval=1,1,True,2026-02-24_Miami_Heat_at_Milwaukee_Bucks
2026-02-24,2026-02-25 00:30:00+00:00,Oklahoma City Thunder,Toronto Raptors,116,107,0,-9,https://www.basketball-reference.com/leagues/NBA_2026_games-february.html,KXNBAGAME-26FEB24OKCTOR-TOR,KXNBAGAME-26FEB24OKCTOR,Toronto Raptors,2026-02-25 03:30:00+00:00,2026-02-22 17:06:00+00:00,0.0,4275736.0,historical,2026-02-24,864,available,0.505,0.5,0.51,0.51,0.010000000000000009,bid_ask_midpoint,2026-02-25T00:15:00+00:00,15.0,886926.0,1192.0,https://api.elections.kalshi.com/trade-api/v2/historical/markets/KXNBAGAME-26FEB24OKCTOR-TOR/candlesticks?start_ts=1771892100&end_ts=1771978500&period_interval=1,0,True,2026-02-24_Oklahoma_City_Thunder_at_Toronto_Raptors
2026-02-24,2026-02-25 00:30:00+00:00,New York Knicks,Cleveland Cavaliers,94,109,1,15,https://www.basketball-reference.com/leagues/NBA_2026_games-february.html,KXNBAGAME-26FEB24NYKCLE-CLE,KXNBAGAME-26FEB24NYKCLE,Cleveland Cavaliers,2026-02-25 03:30:00+00:00,2026-02-22 17:06:00+00:00,1.0,2114066.0,historical,2026-02-24,865,missing,,,,,,,,,,,,1,True,2026-02-24_New_York_Knicks_at_Cleveland_Cavaliers
2026-02-24,2026-02-25 00:30:00+00:00,Dallas Mavericks,Brooklyn Nets,123,114,0,-9,https://www.basketball-reference.com/leagues/NBA_2026_games-february.html,KXNBAGAME-26FEB24DALBKN-BKN,KXNBAGAME-26FEB24DALBKN,Brooklyn Nets,2026-02-25 03:30:00+00:00,2026-02-22 17:06:00+00:00,0.0,1108601.0,historical,2026-02-24,866,available,0.46499999999999997,0.46,0.47,0.47,0.009999999999999953,bid_ask_midpoint,2026-02-25T00:15:00+00:00,15.0,75639.0,864.0,https://api.elections.kalshi.com/trade-api/v2/historical/markets/KXNBAGAME-26FEB24DALBKN-BKN/candlesticks?start_ts=1771892100&end_ts=1771978500&period_interval=1,0,True,2026-02-24_Dallas_Mavericks_at_Brooklyn_Nets
2026-02-24,2026-02-25 00:30:00+00:00,Washington Wizards,Atlanta Hawks,98,119,1,21,https://www.basketball-reference.com/leagues/NBA_2026_games-february.html,KXNBAGAME-26FEB24WASATL-ATL,KXNBAGAME-26FEB24WASATL,Atlanta Hawks,2026-02-25 03:30:00+00:00,2026-02-22 17:06:00+00:00,1.0,507489.0,historical,2026-02-24,867,missing,,,,,,,,,,,,1,True,2026-02-24_Washington_Wizards_at_Atlanta_Hawks
2026-02-24,2026-02-25 00:00:00+00:00,Philadelphia 76ers,Indiana Pacers,135,114,0,-21,https://www.basketball-reference.com/leagues/NBA_2026_games-february.html,KXNBAGAME-26FEB24PHIIND-IND,KXNBAGAME-26FEB24PHIIND,Indiana Pacers,2026-02-25 03:00:00+00:00,2026-02-22 14:06:00+00:00,0.0,2344281.0,historical,2026-02-24,868,available,0.185,0.18,0.19,0.18,0.010000000000000009,bid_ask_midpoint,2026-02-24T23:45:00+00:00,15.0,423364.0,1212.0,https://api.elections.kalshi.com/trade-api/v2/historical/markets/KXNBAGAME-26FEB24PHIIND-IND/candlesticks?start_ts=1771890300&end_ts=1771976700&period_interval=1,0,True,2026-02-24_Philadelphia_76ers_at_Indiana_Pacers
2026-02-24,2026-02-25 01:00:00+00:00,Charlotte Hornets,Chicago Bulls,131,99,0,-32,https://www.basketball-reference.com/leagues/NBA_2026_games-february.html,KXNBAGAME-26FEB24CHACHI-CHI,KXNBAGAME-26FEB24CHACHI,Chicago Bulls,2026-02-25 04:00:00+00:00,2026-02-22 17:06:00+00:00,0.0,872441.0,historical,2026-02-24,869,available,0.255,0.25,0.26,0.26,0.010000000000000009,bid_ask_midpoint,2026-02-25T00:45:00+00:00,15.0,162143.0,978.0,https://api.elections.kalshi.com/trade-api/v2/historical/markets/KXNBAGAME-26FEB24CHACHI-CHI/candlesticks?start_ts=1771893900&end_ts=1771980300&period_interval=1,0,True,2026-02-24_Charlotte_Hornets_at_Chicago_Bulls
2026-02-25,2026-02-26 00:30:00+00:00,Oklahoma City Thunder,Detroit Pistons,116,124,1,8,https://www.basketball-reference.com/leagues/NBA_2026_games-february.html,KXNBAGAME-26FEB25OKCDET-DET,KXNBAGAME-26FEB25OKCDET,Detroit Pistons,2026-02-26 03:30:00+00:00,2026-02-23 17:06:00+00:00,1.0,3991922.0,historical,2026-02-25,870,available,0.785,0.78,0.79,0.79,0.010000000000000009,bid_ask_midpoint,2026-02-26T00:15:00+00:00,15.0,739646.0,1190.0,https://api.elections.kalshi.com/trade-api/v2/historical/markets/KXNBAGAME-26FEB25OKCDET-DET/candlesticks?start_ts=1771978500&end_ts=1772064900&period_interval=1,1,True,2026-02-25_Oklahoma_City_Thunder_at_Detroit_Pistons
2026-02-25,2026-02-26 00:30:00+00:00,Golden State Warriors,Memphis Grizzlies,133,112,0,-21,https://www.basketball-reference.com/leagues/NBA_2026_games-february.html,KXNBAGAME-26FEB25GSWMEM-MEM,KXNBAGAME-26FEB25GSWMEM,Memphis Grizzlies,2026-02-26 03:30:00+00:00,2026-02-23 17:06:00+00:00,0.0,790410.0,historical,2026-02-25,871,available,0.375,0.37,0.38,0.38,0.010000000000000009,bid_ask_midpoint,2026-02-26T00:15:00+00:00,15.0,186611.0,1054.0,https://api.elections.kalshi.com/trade-api/v2/historical/markets/KXNBAGAME-26FEB25GSWMEM-MEM/candlesticks?start_ts=1771978500&end_ts=1772064900&period_interval=1,0,True,2026-02-25_Golden_State_Warriors_at_Memphis_Grizzlies
2026-02-25,2026-02-26 00:30:00+00:00,San Antonio Spurs,Toronto Raptors,110,107,0,-3,https://www.basketball-reference.com/leagues/NBA_2026_games-february.html,KXNBAGAME-26FEB25SASTOR-TOR,KXNBAGAME-26FEB25SASTOR,Toronto Raptors,2026-02-26 03:30:00+00:00,2026-02-23 17:06:00+00:00,0.0,3954856.0,historical,2026-02-25,872,missing,,,,,,,,,,,,0,True,2026-02-25_San_Antonio_Spurs_at_Toronto_Raptors
2026-02-25,2026-02-26 01:00:00+00:00,Sacramento Kings,Houston Rockets,97,128,1,31,https://www.basketball-reference.com/leagues/NBA_2026_games-february.html,KXNBAGAME-26FEB25SACHOU-HOU,KXNBAGAME-26FEB25SACHOU,Houston Rockets,2026-02-26 04:00:00+00:00,2026-02-23 17:06:00+00:00,1.0,1039368.0,historical,2026-02-25,873,available,0.865,0.86,0.87,0.86,0.010000000000000009,bid_ask_midpoint,2026-02-26T00:45:00+00:00,15.0,625646.0,1209.0,https://api.elections.kalshi.com/trade-api/v2/historical/markets/KXNBAGAME-26FEB25SACHOU-HOU/candlesticks?start_ts=1771980300&end_ts=1772066700&period_interval=1,1,True,2026-02-25_Sacramento_Kings_at_Houston_Rockets
2026-02-25,2026-02-26 01:00:00+00:00,Cleveland Cavaliers,Milwaukee Bucks,116,118,1,2,https://www.basketball-reference.com/leagues/NBA_2026_games-february.html,KXNBAGAME-26FEB25CLEMIL-MIL,KXNBAGAME-26FEB25CLEMIL,Milwaukee Bucks,2026-02-26 04:00:00+00:00,2026-02-23 17:06:00+00:00,1.0,4389886.0,historical,2026-02-25,874,available,0.415,0.41,0.42,0.42,0.010000000000000009,bid_ask_midpoint,2026-02-26T00:45:00+00:00,15.0,825607.0,1024.0,https://api.elections.kalshi.com/trade-api/v2/historical/markets/KXNBAGAME-26FEB25CLEMIL-MIL/candlesticks?start_ts=1771980300&end_ts=1772066700&period_interval=1,1,True,2026-02-25_Cleveland_Cavaliers_at_Milwaukee_Bucks
2026-02-25,2026-02-26 03:00:00+00:00,Boston Celtics,Denver Nuggets,84,103,1,19,https://www.basketball-reference.com/leagues/NBA_2026_games-february.html,KXNBAGAME-26FEB25BOSDEN-DEN,KXNBAGAME-26FEB25BOSDEN,Denver Nuggets,2026-02-26 06:00:00+00:00,2026-02-23 17:06:00+00:00,1.0,6941709.0,historical,2026-02-26,875,missing,,,,,,,,,,,,1,True,2026-02-25_Boston_Celtics_at_Denver_Nuggets
2026-02-26,2026-02-27 01:30:00+00:00,Sacramento Kings,Dallas Mavericks,130,121,0,-9,https://www.basketball-reference.com/leagues/NBA_2026_games-february.html,KXNBAGAME-26FEB26SACDAL-DAL,KXNBAGAME-26FEB26SACDAL,Dallas Mavericks,2026-02-27 04:30:00+00:00,2026-02-24 17:07:00+00:00,0.0,3440370.0,historical,2026-02-26,876,available,0.745,0.74,0.75,0.75,0.010000000000000009,bid_ask_midpoint,2026-02-27T01:15:00+00:00,15.0,97754.0,845.0,https://api.elections.kalshi.com/trade-api/v2/historical/markets/KXNBAGAME-26FEB26SACDAL-DAL/candlesticks?start_ts=1772068500&end_ts=1772154900&period_interval=1,0,True,2026-02-26_Sacramento_Kings_at_Dallas_Mavericks
2026-02-26,2026-02-27 02:00:00+00:00,New Orleans Pelicans,Utah Jazz,129,118,0,-11,https://www.basketball-reference.com/leagues/NBA_2026_games-february.html,KXNBAGAME-26FEB26NOPUTA-UTA,KXNBAGAME-26FEB26NOPUTA,Utah Jazz,2026-02-27 05:00:00+00:00,2026-02-24 17:07:00+00:00,0.0,1353297.0,historical,2026-02-27,878,missing,,,,,,,,,,,,0,True,2026-02-26_New_Orleans_Pelicans_at_Utah_Jazz
2026-02-26,2026-02-27 01:00:00+00:00,Portland Trail Blazers,Chicago Bulls,121,112,0,-9,https://www.basketball-reference.com/leagues/NBA_2026_games-february.html,KXNBAGAME-26FEB26PORCHI-CHI,KXNBAGAME-26FEB26PORCHI,Chicago Bulls,2026-02-27 04:00:00+00:00,2026-02-24 17:07:00+00:00,0.0,1796111.0,historical,2026-02-26,880,available,0.405,0.4,0.41,0.41,0.009999999999999953,bid_ask_midpoint,2026-02-27T00:45:00+00:00,15.0,123115.0,883.0,https://api.elections.kalshi.com/trade-api/v2/historical/markets/KXNBAGAME-26FEB26PORCHI-CHI/candlesticks?start_ts=1772066700&end_ts=1772153100&period_interval=1,0,True,2026-02-26_Portland_Trail_Blazers_at_Chicago_Bulls
2026-02-26,2026-02-27 00:30:00+00:00,Houston Rockets,Orlando Magic,113,108,0,-5,https://www.basketball-reference.com/leagues/NBA_2026_games-february.html,KXNBAGAME-26FEB26HOUORL-ORL,KXNBAGAME-26FEB26HOUORL,Orlando Magic,2026-02-27 03:30:00+00:00,2026-02-24 17:07:00+00:00,0.0,3837751.0,historical,2026-02-26,881,available,0.435,0.43,0.44,0.44,0.010000000000000009,bid_ask_midpoint,2026-02-27T00:15:00+00:00,15.0,190080.0,909.0,https://api.elections.kalshi.com/trade-api/v2/historical/markets/KXNBAGAME-26FEB26HOUORL-ORL/candlesticks?start_ts=1772064900&end_ts=1772151300&period_interval=1,0,True,2026-02-26_Houston_Rockets_at_Orlando_Magic
2026-02-26,2026-02-27 00:30:00+00:00,San Antonio Spurs,Brooklyn Nets,126,110,0,-16,https://www.basketball-reference.com/leagues/NBA_2026_games-february.html,KXNBAGAME-26FEB26SASBKN-BKN,KXNBAGAME-26FEB26SASBKN,Brooklyn Nets,2026-02-27 03:30:00+00:00,2026-02-24 17:07:00+00:00,0.0,1037208.0,historical,2026-02-26,882,missing,,,,,,,,,,,,0,True,2026-02-26_San_Antonio_Spurs_at_Brooklyn_Nets
2026-02-26,2026-02-27 00:30:00+00:00,Washington Wizards,Atlanta Hawks,96,126,1,30,https://www.basketball-reference.com/leagues/NBA_2026_games-february.html,KXNBAGAME-26FEB26WASATL-ATL,KXNBAGAME-26FEB26WASATL,Atlanta Hawks,2026-02-27 03:30:00+00:00,2026-02-24 17:07:00+00:00,1.0,533382.0,historical,2026-02-26,883,available,0.815,0.81,0.82,0.82,0.009999999999999898,bid_ask_midpoint,2026-02-27T00:15:00+00:00,15.0,142286.0,830.0,https://api.elections.kalshi.com/trade-api/v2/historical/markets/KXNBAGAME-26FEB26WASATL-ATL/candlesticks?start_ts=1772064900&end_ts=1772151300&period_interval=1,1,True,2026-02-26_Washington_Wizards_at_Atlanta_Hawks
2026-02-26,2026-02-27 00:00:00+00:00,Miami Heat,Philadelphia 76ers,117,124,1,7,https://www.basketball-reference.com/leagues/NBA_2026_games-february.html,KXNBAGAME-26FEB26MIAPHI-PHI,KXNBAGAME-26FEB26MIAPHI,Philadelphia 76ers,2026-02-27 03:00:00+00:00,2026-02-24 14:06:00+00:00,1.0,5222859.0,historical,2026-02-26,884,available,0.555,0.55,0.56,0.56,0.010000000000000009,bid_ask_midpoint,2026-02-26T23:45:00+00:00,15.0,827088.0,1204.0,https://api.elections.kalshi.com/trade-api/v2/historical/markets/KXNBAGAME-26FEB26MIAPHI-PHI/candlesticks?start_ts=1772063100&end_ts=1772149500&period_interval=1,1,True,2026-02-26_Miami_Heat_at_Philadelphia_76ers
2026-02-26,2026-02-27 00:00:00+00:00,Charlotte Hornets,Indiana Pacers,133,109,0,-24,https://www.basketball-reference.com/leagues/NBA_2026_games-february.html,KXNBAGAME-26FEB26CHAIND-IND,KXNBAGAME-26FEB26CHAIND,Indiana Pacers,2026-02-27 03:00:00+00:00,2026-02-24 14:06:00+00:00,0.0,2316993.0,historical,2026-02-26,885,missing,,,,,,,,,,,,0,True,2026-02-26_Charlotte_Hornets_at_Indiana_Pacers
2026-02-27,2026-02-28 00:00:00+00:00,Cleveland Cavaliers,Detroit Pistons,119,122,1,3,https://www.basketball-reference.com/leagues/NBA_2026_games-february.html,KXNBAGAME-26FEB27CLEDET-DET,KXNBAGAME-26FEB27CLEDET,Detroit Pistons,2026-02-28 03:00:00+00:00,2026-02-25 14:06:00+00:00,1.0,12901336.0,historical,2026-02-27,886,available,0.735,0.73,0.74,0.74,0.010000000000000009,bid_ask_midpoint,2026-02-27T23:45:00+00:00,15.0,1505138.0,1352.0,https://api.elections.kalshi.com/trade-api/v2/historical/markets/KXNBAGAME-26FEB27CLEDET-DET/candlesticks?start_ts=1772149500&end_ts=1772235900&period_interval=1,1,True,2026-02-27_Cleveland_Cavaliers_at_Detroit_Pistons
2026-02-27,2026-02-28 00:30:00+00:00,Brooklyn Nets,Boston Celtics,111,148,1,37,https://www.basketball-reference.com/leagues/NBA_2026_games-february.html,KXNBAGAME-26FEB27BKNBOS-BOS,KXNBAGAME-26FEB27BKNBOS,Boston Celtics,2026-02-28 03:30:00+00:00,2026-02-25 17:07:00+00:00,1.0,1579169.0,historical,2026-02-27,887,available,0.905,0.9,0.91,0.91,0.010000000000000009,bid_ask_midpoint,2026-02-28T00:15:00+00:00,15.0,735672.0,1205.0,https://api.elections.kalshi.com/trade-api/v2/historical/markets/KXNBAGAME-26FEB27BKNBOS-BOS/candlesticks?start_ts=1772151300&end_ts=1772237700&period_interval=1,1,True,2026-02-27_Brooklyn_Nets_at_Boston_Celtics
2026-02-27,2026-02-28 01:00:00+00:00,New York Knicks,Milwaukee Bucks,127,98,0,-29,https://www.basketball-reference.com/leagues/NBA_2026_games-february.html,KXNBAGAME-26FEB27NYKMIL-MIL,KXNBAGAME-26FEB27NYKMIL,Milwaukee Bucks,2026-02-28 04:00:00+00:00,2026-02-25 17:07:00+00:00,0.0,1484826.0,historical,2026-02-27,888,available,0.275,0.27,0.28,0.28,0.010000000000000009,bid_ask_midpoint,2026-02-28T00:45:00+00:00,15.0,399585.0,1157.0,https://api.elections.kalshi.com/trade-api/v2/historical/markets/KXNBAGAME-26FEB27NYKMIL-MIL/candlesticks?start_ts=1772153100&end_ts=1772239500&period_interval=1,0,True,2026-02-27_New_York_Knicks_at_Milwaukee_Bucks
2026-02-27,2026-02-28 01:30:00+00:00,Memphis Grizzlies,Dallas Mavericks,124,105,0,-19,https://www.basketball-reference.com/leagues/NBA_2026_games-february.html,KXNBAGAME-26FEB27MEMDAL-DAL,KXNBAGAME-26FEB27MEMDAL,Dallas Mavericks,2026-02-28 04:30:00+00:00,2026-02-25 17:07:00+00:00,0.0,1322799.0,historical,2026-02-27,889,available,0.645,0.64,0.65,0.65,0.010000000000000009,bid_ask_midpoint,2026-02-28T01:15:00+00:00,15.0,165276.0,1107.0,https://api.elections.kalshi.com/trade-api/v2/historical/markets/KXNBAGAME-26FEB27MEMDAL-DAL/candlesticks?start_ts=1772154900&end_ts=1772241300&period_interval=1,0,True,2026-02-27_Memphis_Grizzlies_at_Dallas_Mavericks
2026-02-27,2026-02-28 02:30:00+00:00,Denver Nuggets,Oklahoma City Thunder,121,127,1,6,https://www.basketball-reference.com/leagues/NBA_2026_games-february.html,KXNBAGAME-26FEB27DENOKC-OKC,KXNBAGAME-26FEB27DENOKC,Oklahoma City Thunder,2026-02-28 05:30:00+00:00,2026-02-25 17:07:00+00:00,1.0,16225546.0,historical,2026-02-28,890,missing,,,,,,,,,,,,1,True,2026-02-27_Denver_Nuggets_at_Oklahoma_City_Thunder
2026-02-28,2026-02-28 18:00:00+00:00,Portland Trail Blazers,Charlotte Hornets,93,109,1,16,https://www.basketball-reference.com/leagues/NBA_2026_games-february.html,KXNBAGAME-26FEB28PORCHA-CHA,KXNBAGAME-26FEB28PORCHA,Charlotte Hornets,2026-02-28 21:00:00+00:00,2026-02-26 11:06:00+00:00,1.0,2884683.0,historical,2026-02-28,891,missing,,,,,,,,,,,,1,True,2026-02-28_Portland_Trail_Blazers_at_Charlotte_Hornets
2026-02-28,2026-02-28 20:30:00+00:00,Houston Rockets,Miami Heat,105,115,1,10,https://www.basketball-reference.com/leagues/NBA_2026_games-february.html,KXNBAGAME-26FEB28HOUMIA-MIA,KXNBAGAME-26FEB28HOUMIA,Miami Heat,2026-02-28 23:30:00+00:00,2026-02-26 11:06:00+00:00,1.0,4650609.0,historical,2026-02-28,892,available,0.435,0.43,0.44,0.44,0.010000000000000009,bid_ask_midpoint,2026-02-28T20:15:00+00:00,15.0,371466.0,1195.0,https://api.elections.kalshi.com/trade-api/v2/historical/markets/KXNBAGAME-26FEB28HOUMIA-MIA/candlesticks?start_ts=1772223300&end_ts=1772309700&period_interval=1,1,True,2026-02-28_Houston_Rockets_at_Miami_Heat
2026-02-28,2026-03-01 00:00:00+00:00,Toronto Raptors,Washington Wizards,134,125,0,-9,https://www.basketball-reference.com/leagues/NBA_2026_games-february.html,KXNBAGAME-26FEB28TORWAS-WAS,KXNBAGAME-26FEB28TORWAS,Washington Wizards,2026-03-01 03:00:00+00:00,2026-02-26 14:06:00+00:00,0.0,4898847.0,historical,2026-02-28,893,available,0.125,0.12,0.13,0.13,0.010000000000000009,bid_ask_midpoint,2026-02-28T23:45:00+00:00,15.0,509725.0,1023.0,https://api.elections.kalshi.com/trade-api/v2/historical/markets/KXNBAGAME-26FEB28TORWAS-WAS/candlesticks?start_ts=1772235900&end_ts=1772322300&period_interval=1,0,True,2026-02-28_Toronto_Raptors_at_Washington_Wizards
2026-02-28,2026-03-01 02:30:00+00:00,New Orleans Pelicans,Utah Jazz,115,105,0,-10,https://www.basketball-reference.com/leagues/NBA_2026_games-february.html,KXNBAGAME-26FEB28NOPUTA-UTA,KXNBAGAME-26FEB28NOPUTA,Utah Jazz,2026-03-01 05:30:00+00:00,2026-02-26 17:06:00+00:00,0.0,3455942.0,historical,2026-03-01,895,available,0.335,0.33,0.34,0.34,0.010000000000000009,bid_ask_midpoint,2026-03-01T02:15:00+00:00,15.0,269701.0,1056.0,https://api.elections.kalshi.com/trade-api/v2/historical/markets/KXNBAGAME-26FEB28NOPUTA-UTA/candlesticks?start_ts=1772244900&end_ts=1772331300&period_interval=1,0,True,2026-02-28_New_Orleans_Pelicans_at_Utah_Jazz
2026-03-01,2026-03-02 01:00:00+00:00,Philadelphia 76ers,Boston Celtics,98,114,1,16,https://www.basketball-reference.com/leagues/NBA_2026_games-march.html,KXNBAGAME-26MAR01PHIBOS-BOS,KXNBAGAME-26MAR01PHIBOS,Boston Celtics,2026-03-02 04:00:00+00:00,2026-02-27 17:07:00+00:00,1.0,5727349.0,historical,2026-03-01,896,available,0.765,0.76,0.77,0.77,0.010000000000000009,bid_ask_midpoint,2026-03-02T00:45:00+00:00,15.0,277353.0,1041.0,https://api.elections.kalshi.com/trade-api/v2/historical/markets/KXNBAGAME-26MAR01PHIBOS-BOS/candlesticks?start_ts=1772325900&end_ts=1772412300&period_interval=1,1,True,2026-03-01_Philadelphia_76ers_at_Boston_Celtics
2026-03-01,2026-03-01 23:00:00+00:00,Detroit Pistons,Orlando Magic,106,92,0,-14,https://www.basketball-reference.com/leagues/NBA_2026_games-march.html,KXNBAGAME-26MAR01DETORL-ORL,KXNBAGAME-26MAR01DETORL,Orlando Magic,2026-03-02 02:00:00+00:00,2026-02-27 14:06:00+00:00,0.0,3947050.0,historical,2026-03-01,897,available,0.345,0.34,0.35,0.35,0.009999999999999953,bid_ask_midpoint,2026-03-01T22:45:00+00:00,15.0,124922.0,1160.0,https://api.elections.kalshi.com/trade-api/v2/historical/markets/KXNBAGAME-26MAR01DETORL-ORL/candlesticks?start_ts=1772318700&end_ts=1772405100&period_interval=1,0,True,2026-03-01_Detroit_Pistons_at_Orlando_Magic
2026-03-01,2026-03-02 01:00:00+00:00,Oklahoma City Thunder,Dallas Mavericks,100,87,0,-13,https://www.basketball-reference.com/leagues/NBA_2026_games-march.html,KXNBAGAME-26MAR01OKCDAL-DAL,KXNBAGAME-26MAR01OKCDAL,Dallas Mavericks,2026-03-02 04:00:00+00:00,2026-02-27 17:07:00+00:00,0.0,2514879.0,historical,2026-03-01,899,available,0.10500000000000001,0.1,0.11,0.11,0.009999999999999995,bid_ask_midpoint,2026-03-02T00:45:00+00:00,15.0,481984.0,1075.0,https://api.elections.kalshi.com/trade-api/v2/historical/markets/KXNBAGAME-26MAR01OKCDAL-DAL/candlesticks?start_ts=1772325900&end_ts=1772412300&period_interval=1,0,True,2026-03-01_Oklahoma_City_Thunder_at_Dallas_Mavericks
2026-03-01,2026-03-01 23:00:00+00:00,Portland Trail Blazers,Atlanta Hawks,101,135,1,34,https://www.basketball-reference.com/leagues/NBA_2026_games-march.html,KXNBAGAME-26MAR01PORATL-ATL,KXNBAGAME-26MAR01PORATL,Atlanta Hawks,2026-03-02 02:00:00+00:00,2026-02-27 14:06:00+00:00,1.0,1240752.0,historical,2026-03-01,900,available,0.675,0.67,0.68,0.68,0.010000000000000009,bid_ask_midpoint,2026-03-01T22:45:00+00:00,15.0,155275.0,836.0,https://api.elections.kalshi.com/trade-api/v2/historical/markets/KXNBAGAME-26MAR01PORATL-ATL/candlesticks?start_ts=1772318700&end_ts=1772405100&period_interval=1,1,True,2026-03-01_Portland_Trail_Blazers_at_Atlanta_Hawks
2026-03-01,2026-03-01 20:30:00+00:00,Minnesota Timberwolves,Denver Nuggets,117,108,0,-9,https://www.basketball-reference.com/leagues/NBA_2026_games-march.html,KXNBAGAME-26MAR01MINDEN-DEN,KXNBAGAME-26MAR01MINDEN,Denver Nuggets,2026-03-01 23:30:00+00:00,2026-02-27 11:06:00+00:00,0.0,5480171.0,historical,2026-03-01,902,available,0.5700000000000001,0.56,0.58,0.58,0.019999999999999907,bid_ask_midpoint,2026-03-01T20:15:00+00:00,15.0,334430.0,1164.0,https://api.elections.kalshi.com/trade-api/v2/historical/markets/KXNBAGAME-26MAR01MINDEN-DEN/candlesticks?start_ts=1772309700&end_ts=1772396100&period_interval=1,0,True,2026-03-01_Minnesota_Timberwolves_at_Denver_Nuggets
2026-03-01,2026-03-01 20:30:00+00:00,Milwaukee Bucks,Chicago Bulls,97,120,1,23,https://www.basketball-reference.com/leagues/NBA_2026_games-march.html,KXNBAGAME-26MAR01MILCHI-CHI,KXNBAGAME-26MAR01MILCHI,Chicago Bulls,2026-03-01 23:30:00+00:00,2026-02-27 11:06:00+00:00,1.0,1832057.0,historical,2026-03-01,903,available,0.435,0.43,0.44,0.43,0.010000000000000009,bid_ask_midpoint,2026-03-01T20:15:00+00:00,15.0,76070.0,924.0,https://api.elections.kalshi.com/trade-api/v2/historical/markets/KXNBAGAME-26MAR01MILCHI-CHI/candlesticks?start_ts=1772309700&end_ts=1772396100&period_interval=1,1,True,2026-03-01_Milwaukee_Bucks_at_Chicago_Bulls
2026-03-01,2026-03-01 20:30:00+00:00,Cleveland Cavaliers,Brooklyn Nets,106,102,0,-4,https://www.basketball-reference.com/leagues/NBA_2026_games-march.html,KXNBAGAME-26MAR01CLEBKN-BKN,KXNBAGAME-26MAR01CLEBKN,Brooklyn Nets,2026-03-01 23:30:00+00:00,2026-02-27 11:06:00+00:00,0.0,4260924.0,historical,2026-03-01,904,available,0.165,0.16,0.17,0.17,0.010000000000000009,bid_ask_midpoint,2026-03-01T20:15:00+00:00,15.0,239045.0,804.0,https://api.elections.kalshi.com/trade-api/v2/historical/markets/KXNBAGAME-26MAR01CLEBKN-BKN/candlesticks?start_ts=1772309700&end_ts=1772396100&period_interval=1,0,True,2026-03-01_Cleveland_Cavaliers_at_Brooklyn_Nets
2026-03-01,2026-03-01 18:00:00+00:00,San Antonio Spurs,New York Knicks,89,114,1,25,https://www.basketball-reference.com/leagues/NBA_2026_games-march.html,KXNBAGAME-26MAR01SASNYK-NYK,KXNBAGAME-26MAR01SASNYK,New York Knicks,2026-03-01 21:00:00+00:00,2026-02-27 08:05:00+00:00,1.0,5691860.0,historical,2026-03-01,905,available,0.485,0.48,0.49,0.49,0.010000000000000009,bid_ask_midpoint,2026-03-01T17:45:00+00:00,15.0,798696.0,1086.0,https://api.elections.kalshi.com/trade-api/v2/historical/markets/KXNBAGAME-26MAR01SASNYK-NYK/candlesticks?start_ts=1772300700&end_ts=1772387100&period_interval=1,1,True,2026-03-01_San_Antonio_Spurs_at_New_York_Knicks
2026-03-01,2026-03-01 22:00:00+00:00,Memphis Grizzlies,Indiana Pacers,125,106,0,-19,https://www.basketball-reference.com/leagues/NBA_2026_games-march.html,KXNBAGAME-26MAR01MEMIND-IND,KXNBAGAME-26MAR01MEMIND,Indiana Pacers,2026-03-02 01:00:00+00:00,2026-02-27 14:06:00+00:00,0.0,1778086.0,historical,2026-03-01,906,available,0.495,0.49,0.5,0.5,0.010000000000000009,bid_ask_midpoint,2026-03-01T21:45:00+00:00,15.0,107262.0,689.0,https://api.elections.kalshi.com/trade-api/v2/historical/markets/KXNBAGAME-26MAR01MEMIND-IND/candlesticks?start_ts=1772315100&end_ts=1772401500&period_interval=1,0,True,2026-03-01_Memphis_Grizzlies_at_Indiana_Pacers
2026-03-02,2026-03-03 00:00:00+00:00,Houston Rockets,Washington Wizards,123,118,0,-5,https://www.basketball-reference.com/leagues/NBA_2026_games-march.html,KXNBAGAME-26MAR02HOUWAS-WAS,KXNBAGAME-26MAR02HOUWAS,Washington Wizards,2026-03-03 03:00:00+00:00,2026-02-28 14:06:00+00:00,0.0,2777049.0,historical,2026-03-02,907,available,0.11499999999999999,0.11,0.12,0.12,0.009999999999999995,bid_ask_midpoint,2026-03-02T23:45:00+00:00,15.0,406892.0,1196.0,https://api.elections.kalshi.com/trade-api/v2/historical/markets/KXNBAGAME-26MAR02HOUWAS-WAS/candlesticks?start_ts=1772408700&end_ts=1772495100&period_interval=1,0,True,2026-03-02_Houston_Rockets_at_Washington_Wizards
2026-03-02,2026-03-03 00:30:00+00:00,Boston Celtics,Milwaukee Bucks,108,81,0,-27,https://www.basketball-reference.com/leagues/NBA_2026_games-march.html,KXNBAGAME-26MAR02BOSMIL-MIL,KXNBAGAME-26MAR02BOSMIL,Milwaukee Bucks,2026-03-03 03:30:00+00:00,2026-02-28 17:06:00+00:00,0.0,5362081.0,historical,2026-03-02,908,available,0.435,0.43,0.44,0.44,0.010000000000000009,bid_ask_midpoint,2026-03-03T00:15:00+00:00,15.0,1895211.0,1168.0,https://api.elections.kalshi.com/trade-api/v2/historical/markets/KXNBAGAME-26MAR02BOSMIL-MIL/candlesticks?start_ts=1772410500&end_ts=1772496900&period_interval=1,0,True,2026-03-02_Boston_Celtics_at_Milwaukee_Bucks
2026-03-02,2026-03-03 02:00:00+00:00,Denver Nuggets,Utah Jazz,128,125,0,-3,https://www.basketball-reference.com/leagues/NBA_2026_games-march.html,KXNBAGAME-26MAR02DENUTA-UTA,KXNBAGAME-26MAR02DENUTA,Utah Jazz,2026-03-03 05:00:00+00:00,2026-02-28 17:07:00+00:00,0.0,7895829.0,historical,2026-03-03,909,missing,,,,,,,,,,,,0,True,2026-03-02_Denver_Nuggets_at_Utah_Jazz
2026-03-03,2026-03-04 04:00:00+00:00,Phoenix Suns,Sacramento Kings,114,103,0,-11,https://www.basketball-reference.com/leagues/NBA_2026_games-march.html,KXNBAGAME-26MAR03PHXSAC-SAC,KXNBAGAME-26MAR03PHXSAC,Sacramento Kings,2026-03-04 07:00:00+00:00,2026-03-01 20:07:00+00:00,0.0,2077616.0,historical,2026-03-04,911,available,0.225,0.22,0.23,0.22,0.010000000000000009,bid_ask_midpoint,2026-03-04T03:45:00+00:00,15.0,161548.0,753.0,https://api.elections.kalshi.com/trade-api/v2/historical/markets/KXNBAGAME-26MAR03PHXSAC-SAC/candlesticks?start_ts=1772509500&end_ts=1772595900&period_interval=1,0,True,2026-03-03_Phoenix_Suns_at_Sacramento_Kings
2026-03-03,2026-03-04 01:00:00+00:00,San Antonio Spurs,Philadelphia 76ers,131,91,0,-40,https://www.basketball-reference.com/leagues/NBA_2026_games-march.html,KXNBAGAME-26MAR03SASPHI-PHI,KXNBAGAME-26MAR03SASPHI,Philadelphia 76ers,2026-03-04 04:00:00+00:00,2026-03-01 17:06:00+00:00,0.0,744480.0,historical,2026-03-03,913,missing,,,,,,,,,,,,0,True,2026-03-03_San_Antonio_Spurs_at_Philadelphia_76ers
2026-03-03,2026-03-04 01:00:00+00:00,Memphis Grizzlies,Minnesota Timberwolves,110,117,1,7,https://www.basketball-reference.com/leagues/NBA_2026_games-march.html,KXNBAGAME-26MAR03MEMMIN-MIN,KXNBAGAME-26MAR03MEMMIN,Minnesota Timberwolves,2026-03-04 04:00:00+00:00,2026-03-01 17:06:00+00:00,1.0,2199687.0,historical,2026-03-03,914,available,0.865,0.86,0.87,0.87,0.010000000000000009,bid_ask_midpoint,2026-03-04T00:45:00+00:00,15.0,184579.0,893.0,https://api.elections.kalshi.com/trade-api/v2/historical/markets/KXNBAGAME-26MAR03MEMMIN-MIN/candlesticks?start_ts=1772498700&end_ts=1772585100&period_interval=1,1,True,2026-03-03_Memphis_Grizzlies_at_Minnesota_Timberwolves
2026-03-03,2026-03-04 01:00:00+00:00,Oklahoma City Thunder,Chicago Bulls,116,108,0,-8,https://www.basketball-reference.com/leagues/NBA_2026_games-march.html,KXNBAGAME-26MAR03OKCCHI-CHI,KXNBAGAME-26MAR03OKCCHI,Chicago Bulls,2026-03-04 04:00:00+00:00,2026-03-01 17:07:00+00:00,0.0,1138713.0,historical,2026-03-03,915,available,0.225,0.22,0.23,0.23,0.010000000000000009,bid_ask_midpoint,2026-03-04T00:45:00+00:00,15.0,100526.0,989.0,https://api.elections.kalshi.com/trade-api/v2/historical/markets/KXNBAGAME-26MAR03OKCCHI-CHI/candlesticks?start_ts=1772498700&end_ts=1772585100&period_interval=1,0,True,2026-03-03_Oklahoma_City_Thunder_at_Chicago_Bulls
2026-03-03,2026-03-04 00:00:00+00:00,Detroit Pistons,Cleveland Cavaliers,109,113,1,4,https://www.basketball-reference.com/leagues/NBA_2026_games-march.html,KXNBAGAME-26MAR03DETCLE-CLE,KXNBAGAME-26MAR03DETCLE,Cleveland Cavaliers,2026-03-04 03:00:00+00:00,2026-03-01 14:07:00+00:00,1.0,3311832.0,historical,2026-03-03,916,available,0.425,0.42,0.43,0.43,0.010000000000000009,bid_ask_midpoint,2026-03-03T23:45:00+00:00,15.0,445715.0,1306.0,https://api.elections.kalshi.com/trade-api/v2/historical/markets/KXNBAGAME-26MAR03DETCLE-CLE/candlesticks?start_ts=1772495100&end_ts=1772581500&period_interval=1,1,True,2026-03-03_Detroit_Pistons_at_Cleveland_Cavaliers
2026-03-03,2026-03-04 00:30:00+00:00,Brooklyn Nets,Miami Heat,98,124,1,26,https://www.basketball-reference.com/leagues/NBA_2026_games-march.html,KXNBAGAME-26MAR03BKNMIA-MIA,KXNBAGAME-26MAR03BKNMIA,Miami Heat,2026-03-04 03:30:00+00:00,2026-03-01 17:06:00+00:00,1.0,595351.0,historical,2026-03-03,917,missing,,,,,,,,,,,,1,True,2026-03-03_Brooklyn_Nets_at_Miami_Heat
2026-03-03,2026-03-04 00:00:00+00:00,Washington Wizards,Orlando Magic,109,126,1,17,https://www.basketball-reference.com/leagues/NBA_2026_games-march.html,KXNBAGAME-26MAR03WASORL-ORL,KXNBAGAME-26MAR03WASORL,Orlando Magic,2026-03-04 03:00:00+00:00,2026-03-01 14:06:00+00:00,1.0,611610.0,historical,2026-03-03,918,available,0.905,0.9,0.91,0.91,0.010000000000000009,bid_ask_midpoint,2026-03-03T23:45:00+00:00,15.0,207015.0,1024.0,https://api.elections.kalshi.com/trade-api/v2/historical/markets/KXNBAGAME-26MAR03WASORL-ORL/candlesticks?start_ts=1772495100&end_ts=1772581500&period_interval=1,1,True,2026-03-03_Washington_Wizards_at_Orlando_Magic
2026-03-03,2026-03-04 00:00:00+00:00,Dallas Mavericks,Charlotte Hornets,90,117,1,27,https://www.basketball-reference.com/leagues/NBA_2026_games-march.html,KXNBAGAME-26MAR03DALCHA-CHA,KXNBAGAME-26MAR03DALCHA,Charlotte Hornets,2026-03-04 03:00:00+00:00,2026-03-01 14:07:00+00:00,1.0,1233769.0,historical,2026-03-03,919,available,0.855,0.85,0.86,0.86,0.010000000000000009,bid_ask_midpoint,2026-03-03T23:45:00+00:00,15.0,359861.0,1141.0,https://api.elections.kalshi.com/trade-api/v2/historical/markets/KXNBAGAME-26MAR03DALCHA-CHA/candlesticks?start_ts=1772495100&end_ts=1772581500&period_interval=1,1,True,2026-03-03_Dallas_Mavericks_at_Charlotte_Hornets
2026-03-03,2026-03-04 00:30:00+00:00,New York Knicks,Toronto Raptors,111,95,0,-16,https://www.basketball-reference.com/leagues/NBA_2026_games-march.html,KXNBAGAME-26MAR03NYKTOR-TOR,KXNBAGAME-26MAR03NYKTOR,Toronto Raptors,2026-03-04 03:30:00+00:00,2026-03-01 17:06:00+00:00,0.0,2443598.0,historical,2026-03-03,920,missing,,,,,,,,,,,,0,True,2026-03-03_New_York_Knicks_at_Toronto_Raptors
2026-03-04,2026-03-05 02:30:00+00:00,Atlanta Hawks,Milwaukee Bucks,131,113,0,-18,https://www.basketball-reference.com/leagues/NBA_2026_games-march.html,KXNBAGAME-26MAR04ATLMIL-MIL,KXNBAGAME-26MAR04ATLMIL,Milwaukee Bucks,2026-03-05 05:30:00+00:00,2026-03-02 17:07:00+00:00,0.0,5718584.0,historical,2026-03-05,921,available,0.495,0.49,0.5,0.5,0.010000000000000009,bid_ask_midpoint,2026-03-05T02:15:00+00:00,15.0,467843.0,1215.0,https://api.elections.kalshi.com/trade-api/v2/historical/markets/KXNBAGAME-26MAR04ATLMIL-MIL/candlesticks?start_ts=1772590500&end_ts=1772676900&period_interval=1,0,True,2026-03-04_Atlanta_Hawks_at_Milwaukee_Bucks
2026-03-04,2026-03-05 01:00:00+00:00,Portland Trail Blazers,Memphis Grizzlies,122,114,0,-8,https://www.basketball-reference.com/leagues/NBA_2026_games-march.html,KXNBAGAME-26MAR04PORMEM-MEM,KXNBAGAME-26MAR04PORMEM,Memphis Grizzlies,2026-03-05 04:00:00+00:00,2026-03-02 17:06:00+00:00,0.0,2979774.0,historical,2026-03-04,923,available,0.235,0.23,0.24,0.24,0.009999999999999981,bid_ask_midpoint,2026-03-05T00:45:00+00:00,15.0,382648.0,942.0,https://api.elections.kalshi.com/trade-api/v2/historical/markets/KXNBAGAME-26MAR04PORMEM-MEM/candlesticks?start_ts=1772585100&end_ts=1772671500&period_interval=1,0,True,2026-03-04_Portland_Trail_Blazers_at_Memphis_Grizzlies
2026-03-04,2026-03-05 00:30:00+00:00,Utah Jazz,Philadelphia 76ers,102,106,1,4,https://www.basketball-reference.com/leagues/NBA_2026_games-march.html,KXNBAGAME-26MAR04UTAPHI-PHI,KXNBAGAME-26MAR04UTAPHI,Philadelphia 76ers,2026-03-05 03:30:00+00:00,2026-03-02 17:06:00+00:00,1.0,3120832.0,historical,2026-03-04,924,missing,,,,,,,,,,,,1,True,2026-03-04_Utah_Jazz_at_Philadelphia_76ers
2026-03-04,2026-03-05 00:30:00+00:00,Charlotte Hornets,Boston Celtics,118,89,0,-29,https://www.basketball-reference.com/leagues/NBA_2026_games-march.html,KXNBAGAME-26MAR04CHABOS-BOS,KXNBAGAME-26MAR04CHABOS,Boston Celtics,2026-03-05 03:30:00+00:00,2026-03-02 17:06:00+00:00,0.0,4986637.0,historical,2026-03-04,925,missing,,,,,,,,,,,,0,True,2026-03-04_Charlotte_Hornets_at_Boston_Celtics
2026-03-04,2026-03-05 00:00:00+00:00,Oklahoma City Thunder,New York Knicks,103,100,0,-3,https://www.basketball-reference.com/leagues/NBA_2026_games-march.html,KXNBAGAME-26MAR04OKCNYK-NYK,KXNBAGAME-26MAR04OKCNYK,New York Knicks,2026-03-05 03:00:00+00:00,2026-03-02 14:06:00+00:00,0.0,7752831.0,historical,2026-03-04,926,available,0.385,0.38,0.39,0.39,0.010000000000000009,bid_ask_midpoint,2026-03-04T23:45:00+00:00,15.0,960414.0,1341.0,https://api.elections.kalshi.com/trade-api/v2/historical/markets/KXNBAGAME-26MAR04OKCNYK-NYK/candlesticks?start_ts=1772581500&end_ts=1772667900&period_interval=1,0,True,2026-03-04_Oklahoma_City_Thunder_at_New_York_Knicks
2026-03-05,2026-03-06 02:00:00+00:00,Chicago Bulls,Phoenix Suns,105,103,0,-2,https://www.basketball-reference.com/leagues/NBA_2026_games-march.html,KXNBAGAME-26MAR05CHIPHX-PHX,KXNBAGAME-26MAR05CHIPHX,Phoenix Suns,2026-03-06 05:00:00+00:00,2026-03-03 17:06:00+00:00,0.0,4367934.0,historical,2026-03-06,928,missing,,,,,,,,,,,,0,True,2026-03-05_Chicago_Bulls_at_Phoenix_Suns
2026-03-05,2026-03-06 01:00:00+00:00,Detroit Pistons,San Antonio Spurs,106,121,1,15,https://www.basketball-reference.com/leagues/NBA_2026_games-march.html,KXNBAGAME-26MAR05DETSAS-SAS,KXNBAGAME-26MAR05DETSAS,San Antonio Spurs,2026-03-06 04:00:00+00:00,2026-03-03 17:06:00+00:00,1.0,3566762.0,historical,2026-03-05,929,available,0.575,0.57,0.58,0.58,0.010000000000000009,bid_ask_midpoint,2026-03-06T00:45:00+00:00,15.0,631893.0,1191.0,https://api.elections.kalshi.com/trade-api/v2/historical/markets/KXNBAGAME-26MAR05DETSAS-SAS/candlesticks?start_ts=1772671500&end_ts=1772757900&period_interval=1,1,True,2026-03-05_Detroit_Pistons_at_San_Antonio_Spurs
2026-03-05,2026-03-06 01:00:00+00:00,Toronto Raptors,Minnesota Timberwolves,107,115,1,8,https://www.basketball-reference.com/leagues/NBA_2026_games-march.html,KXNBAGAME-26MAR05TORMIN-MIN,KXNBAGAME-26MAR05TORMIN,Minnesota Timberwolves,2026-03-06 04:00:00+00:00,2026-03-03 17:06:00+00:00,1.0,1914015.0,historical,2026-03-05,930,available,0.655,0.65,0.66,0.66,0.010000000000000009,bid_ask_midpoint,2026-03-06T00:45:00+00:00,15.0,352557.0,1027.0,https://api.elections.kalshi.com/trade-api/v2/historical/markets/KXNBAGAME-26MAR05TORMIN-MIN/candlesticks?start_ts=1772671500&end_ts=1772757900&period_interval=1,1,True,2026-03-05_Toronto_Raptors_at_Minnesota_Timberwolves
2026-03-05,2026-03-06 03:00:00+00:00,New Orleans Pelicans,Sacramento Kings,133,123,0,-10,https://www.basketball-reference.com/leagues/NBA_2026_games-march.html,KXNBAGAME-26MAR05NOPSAC-SAC,KXNBAGAME-26MAR05NOPSAC,Sacramento Kings,2026-03-06 06:00:00+00:00,2026-03-03 17:06:00+00:00,0.0,2486398.0,historical,2026-03-06,931,available,0.3,0.29,0.31,0.31,0.020000000000000018,bid_ask_midpoint,2026-03-06T02:45:00+00:00,15.0,84317.0,844.0,https://api.elections.kalshi.com/trade-api/v2/historical/markets/KXNBAGAME-26MAR05NOPSAC-SAC/candlesticks?start_ts=1772678700&end_ts=1772765100&period_interval=1,0,True,2026-03-05_New_Orleans_Pelicans_at_Sacramento_Kings
2026-03-05,2026-03-06 00:30:00+00:00,Golden State Warriors,Houston Rockets,115,113,0,-2,https://www.basketball-reference.com/leagues/NBA_2026_games-march.html,KXNBAGAME-26MAR05GSWHOU-HOU,KXNBAGAME-26MAR05GSWHOU,Houston Rockets,2026-03-06 03:30:00+00:00,2026-03-03 17:06:00+00:00,0.0,7539471.0,historical,2026-03-05,932,available,0.785,0.78,0.79,0.79,0.010000000000000009,bid_ask_midpoint,2026-03-06T00:15:00+00:00,15.0,723457.0,1095.0,https://api.elections.kalshi.com/trade-api/v2/historical/markets/KXNBAGAME-26MAR05GSWHOU-HOU/candlesticks?start_ts=1772669700&end_ts=1772756100&period_interval=1,0,True,2026-03-05_Golden_State_Warriors_at_Houston_Rockets
2026-03-05,2026-03-06 00:00:00+00:00,Utah Jazz,Washington Wizards,122,112,0,-10,https://www.basketball-reference.com/leagues/NBA_2026_games-march.html,KXNBAGAME-26MAR05UTAWAS-WAS,KXNBAGAME-26MAR05UTAWAS,Washington Wizards,2026-03-06 03:00:00+00:00,2026-03-03 14:06:00+00:00,0.0,2124614.0,historical,2026-03-05,933,available,0.615,0.61,0.62,0.62,0.010000000000000009,bid_ask_midpoint,2026-03-05T23:45:00+00:00,15.0,316089.0,1079.0,https://api.elections.kalshi.com/trade-api/v2/historical/markets/KXNBAGAME-26MAR05UTAWAS-WAS/candlesticks?start_ts=1772667900&end_ts=1772754300&period_interval=1,0,True,2026-03-05_Utah_Jazz_at_Washington_Wizards
2026-03-05,2026-03-06 00:00:00+00:00,Dallas Mavericks,Orlando Magic,114,115,1,1,https://www.basketball-reference.com/leagues/NBA_2026_games-march.html,KXNBAGAME-26MAR05DALORL-ORL,KXNBAGAME-26MAR05DALORL,Orlando Magic,2026-03-06 03:00:00+00:00,2026-03-03 14:06:00+00:00,1.0,3636155.0,historical,2026-03-05,934,available,0.755,0.75,0.76,0.76,0.010000000000000009,bid_ask_midpoint,2026-03-05T23:45:00+00:00,15.0,301432.0,1080.0,https://api.elections.kalshi.com/trade-api/v2/historical/markets/KXNBAGAME-26MAR05DALORL-ORL/candlesticks?start_ts=1772667900&end_ts=1772754300&period_interval=1,1,True,2026-03-05_Dallas_Mavericks_at_Orlando_Magic
2026-03-05,2026-03-06 00:30:00+00:00,Brooklyn Nets,Miami Heat,110,126,1,16,https://www.basketball-reference.com/leagues/NBA_2026_games-march.html,KXNBAGAME-26MAR05BKNMIA-MIA,KXNBAGAME-26MAR05BKNMIA,Miami Heat,2026-03-06 03:30:00+00:00,2026-03-03 17:06:00+00:00,1.0,1321145.0,historical,2026-03-05,935,available,0.865,0.86,0.87,0.87,0.010000000000000009,bid_ask_midpoint,2026-03-06T00:15:00+00:00,15.0,413922.0,941.0,https://api.elections.kalshi.com/trade-api/v2/historical/markets/KXNBAGAME-26MAR05BKNMIA-MIA/candlesticks?start_ts=1772669700&end_ts=1772756100&period_interval=1,1,True,2026-03-05_Brooklyn_Nets_at_Miami_Heat
2026-03-06,2026-03-07 00:00:00+00:00,Dallas Mavericks,Boston Celtics,100,120,1,20,https://www.basketball-reference.com/leagues/NBA_2026_games-march.html,KXNBAGAME-26MAR06DALBOS-BOS,KXNBAGAME-26MAR06DALBOS,Boston Celtics,2026-03-07 03:00:00+00:00,2026-03-04 14:06:00+00:00,1.0,2700327.0,historical,2026-03-06,936,available,0.895,0.89,0.9,0.9,0.010000000000000009,bid_ask_midpoint,2026-03-06T23:45:00+00:00,15.0,694176.0,1173.0,https://api.elections.kalshi.com/trade-api/v2/historical/markets/KXNBAGAME-26MAR06DALBOS-BOS/candlesticks?start_ts=1772754300&end_ts=1772840700&period_interval=1,1,True,2026-03-06_Dallas_Mavericks_at_Boston_Celtics
2026-03-06,2026-03-07 00:00:00+00:00,Miami Heat,Charlotte Hornets,128,120,0,-8,https://www.basketball-reference.com/leagues/NBA_2026_games-march.html,KXNBAGAME-26MAR06MIACHA-CHA,KXNBAGAME-26MAR06MIACHA,Charlotte Hornets,2026-03-07 03:00:00+00:00,2026-03-04 14:06:00+00:00,0.0,4023373.0,historical,2026-03-06,937,available,0.715,0.71,0.72,0.72,0.010000000000000009,bid_ask_midpoint,2026-03-06T23:45:00+00:00,15.0,383728.0,1145.0,https://api.elections.kalshi.com/trade-api/v2/historical/markets/KXNBAGAME-26MAR06MIACHA-CHA/candlesticks?start_ts=1772754300&end_ts=1772840700&period_interval=1,0,True,2026-03-06_Miami_Heat_at_Charlotte_Hornets
2026-03-06,2026-03-07 01:00:00+00:00,Portland Trail Blazers,Houston Rockets,99,106,1,7,https://www.basketball-reference.com/leagues/NBA_2026_games-march.html,KXNBAGAME-26MAR06PORHOU-HOU,KXNBAGAME-26MAR06PORHOU,Houston Rockets,2026-03-07 04:00:00+00:00,2026-03-04 17:06:00+00:00,1.0,4153206.0,historical,2026-03-06,938,available,0.715,0.71,0.72,0.72,0.010000000000000009,bid_ask_midpoint,2026-03-07T00:45:00+00:00,15.0,531906.0,1192.0,https://api.elections.kalshi.com/trade-api/v2/historical/markets/KXNBAGAME-26MAR06PORHOU-HOU/candlesticks?start_ts=1772757900&end_ts=1772844300&period_interval=1,1,True,2026-03-06_Portland_Trail_Blazers_at_Houston_Rockets
2026-03-06,2026-03-07 02:00:00+00:00,New York Knicks,Denver Nuggets,142,103,0,-39,https://www.basketball-reference.com/leagues/NBA_2026_games-march.html,KXNBAGAME-26MAR06NYKDEN-DEN,KXNBAGAME-26MAR06NYKDEN,Denver Nuggets,2026-03-07 05:00:00+00:00,2026-03-04 17:06:00+00:00,0.0,3935904.0,historical,2026-03-07,939,available,0.515,0.51,0.52,0.52,0.010000000000000009,bid_ask_midpoint,2026-03-07T01:45:00+00:00,15.0,538389.0,1176.0,https://api.elections.kalshi.com/trade-api/v2/historical/markets/KXNBAGAME-26MAR06NYKDEN-DEN/candlesticks?start_ts=1772761500&end_ts=1772847900&period_interval=1,0,True,2026-03-06_New_York_Knicks_at_Denver_Nuggets
2026-03-06,2026-03-07 02:00:00+00:00,New Orleans Pelicans,Phoenix Suns,116,118,1,2,https://www.basketball-reference.com/leagues/NBA_2026_games-march.html,KXNBAGAME-26MAR06NOPPHX-PHX,KXNBAGAME-26MAR06NOPPHX,Phoenix Suns,2026-03-07 05:00:00+00:00,2026-03-04 17:06:00+00:00,1.0,2028315.0,historical,2026-03-07,940,available,0.625,0.62,0.63,0.63,0.010000000000000009,bid_ask_midpoint,2026-03-07T01:45:00+00:00,15.0,245089.0,1089.0,https://api.elections.kalshi.com/trade-api/v2/historical/markets/KXNBAGAME-26MAR06NOPPHX-PHX/candlesticks?start_ts=1772761500&end_ts=1772847900&period_interval=1,1,True,2026-03-06_New_Orleans_Pelicans_at_Phoenix_Suns
2026-03-07,2026-03-08 01:00:00+00:00,Utah Jazz,Milwaukee Bucks,99,113,1,14,https://www.basketball-reference.com/leagues/NBA_2026_games-march.html,KXNBAGAME-26MAR07UTAMIL-MIL,KXNBAGAME-26MAR07UTAMIL,Milwaukee Bucks,2026-03-08 04:00:00+00:00,2026-03-05 17:05:00+00:00,1.0,1545750.0,historical,2026-03-07,943,available,0.795,0.79,0.8,0.8,0.010000000000000009,bid_ask_midpoint,2026-03-08T00:45:00+00:00,15.0,193432.0,1090.0,https://api.elections.kalshi.com/trade-api/v2/historical/markets/KXNBAGAME-26MAR07UTAMIL-MIL/candlesticks?start_ts=1772844300&end_ts=1772930700&period_interval=1,1,True,2026-03-07_Utah_Jazz_at_Milwaukee_Bucks
2026-03-07,2026-03-08 01:30:00+00:00,Golden State Warriors,Oklahoma City Thunder,97,104,1,7,https://www.basketball-reference.com/leagues/NBA_2026_games-march.html,KXNBAGAME-26MAR07GSWOKC-OKC,KXNBAGAME-26MAR07GSWOKC,Oklahoma City Thunder,2026-03-08 04:30:00+00:00,2026-03-05 17:05:00+00:00,1.0,3754381.0,historical,2026-03-07,944,available,0.845,0.84,0.85,0.85,0.010000000000000009,bid_ask_midpoint,2026-03-08T01:15:00+00:00,15.0,532175.0,1076.0,https://api.elections.kalshi.com/trade-api/v2/historical/markets/KXNBAGAME-26MAR07GSWOKC-OKC/candlesticks?start_ts=1772846100&end_ts=1772932500&period_interval=1,1,True,2026-03-07_Golden_State_Warriors_at_Oklahoma_City_Thunder
2026-03-07,2026-03-07 20:00:00+00:00,Orlando Magic,Minnesota Timberwolves,119,92,0,-27,https://www.basketball-reference.com/leagues/NBA_2026_games-march.html,KXNBAGAME-26MAR07ORLMIN-MIN,KXNBAGAME-26MAR07ORLMIN,Minnesota Timberwolves,2026-03-07 23:00:00+00:00,2026-03-05 11:06:00+00:00,0.0,4590049.0,historical,2026-03-07,946,available,0.705,0.7,0.71,0.71,0.010000000000000009,bid_ask_midpoint,2026-03-07T19:45:00+00:00,15.0,365809.0,1103.0,https://api.elections.kalshi.com/trade-api/v2/historical/markets/KXNBAGAME-26MAR07ORLMIN-MIN/candlesticks?start_ts=1772826300&end_ts=1772912700&period_interval=1,0,True,2026-03-07_Orlando_Magic_at_Minnesota_Timberwolves
2026-03-07,2026-03-07 23:00:00+00:00,Philadelphia 76ers,Atlanta Hawks,116,125,1,9,https://www.basketball-reference.com/leagues/NBA_2026_games-march.html,KXNBAGAME-26MAR07PHIATL-ATL,KXNBAGAME-26MAR07PHIATL,Atlanta Hawks,2026-03-08 02:00:00+00:00,2026-03-05 14:06:00+00:00,1.0,3901625.0,historical,2026-03-07,947,available,0.695,0.69,0.7,0.7,0.010000000000000009,bid_ask_midpoint,2026-03-07T22:45:00+00:00,15.0,351450.0,1008.0,https://api.elections.kalshi.com/trade-api/v2/historical/markets/KXNBAGAME-26MAR07PHIATL-ATL/candlesticks?start_ts=1772837100&end_ts=1772923500&period_interval=1,1,True,2026-03-07_Philadelphia_76ers_at_Atlanta_Hawks
2026-03-07,2026-03-07 23:00:00+00:00,Brooklyn Nets,Detroit Pistons,107,105,0,-2,https://www.basketball-reference.com/leagues/NBA_2026_games-march.html,KXNBAGAME-26MAR07BKNDET-DET,KXNBAGAME-26MAR07BKNDET,Detroit Pistons,2026-03-08 02:00:00+00:00,2026-03-05 14:06:00+00:00,0.0,3178637.0,historical,2026-03-07,948,available,0.865,0.86,0.87,0.87,0.010000000000000009,bid_ask_midpoint,2026-03-07T22:45:00+00:00,15.0,794372.0,1097.0,https://api.elections.kalshi.com/trade-api/v2/historical/markets/KXNBAGAME-26MAR07BKNDET-DET/candlesticks?start_ts=1772837100&end_ts=1772923500&period_interval=1,0,True,2026-03-07_Brooklyn_Nets_at_Detroit_Pistons
2026-03-08,2026-03-09 02:00:00+00:00,Charlotte Hornets,Phoenix Suns,99,111,1,12,https://www.basketball-reference.com/leagues/NBA_2026_games-march.html,KXNBAGAME-26MAR08CHAPHX-PHX,KXNBAGAME-26MAR08CHAPHX,Phoenix Suns,2026-03-09 05:00:00+00:00,2026-03-06 17:08:00+00:00,1.0,5782173.0,historical,2026-03-09,949,available,0.355,0.35,0.36,0.36,0.010000000000000009,bid_ask_midpoint,2026-03-09T01:45:00+00:00,15.0,274674.0,1003.0,https://api.elections.kalshi.com/trade-api/v2/historical/markets/KXNBAGAME-26MAR08CHAPHX-PHX/candlesticks?start_ts=1772934300&end_ts=1773020700&period_interval=1,1,True,2026-03-08_Charlotte_Hornets_at_Phoenix_Suns
2026-03-08,2026-03-09 01:00:00+00:00,Indiana Pacers,Portland Trail Blazers,111,131,1,20,https://www.basketball-reference.com/leagues/NBA_2026_games-march.html,KXNBAGAME-26MAR08INDPOR-POR,KXNBAGAME-26MAR08INDPOR,Portland Trail Blazers,2026-03-09 04:00:00+00:00,2026-03-06 17:08:00+00:00,1.0,925702.0,historical,2026-03-09,950,available,0.785,0.78,0.79,0.79,0.010000000000000009,bid_ask_midpoint,2026-03-09T00:45:00+00:00,15.0,90587.0,790.0,https://api.elections.kalshi.com/trade-api/v2/historical/markets/KXNBAGAME-26MAR08INDPOR-POR/candlesticks?start_ts=1772930700&end_ts=1773017100&period_interval=1,1,True,2026-03-08_Indiana_Pacers_at_Portland_Trail_Blazers
2026-03-08,2026-03-09 00:00:00+00:00,Houston Rockets,San Antonio Spurs,120,145,1,25,https://www.basketball-reference.com/leagues/NBA_2026_games-march.html,KXNBAGAME-26MAR08HOUSAS-SAS,KXNBAGAME-26MAR08HOUSAS,San Antonio Spurs,2026-03-09 03:00:00+00:00,2026-03-06 14:08:00+00:00,1.0,4135157.0,historical,2026-03-08,951,available,0.675,0.67,0.68,0.68,0.010000000000000009,bid_ask_midpoint,2026-03-08T23:45:00+00:00,15.0,554125.0,1161.0,https://api.elections.kalshi.com/trade-api/v2/historical/markets/KXNBAGAME-26MAR08HOUSAS-SAS/candlesticks?start_ts=1772927100&end_ts=1773013500&period_interval=1,1,True,2026-03-08_Houston_Rockets_at_San_Antonio_Spurs
2026-03-08,2026-03-09 00:00:00+00:00,Orlando Magic,Milwaukee Bucks,130,91,0,-39,https://www.basketball-reference.com/leagues/NBA_2026_games-march.html,KXNBAGAME-26MAR08ORLMIL-MIL,KXNBAGAME-26MAR08ORLMIL,Milwaukee Bucks,2026-03-09 03:00:00+00:00,2026-03-06 14:08:00+00:00,0.0,774150.0,historical,2026-03-08,952,available,0.35,0.34,0.36,0.36,0.019999999999999962,bid_ask_midpoint,2026-03-08T23:45:00+00:00,15.0,80394.0,857.0,https://api.elections.kalshi.com/trade-api/v2/historical/markets/KXNBAGAME-26MAR08ORLMIL-MIL/candlesticks?start_ts=1772927100&end_ts=1773013500&period_interval=1,0,True,2026-03-08_Orlando_Magic_at_Milwaukee_Bucks
2026-03-08,2026-03-09 01:00:00+00:00,Chicago Bulls,Sacramento Kings,110,126,1,16,https://www.basketball-reference.com/leagues/NBA_2026_games-march.html,KXNBAGAME-26MAR08CHISAC-SAC,KXNBAGAME-26MAR08CHISAC,Sacramento Kings,2026-03-09 04:00:00+00:00,2026-03-06 17:08:00+00:00,1.0,3426640.0,historical,2026-03-09,953,available,0.375,0.37,0.38,0.38,0.010000000000000009,bid_ask_midpoint,2026-03-09T00:45:00+00:00,15.0,80264.0,885.0,https://api.elections.kalshi.com/trade-api/v2/historical/markets/KXNBAGAME-26MAR08CHISAC-SAC/candlesticks?start_ts=1772930700&end_ts=1773017100&period_interval=1,1,True,2026-03-08_Chicago_Bulls_at_Sacramento_Kings
2026-03-08,2026-03-08 22:00:00+00:00,Dallas Mavericks,Toronto Raptors,92,122,1,30,https://www.basketball-reference.com/leagues/NBA_2026_games-march.html,KXNBAGAME-26MAR08DALTOR-TOR,KXNBAGAME-26MAR08DALTOR,Toronto Raptors,2026-03-09 01:00:00+00:00,2026-03-06 14:08:00+00:00,1.0,652471.0,historical,2026-03-08,954,missing,,,,,,,,,,,,1,True,2026-03-08_Dallas_Mavericks_at_Toronto_Raptors
2026-03-08,2026-03-08 22:00:00+00:00,Detroit Pistons,Miami Heat,110,121,1,11,https://www.basketball-reference.com/leagues/NBA_2026_games-march.html,KXNBAGAME-26MAR08DETMIA-MIA,KXNBAGAME-26MAR08DETMIA,Miami Heat,2026-03-09 01:00:00+00:00,2026-03-06 14:08:00+00:00,1.0,4144310.0,historical,2026-03-08,955,available,0.485,0.48,0.49,0.49,0.010000000000000009,bid_ask_midpoint,2026-03-08T21:45:00+00:00,15.0,248653.0,970.0,https://api.elections.kalshi.com/trade-api/v2/historical/markets/KXNBAGAME-26MAR08DETMIA-MIA/candlesticks?start_ts=1772919900&end_ts=1773006300&period_interval=1,1,True,2026-03-08_Detroit_Pistons_at_Miami_Heat
2026-03-08,2026-03-08 17:00:00+00:00,Boston Celtics,Cleveland Cavaliers,109,98,0,-11,https://www.basketball-reference.com/leagues/NBA_2026_games-march.html,KXNBAGAME-26MAR08BOSCLE-CLE,KXNBAGAME-26MAR08BOSCLE,Cleveland Cavaliers,2026-03-08 20:00:00+00:00,2026-03-06 08:05:00+00:00,0.0,4309561.0,historical,2026-03-08,957,available,0.525,0.52,0.53,0.53,0.010000000000000009,bid_ask_midpoint,2026-03-08T16:45:00+00:00,15.0,702483.0,1038.0,https://api.elections.kalshi.com/trade-api/v2/historical/markets/KXNBAGAME-26MAR08BOSCLE-CLE/candlesticks?start_ts=1772901900&end_ts=1772988300&period_interval=1,0,True,2026-03-08_Boston_Celtics_at_Cleveland_Cavaliers
2026-03-08,2026-03-08 23:00:00+00:00,Washington Wizards,New Orleans Pelicans,118,138,1,20,https://www.basketball-reference.com/leagues/NBA_2026_games-march.html,KXNBAGAME-26MAR08WASNOP-NOP,KXNBAGAME-26MAR08WASNOP,New Orleans Pelicans,2026-03-09 02:00:00+00:00,2026-03-06 14:08:00+00:00,1.0,1162493.0,historical,2026-03-08,958,available,0.815,0.81,0.82,0.82,0.009999999999999898,bid_ask_midpoint,2026-03-08T22:45:00+00:00,15.0,100646.0,811.0,https://api.elections.kalshi.com/trade-api/v2/historical/markets/KXNBAGAME-26MAR08WASNOP-NOP/candlesticks?start_ts=1772923500&end_ts=1773009900&period_interval=1,1,True,2026-03-08_Washington_Wizards_at_New_Orleans_Pelicans
2026-03-09,2026-03-09 23:00:00+00:00,Philadelphia 76ers,Cleveland Cavaliers,101,115,1,14,https://www.basketball-reference.com/leagues/NBA_2026_games-march.html,KXNBAGAME-26MAR09PHICLE-CLE,KXNBAGAME-26MAR09PHICLE,Cleveland Cavaliers,2026-03-10 02:00:00+00:00,2026-03-07 14:07:00+00:00,1.0,2124309.0,historical,2026-03-09,959,available,0.865,0.86,0.87,0.86,0.010000000000000009,bid_ask_midpoint,2026-03-09T22:45:00+00:00,15.0,944193.0,1209.0,https://api.elections.kalshi.com/trade-api/v2/historical/markets/KXNBAGAME-26MAR09PHICLE-CLE/candlesticks?start_ts=1773009900&end_ts=1773096300&period_interval=1,1,True,2026-03-09_Philadelphia_76ers_at_Cleveland_Cavaliers
2026-03-09,2026-03-09 23:30:00+00:00,Memphis Grizzlies,Brooklyn Nets,115,126,1,11,https://www.basketball-reference.com/leagues/NBA_2026_games-march.html,KXNBAGAME-26MAR09MEMBKN-BKN,KXNBAGAME-26MAR09MEMBKN,Brooklyn Nets,2026-03-10 02:30:00+00:00,2026-03-07 14:07:00+00:00,1.0,1395732.0,historical,2026-03-09,960,missing,,,,,,,,,,,,1,True,2026-03-09_Memphis_Grizzlies_at_Brooklyn_Nets
2026-03-09,2026-03-09 23:30:00+00:00,Denver Nuggets,Oklahoma City Thunder,126,129,1,3,https://www.basketball-reference.com/leagues/NBA_2026_games-march.html,KXNBAGAME-26MAR09DENOKC-OKC,KXNBAGAME-26MAR09DENOKC,Oklahoma City Thunder,2026-03-10 02:30:00+00:00,2026-03-07 14:07:00+00:00,1.0,10340746.0,historical,2026-03-09,961,missing,,,,,,,,,,,,1,True,2026-03-09_Denver_Nuggets_at_Oklahoma_City_Thunder
2026-03-09,2026-03-10 01:00:00+00:00,Golden State Warriors,Utah Jazz,116,119,1,3,https://www.basketball-reference.com/leagues/NBA_2026_games-march.html,KXNBAGAME-26MAR09GSWUTA-UTA,KXNBAGAME-26MAR09GSWUTA,Utah Jazz,2026-03-10 04:00:00+00:00,2026-03-07 17:06:00+00:00,1.0,5100953.0,historical,2026-03-10,962,available,0.305,0.3,0.31,0.31,0.010000000000000009,bid_ask_midpoint,2026-03-10T00:45:00+00:00,15.0,117619.0,1136.0,https://api.elections.kalshi.com/trade-api/v2/historical/markets/KXNBAGAME-26MAR09GSWUTA-UTA/candlesticks?start_ts=1773017100&end_ts=1773103500&period_interval=1,1,True,2026-03-09_Golden_State_Warriors_at_Utah_Jazz
2026-03-10,2026-03-11 02:00:00+00:00,Chicago Bulls,Golden State Warriors,130,124,0,-6,https://www.basketball-reference.com/leagues/NBA_2026_games-march.html,KXNBAGAME-26MAR10CHIGSW-GSW,KXNBAGAME-26MAR10CHIGSW,Golden State Warriors,2026-03-11 05:00:00+00:00,2026-03-08 16:07:00+00:00,0.0,4308345.0,historical,2026-03-11,964,available,0.675,0.67,0.68,0.68,0.010000000000000009,bid_ask_midpoint,2026-03-11T01:45:00+00:00,15.0,92167.0,923.0,https://api.elections.kalshi.com/trade-api/v2/historical/markets/KXNBAGAME-26MAR10CHIGSW-GSW/candlesticks?start_ts=1773107100&end_ts=1773193500&period_interval=1,0,True,2026-03-10_Chicago_Bulls_at_Golden_State_Warriors
2026-03-10,2026-03-11 02:00:00+00:00,Indiana Pacers,Sacramento Kings,109,114,1,5,https://www.basketball-reference.com/leagues/NBA_2026_games-march.html,KXNBAGAME-26MAR10INDSAC-SAC,KXNBAGAME-26MAR10INDSAC,Sacramento Kings,2026-03-11 05:00:00+00:00,2026-03-08 16:07:00+00:00,1.0,2345192.0,historical,2026-03-11,965,missing,,,,,,,,,,,,1,True,2026-03-10_Indiana_Pacers_at_Sacramento_Kings
2026-03-10,2026-03-11 02:00:00+00:00,Charlotte Hornets,Portland Trail Blazers,103,101,0,-2,https://www.basketball-reference.com/leagues/NBA_2026_games-march.html,KXNBAGAME-26MAR10CHAPOR-POR,KXNBAGAME-26MAR10CHAPOR,Portland Trail Blazers,2026-03-11 05:00:00+00:00,2026-03-08 16:07:00+00:00,0.0,2625277.0,historical,2026-03-11,967,available,0.415,0.41,0.42,0.42,0.010000000000000009,bid_ask_midpoint,2026-03-11T01:45:00+00:00,15.0,56970.0,863.0,https://api.elections.kalshi.com/trade-api/v2/historical/markets/KXNBAGAME-26MAR10CHAPOR-POR/candlesticks?start_ts=1773107100&end_ts=1773193500&period_interval=1,0,True,2026-03-10_Charlotte_Hornets_at_Portland_Trail_Blazers
2026-03-10,2026-03-11 00:00:00+00:00,Boston Celtics,San Antonio Spurs,116,125,1,9,https://www.basketball-reference.com/leagues/NBA_2026_games-march.html,KXNBAGAME-26MAR10BOSSAS-SAS,KXNBAGAME-26MAR10BOSSAS,San Antonio Spurs,2026-03-11 03:00:00+00:00,2026-03-08 16:07:00+00:00,1.0,5781070.0,historical,2026-03-10,968,available,0.585,0.58,0.59,0.59,0.010000000000000009,bid_ask_midpoint,2026-03-10T23:45:00+00:00,15.0,785761.0,1300.0,https://api.elections.kalshi.com/trade-api/v2/historical/markets/KXNBAGAME-26MAR10BOSSAS-SAS/candlesticks?start_ts=1773099900&end_ts=1773186300&period_interval=1,1,True,2026-03-10_Boston_Celtics_at_San_Antonio_Spurs
2026-03-10,2026-03-10 23:30:00+00:00,Dallas Mavericks,Atlanta Hawks,112,124,1,12,https://www.basketball-reference.com/leagues/NBA_2026_games-march.html,KXNBAGAME-26MAR10DALATL-ATL,KXNBAGAME-26MAR10DALATL,Atlanta Hawks,2026-03-11 02:30:00+00:00,2026-03-08 16:07:00+00:00,1.0,1608379.0,historical,2026-03-10,969,available,0.785,0.78,0.79,0.79,0.010000000000000009,bid_ask_midpoint,2026-03-10T23:15:00+00:00,15.0,189084.0,931.0,https://api.elections.kalshi.com/trade-api/v2/historical/markets/KXNBAGAME-26MAR10DALATL-ATL/candlesticks?start_ts=1773098100&end_ts=1773184500&period_interval=1,1,True,2026-03-10_Dallas_Mavericks_at_Atlanta_Hawks
2026-03-10,2026-03-11 00:00:00+00:00,Toronto Raptors,Houston Rockets,99,113,1,14,https://www.basketball-reference.com/leagues/NBA_2026_games-march.html,KXNBAGAME-26MAR10TORHOU-HOU,KXNBAGAME-26MAR10TORHOU,Houston Rockets,2026-03-11 03:00:00+00:00,2026-03-08 16:07:00+00:00,1.0,873227.0,historical,2026-03-10,970,available,0.635,0.63,0.64,0.64,0.010000000000000009,bid_ask_midpoint,2026-03-10T23:45:00+00:00,15.0,160916.0,931.0,https://api.elections.kalshi.com/trade-api/v2/historical/markets/KXNBAGAME-26MAR10TORHOU-HOU/candlesticks?start_ts=1773099900&end_ts=1773186300&period_interval=1,1,True,2026-03-10_Toronto_Raptors_at_Houston_Rockets
2026-03-10,2026-03-10 23:30:00+00:00,Washington Wizards,Miami Heat,129,150,1,21,https://www.basketball-reference.com/leagues/NBA_2026_games-march.html,KXNBAGAME-26MAR10WASMIA-MIA,KXNBAGAME-26MAR10WASMIA,Miami Heat,2026-03-11 02:30:00+00:00,2026-03-08 16:07:00+00:00,1.0,719026.0,historical,2026-03-10,971,available,0.905,0.9,0.91,0.91,0.010000000000000009,bid_ask_midpoint,2026-03-10T23:15:00+00:00,15.0,242583.0,953.0,https://api.elections.kalshi.com/trade-api/v2/historical/markets/KXNBAGAME-26MAR10WASMIA-MIA/candlesticks?start_ts=1773098100&end_ts=1773184500&period_interval=1,1,True,2026-03-10_Washington_Wizards_at_Miami_Heat
2026-03-10,2026-03-10 23:30:00+00:00,Detroit Pistons,Brooklyn Nets,138,100,0,-38,https://www.basketball-reference.com/leagues/NBA_2026_games-march.html,KXNBAGAME-26MAR10DETBKN-BKN,KXNBAGAME-26MAR10DETBKN,Brooklyn Nets,2026-03-11 02:30:00+00:00,2026-03-08 16:07:00+00:00,0.0,1300149.0,historical,2026-03-10,972,available,0.095,0.09,0.1,0.1,0.010000000000000009,bid_ask_midpoint,2026-03-10T23:15:00+00:00,15.0,611846.0,1201.0,https://api.elections.kalshi.com/trade-api/v2/historical/markets/KXNBAGAME-26MAR10DETBKN-BKN/candlesticks?start_ts=1773098100&end_ts=1773184500&period_interval=1,0,True,2026-03-10_Detroit_Pistons_at_Brooklyn_Nets
2026-03-10,2026-03-10 23:00:00+00:00,Memphis Grizzlies,Philadelphia 76ers,129,139,1,10,https://www.basketball-reference.com/leagues/NBA_2026_games-march.html,KXNBAGAME-26MAR10MEMPHI-PHI,KXNBAGAME-26MAR10MEMPHI,Philadelphia 76ers,2026-03-11 02:00:00+00:00,2026-03-08 13:06:00+00:00,1.0,3936288.0,historical,2026-03-10,973,missing,,,,,,,,,,,,1,True,2026-03-10_Memphis_Grizzlies_at_Philadelphia_76ers
2026-03-10,2026-03-11 00:00:00+00:00,Phoenix Suns,Milwaukee Bucks,129,114,0,-15,https://www.basketball-reference.com/leagues/NBA_2026_games-march.html,KXNBAGAME-26MAR10PHXMIL-MIL,KXNBAGAME-26MAR10PHXMIL,Milwaukee Bucks,2026-03-11 03:00:00+00:00,2026-03-08 16:07:00+00:00,0.0,1576796.0,historical,2026-03-10,974,available,0.455,0.45,0.46,0.46,0.010000000000000009,bid_ask_midpoint,2026-03-10T23:45:00+00:00,15.0,120241.0,909.0,https://api.elections.kalshi.com/trade-api/v2/historical/markets/KXNBAGAME-26MAR10PHXMIL-MIL/candlesticks?start_ts=1773099900&end_ts=1773186300&period_interval=1,0,True,2026-03-10_Phoenix_Suns_at_Milwaukee_Bucks
2026-03-11,2026-03-11 23:30:00+00:00,Cleveland Cavaliers,Orlando Magic,122,128,1,6,https://www.basketball-reference.com/leagues/NBA_2026_games-march.html,KXNBAGAME-26MAR11CLEORL-ORL,KXNBAGAME-26MAR11CLEORL,Orlando Magic,2026-03-12 02:30:00+00:00,2026-03-09 16:06:00+00:00,1.0,4570674.0,historical,2026-03-11,975,available,0.405,0.4,0.41,0.41,0.009999999999999953,bid_ask_midpoint,2026-03-11T23:15:00+00:00,15.0,299044.0,1068.0,https://api.elections.kalshi.com/trade-api/v2/historical/markets/KXNBAGAME-26MAR11CLEORL-ORL/candlesticks?start_ts=1773184500&end_ts=1773270900&period_interval=1,1,True,2026-03-11_Cleveland_Cavaliers_at_Orlando_Magic
2026-03-11,2026-03-12 00:00:00+00:00,Toronto Raptors,New Orleans Pelicans,111,122,1,11,https://www.basketball-reference.com/leagues/NBA_2026_games-march.html,KXNBAGAME-26MAR11TORNOP-NOP,KXNBAGAME-26MAR11TORNOP,New Orleans Pelicans,2026-03-12 03:00:00+00:00,2026-03-09 16:06:00+00:00,1.0,1781088.0,historical,2026-03-11,976,missing,,,,,,,,,,,,1,True,2026-03-11_Toronto_Raptors_at_New_Orleans_Pelicans
2026-03-11,2026-03-12 01:00:00+00:00,New York Knicks,Utah Jazz,134,117,0,-17,https://www.basketball-reference.com/leagues/NBA_2026_games-march.html,KXNBAGAME-26MAR11NYKUTA-UTA,KXNBAGAME-26MAR11NYKUTA,Utah Jazz,2026-03-12 04:00:00+00:00,2026-03-09 16:06:00+00:00,0.0,4949955.0,historical,2026-03-12,977,missing,,,,,,,,,,,,0,True,2026-03-11_New_York_Knicks_at_Utah_Jazz
2026-03-11,2026-03-12 02:00:00+00:00,Houston Rockets,Denver Nuggets,93,129,1,36,https://www.basketball-reference.com/leagues/NBA_2026_games-march.html,KXNBAGAME-26MAR11HOUDEN-DEN,KXNBAGAME-26MAR11HOUDEN,Denver Nuggets,2026-03-12 05:00:00+00:00,2026-03-09 16:06:00+00:00,1.0,2211596.0,historical,2026-03-12,978,available,0.705,0.7,0.71,0.71,0.010000000000000009,bid_ask_midpoint,2026-03-12T01:45:00+00:00,15.0,223812.0,1095.0,https://api.elections.kalshi.com/trade-api/v2/historical/markets/KXNBAGAME-26MAR11HOUDEN-DEN/candlesticks?start_ts=1773193500&end_ts=1773279900&period_interval=1,1,True,2026-03-11_Houston_Rockets_at_Denver_Nuggets
2026-03-11,2026-03-12 02:00:00+00:00,Charlotte Hornets,Sacramento Kings,117,109,0,-8,https://www.basketball-reference.com/leagues/NBA_2026_games-march.html,KXNBAGAME-26MAR11CHASAC-SAC,KXNBAGAME-26MAR11CHASAC,Sacramento Kings,2026-03-12 05:00:00+00:00,2026-03-11 14:21:00+00:00,0.0,2867060.0,historical,2026-03-12,979,available,0.125,0.12,0.13,0.13,0.010000000000000009,bid_ask_midpoint,2026-03-12T01:45:00+00:00,15.0,271113.0,511.0,https://api.elections.kalshi.com/trade-api/v2/historical/markets/KXNBAGAME-26MAR11CHASAC-SAC/candlesticks?start_ts=1773193500&end_ts=1773279900&period_interval=1,0,True,2026-03-11_Charlotte_Hornets_at_Sacramento_Kings
2026-03-12,2026-03-13 00:00:00+00:00,Dallas Mavericks,Memphis Grizzlies,120,112,0,-8,https://www.basketball-reference.com/leagues/NBA_2026_games-march.html,KXNBAGAME-26MAR12DALMEM-MEM,KXNBAGAME-26MAR12DALMEM,Memphis Grizzlies,2026-03-13 03:00:00+00:00,2026-03-10 16:06:00+00:00,0.0,1269766.0,historical,2026-03-12,981,available,0.335,0.33,0.34,0.34,0.010000000000000009,bid_ask_midpoint,2026-03-12T23:45:00+00:00,15.0,136519.0,784.0,https://api.elections.kalshi.com/trade-api/v2/historical/markets/KXNBAGAME-26MAR12DALMEM-MEM/candlesticks?start_ts=1773272700&end_ts=1773359100&period_interval=1,0,True,2026-03-12_Dallas_Mavericks_at_Memphis_Grizzlies
2026-03-12,2026-03-13 01:30:00+00:00,Boston Celtics,Oklahoma City Thunder,102,104,1,2,https://www.basketball-reference.com/leagues/NBA_2026_games-march.html,KXNBAGAME-26MAR12BOSOKC-OKC,KXNBAGAME-26MAR12BOSOKC,Oklahoma City Thunder,2026-03-13 04:30:00+00:00,2026-03-10 16:06:00+00:00,1.0,6025724.0,historical,2026-03-13,982,available,0.745,0.74,0.75,0.75,0.010000000000000009,bid_ask_midpoint,2026-03-13T01:15:00+00:00,15.0,553334.0,1043.0,https://api.elections.kalshi.com/trade-api/v2/historical/markets/KXNBAGAME-26MAR12BOSOKC-OKC/candlesticks?start_ts=1773278100&end_ts=1773364500&period_interval=1,1,True,2026-03-12_Boston_Celtics_at_Oklahoma_City_Thunder
2026-03-12,2026-03-13 01:00:00+00:00,Denver Nuggets,San Antonio Spurs,136,131,0,-5,https://www.basketball-reference.com/leagues/NBA_2026_games-march.html,KXNBAGAME-26MAR12DENSAS-SAS,KXNBAGAME-26MAR12DENSAS,San Antonio Spurs,2026-03-13 04:00:00+00:00,2026-03-10 16:06:00+00:00,0.0,5468186.0,historical,2026-03-13,983,available,0.555,0.55,0.56,0.56,0.010000000000000009,bid_ask_midpoint,2026-03-13T00:45:00+00:00,15.0,631238.0,1144.0,https://api.elections.kalshi.com/trade-api/v2/historical/markets/KXNBAGAME-26MAR12DENSAS-SAS/candlesticks?start_ts=1773276300&end_ts=1773362700&period_interval=1,0,True,2026-03-12_Denver_Nuggets_at_San_Antonio_Spurs
2026-03-12,2026-03-12 23:30:00+00:00,Milwaukee Bucks,Miami Heat,105,112,1,7,https://www.basketball-reference.com/leagues/NBA_2026_games-march.html,KXNBAGAME-26MAR12MILMIA-MIA,KXNBAGAME-26MAR12MILMIA,Miami Heat,2026-03-13 02:30:00+00:00,2026-03-10 16:06:00+00:00,1.0,1710098.0,historical,2026-03-12,984,missing,,,,,,,,,,,,1,True,2026-03-12_Milwaukee_Bucks_at_Miami_Heat
2026-03-12,2026-03-12 23:00:00+00:00,Washington Wizards,Orlando Magic,131,136,1,5,https://www.basketball-reference.com/leagues/NBA_2026_games-march.html,KXNBAGAME-26MAR12WASORL-ORL,KXNBAGAME-26MAR12WASORL,Orlando Magic,2026-03-13 02:00:00+00:00,2026-03-10 13:07:00+00:00,1.0,2226482.0,historical,2026-03-12,986,available,0.895,0.89,0.9,0.89,0.010000000000000009,bid_ask_midpoint,2026-03-12T22:45:00+00:00,15.0,164176.0,808.0,https://api.elections.kalshi.com/trade-api/v2/historical/markets/KXNBAGAME-26MAR12WASORL-ORL/candlesticks?start_ts=1773269100&end_ts=1773355500&period_interval=1,1,True,2026-03-12_Washington_Wizards_at_Orlando_Magic
2026-03-12,2026-03-12 23:00:00+00:00,Phoenix Suns,Indiana Pacers,123,108,0,-15,https://www.basketball-reference.com/leagues/NBA_2026_games-march.html,KXNBAGAME-26MAR12PHXIND-IND,KXNBAGAME-26MAR12PHXIND,Indiana Pacers,2026-03-13 02:00:00+00:00,2026-03-10 13:07:00+00:00,0.0,991041.0,historical,2026-03-12,987,available,0.20500000000000002,0.2,0.21,0.21,0.009999999999999981,bid_ask_midpoint,2026-03-12T22:45:00+00:00,15.0,222896.0,889.0,https://api.elections.kalshi.com/trade-api/v2/historical/markets/KXNBAGAME-26MAR12PHXIND-IND/candlesticks?start_ts=1773269100&end_ts=1773355500&period_interval=1,0,True,2026-03-12_Phoenix_Suns_at_Indiana_Pacers
2026-03-12,2026-03-12 23:00:00+00:00,Philadelphia 76ers,Detroit Pistons,109,131,1,22,https://www.basketball-reference.com/leagues/NBA_2026_games-march.html,KXNBAGAME-26MAR12PHIDET-DET,KXNBAGAME-26MAR12PHIDET,Detroit Pistons,2026-03-13 02:00:00+00:00,2026-03-10 13:07:00+00:00,1.0,1051991.0,historical,2026-03-12,988,available,0.895,0.89,0.9,0.9,0.010000000000000009,bid_ask_midpoint,2026-03-12T22:45:00+00:00,15.0,456173.0,826.0,https://api.elections.kalshi.com/trade-api/v2/historical/markets/KXNBAGAME-26MAR12PHIDET-DET/candlesticks?start_ts=1773269100&end_ts=1773355500&period_interval=1,1,True,2026-03-12_Philadelphia_76ers_at_Detroit_Pistons
2026-03-12,2026-03-12 23:30:00+00:00,Brooklyn Nets,Atlanta Hawks,97,108,1,11,https://www.basketball-reference.com/leagues/NBA_2026_games-march.html,KXNBAGAME-26MAR12BKNATL-ATL,KXNBAGAME-26MAR12BKNATL,Atlanta Hawks,2026-03-13 02:30:00+00:00,2026-03-10 16:06:00+00:00,1.0,652212.0,historical,2026-03-12,989,available,0.905,0.9,0.91,0.91,0.010000000000000009,bid_ask_midpoint,2026-03-12T23:15:00+00:00,15.0,156883.0,599.0,https://api.elections.kalshi.com/trade-api/v2/historical/markets/KXNBAGAME-26MAR12BKNATL-ATL/candlesticks?start_ts=1773270900&end_ts=1773357300&period_interval=1,1,True,2026-03-12_Brooklyn_Nets_at_Atlanta_Hawks
2026-03-13,2026-03-14 02:00:00+00:00,Minnesota Timberwolves,Golden State Warriors,127,117,0,-10,https://www.basketball-reference.com/leagues/NBA_2026_games-march.html,KXNBAGAME-26MAR13MINGSW-GSW,KXNBAGAME-26MAR13MINGSW,Golden State Warriors,2026-03-14 05:00:00+00:00,2026-03-11 16:06:00+00:00,0.0,2410956.0,historical,2026-03-14,991,available,0.355,0.35,0.36,0.36,0.010000000000000009,bid_ask_midpoint,2026-03-14T01:45:00+00:00,15.0,236604.0,1031.0,https://api.elections.kalshi.com/trade-api/v2/historical/markets/KXNBAGAME-26MAR13MINGSW-GSW/candlesticks?start_ts=1773366300&end_ts=1773452700&period_interval=1,0,True,2026-03-13_Minnesota_Timberwolves_at_Golden_State_Warriors
2026-03-13,2026-03-14 02:00:00+00:00,Utah Jazz,Portland Trail Blazers,114,124,1,10,https://www.basketball-reference.com/leagues/NBA_2026_games-march.html,KXNBAGAME-26MAR13UTAPOR-POR,KXNBAGAME-26MAR13UTAPOR,Portland Trail Blazers,2026-03-14 05:00:00+00:00,2026-03-11 16:06:00+00:00,1.0,1882688.0,historical,2026-03-14,992,available,0.895,0.89,0.9,0.9,0.010000000000000009,bid_ask_midpoint,2026-03-14T01:45:00+00:00,15.0,106149.0,765.0,https://api.elections.kalshi.com/trade-api/v2/historical/markets/KXNBAGAME-26MAR13UTAPOR-POR/candlesticks?start_ts=1773366300&end_ts=1773452700&period_interval=1,1,True,2026-03-13_Utah_Jazz_at_Portland_Trail_Blazers
2026-03-13,2026-03-14 00:00:00+00:00,New Orleans Pelicans,Houston Rockets,105,107,1,2,https://www.basketball-reference.com/leagues/NBA_2026_games-march.html,KXNBAGAME-26MAR13NOPHOU-HOU,KXNBAGAME-26MAR13NOPHOU,Houston Rockets,2026-03-14 03:00:00+00:00,2026-03-11 16:06:00+00:00,1.0,4241303.0,historical,2026-03-13,993,available,0.685,0.68,0.69,0.69,0.009999999999999898,bid_ask_midpoint,2026-03-13T23:45:00+00:00,15.0,278853.0,1050.0,https://api.elections.kalshi.com/trade-api/v2/historical/markets/KXNBAGAME-26MAR13NOPHOU-HOU/candlesticks?start_ts=1773359100&end_ts=1773445500&period_interval=1,1,True,2026-03-13_New_Orleans_Pelicans_at_Houston_Rockets
2026-03-13,2026-03-13 23:30:00+00:00,Cleveland Cavaliers,Dallas Mavericks,138,105,0,-33,https://www.basketball-reference.com/leagues/NBA_2026_games-march.html,KXNBAGAME-26MAR13CLEDAL-DAL,KXNBAGAME-26MAR13CLEDAL,Dallas Mavericks,2026-03-14 02:30:00+00:00,2026-03-11 16:06:00+00:00,0.0,868204.0,historical,2026-03-13,994,available,0.14500000000000002,0.14,0.15,0.15,0.009999999999999981,bid_ask_midpoint,2026-03-13T23:15:00+00:00,15.0,199799.0,857.0,https://api.elections.kalshi.com/trade-api/v2/historical/markets/KXNBAGAME-26MAR13CLEDAL-DAL/candlesticks?start_ts=1773357300&end_ts=1773443700&period_interval=1,0,True,2026-03-13_Cleveland_Cavaliers_at_Dallas_Mavericks
2026-03-13,2026-03-13 23:30:00+00:00,New York Knicks,Indiana Pacers,101,92,0,-9,https://www.basketball-reference.com/leagues/NBA_2026_games-march.html,KXNBAGAME-26MAR13NYKIND-IND,KXNBAGAME-26MAR13NYKIND,Indiana Pacers,2026-03-14 02:30:00+00:00,2026-03-11 16:06:00+00:00,0.0,2014290.0,historical,2026-03-13,995,available,0.14500000000000002,0.14,0.15,0.15,0.009999999999999981,bid_ask_midpoint,2026-03-13T23:15:00+00:00,15.0,419971.0,1002.0,https://api.elections.kalshi.com/trade-api/v2/historical/markets/KXNBAGAME-26MAR13NYKIND-IND/candlesticks?start_ts=1773357300&end_ts=1773443700&period_interval=1,0,True,2026-03-13_New_York_Knicks_at_Indiana_Pacers
2026-03-13,2026-03-13 23:30:00+00:00,Memphis Grizzlies,Detroit Pistons,110,126,1,16,https://www.basketball-reference.com/leagues/NBA_2026_games-march.html,KXNBAGAME-26MAR13MEMDET-DET,KXNBAGAME-26MAR13MEMDET,Detroit Pistons,2026-03-14 02:30:00+00:00,2026-03-11 16:06:00+00:00,1.0,1190411.0,historical,2026-03-13,996,available,0.915,0.91,0.92,0.92,0.010000000000000009,bid_ask_midpoint,2026-03-13T23:15:00+00:00,15.0,350860.0,884.0,https://api.elections.kalshi.com/trade-api/v2/historical/markets/KXNBAGAME-26MAR13MEMDET-DET/candlesticks?start_ts=1773357300&end_ts=1773443700&period_interval=1,1,True,2026-03-13_Memphis_Grizzlies_at_Detroit_Pistons
2026-03-13,2026-03-13 23:30:00+00:00,Phoenix Suns,Toronto Raptors,115,122,1,7,https://www.basketball-reference.com/leagues/NBA_2026_games-march.html,KXNBAGAME-26MAR13PHXTOR-TOR,KXNBAGAME-26MAR13PHXTOR,Toronto Raptors,2026-03-14 02:30:00+00:00,2026-03-11 16:06:00+00:00,1.0,3611445.0,historical,2026-03-13,997,available,0.645,0.64,0.65,0.65,0.010000000000000009,bid_ask_midpoint,2026-03-13T23:15:00+00:00,15.0,270602.0,1021.0,https://api.elections.kalshi.com/trade-api/v2/historical/markets/KXNBAGAME-26MAR13PHXTOR-TOR/candlesticks?start_ts=1773357300&end_ts=1773443700&period_interval=1,1,True,2026-03-13_Phoenix_Suns_at_Toronto_Raptors
2026-03-14,2026-03-14 17:00:00+00:00,Brooklyn Nets,Philadelphia 76ers,97,104,1,7,https://www.basketball-reference.com/leagues/NBA_2026_games-march.html,KXNBAGAME-26MAR14BKNPHI-PHI,KXNBAGAME-26MAR14BKNPHI,Philadelphia 76ers,2026-03-14 20:00:00+00:00,2026-03-12 07:06:00+00:00,1.0,1690918.0,historical,2026-03-14,998,missing,,,,,,,,,,,,1,True,2026-03-14_Brooklyn_Nets_at_Philadelphia_76ers
2026-03-14,2026-03-14 19:00:00+00:00,Milwaukee Bucks,Atlanta Hawks,99,122,1,23,https://www.basketball-reference.com/leagues/NBA_2026_games-march.html,KXNBAGAME-26MAR14MILATL-ATL,KXNBAGAME-26MAR14MILATL,Atlanta Hawks,2026-03-14 22:00:00+00:00,2026-03-12 10:07:00+00:00,1.0,1086085.0,historical,2026-03-14,999,available,0.805,0.8,0.81,0.81,0.010000000000000009,bid_ask_midpoint,2026-03-14T18:45:00+00:00,15.0,312085.0,825.0,https://api.elections.kalshi.com/trade-api/v2/historical/markets/KXNBAGAME-26MAR14MILATL-ATL/candlesticks?start_ts=1773427500&end_ts=1773513900&period_interval=1,1,True,2026-03-14_Milwaukee_Bucks_at_Atlanta_Hawks
2026-03-14,2026-03-14 19:30:00+00:00,Charlotte Hornets,San Antonio Spurs,102,115,1,13,https://www.basketball-reference.com/leagues/NBA_2026_games-march.html,KXNBAGAME-26MAR14CHASAS-SAS,KXNBAGAME-26MAR14CHASAS,San Antonio Spurs,2026-03-14 22:30:00+00:00,2026-03-12 10:07:00+00:00,1.0,3553740.0,historical,2026-03-14,1000,available,0.695,0.69,0.7,0.7,0.010000000000000009,bid_ask_midpoint,2026-03-14T19:15:00+00:00,15.0,770146.0,1107.0,https://api.elections.kalshi.com/trade-api/v2/historical/markets/KXNBAGAME-26MAR14CHASAS-SAS/candlesticks?start_ts=1773429300&end_ts=1773515700&period_interval=1,1,True,2026-03-14_Charlotte_Hornets_at_San_Antonio_Spurs
2026-03-14,2026-03-14 22:00:00+00:00,Washington Wizards,Boston Celtics,100,111,1,11,https://www.basketball-reference.com/leagues/NBA_2026_games-march.html,KXNBAGAME-26MAR14WASBOS-BOS,KXNBAGAME-26MAR14WASBOS,Boston Celtics,2026-03-15 01:00:00+00:00,2026-03-12 13:06:00+00:00,1.0,831182.0,historical,2026-03-14,1001,available,0.955,0.95,0.96,0.96,0.010000000000000009,bid_ask_midpoint,2026-03-14T21:45:00+00:00,15.0,310117.0,872.0,https://api.elections.kalshi.com/trade-api/v2/historical/markets/KXNBAGAME-26MAR14WASBOS-BOS/candlesticks?start_ts=1773438300&end_ts=1773524700&period_interval=1,1,True,2026-03-14_Washington_Wizards_at_Boston_Celtics
2026-03-14,2026-03-15 00:00:00+00:00,Orlando Magic,Miami Heat,121,117,0,-4,https://www.basketball-reference.com/leagues/NBA_2026_games-march.html,KXNBAGAME-26MAR14ORLMIA-MIA,KXNBAGAME-26MAR14ORLMIA,Miami Heat,2026-03-15 03:00:00+00:00,2026-03-12 16:07:00+00:00,0.0,3955899.0,historical,2026-03-14,1002,available,0.615,0.61,0.62,0.62,0.010000000000000009,bid_ask_midpoint,2026-03-14T23:45:00+00:00,15.0,238091.0,981.0,https://api.elections.kalshi.com/trade-api/v2/historical/markets/KXNBAGAME-26MAR14ORLMIA-MIA/candlesticks?start_ts=1773445500&end_ts=1773531900&period_interval=1,0,True,2026-03-14_Orlando_Magic_at_Miami_Heat
2026-03-15,2026-03-16 02:00:00+00:00,Utah Jazz,Sacramento Kings,111,116,1,5,https://www.basketball-reference.com/leagues/NBA_2026_games-march.html,KXNBAGAME-26MAR15UTASAC-SAC,KXNBAGAME-26MAR15UTASAC,Sacramento Kings,2026-03-16 05:00:00+00:00,2026-03-13 16:07:00+00:00,1.0,5311084.0,historical,2026-03-16,1005,available,0.595,0.59,0.6,0.6,0.010000000000000009,bid_ask_midpoint,2026-03-16T01:45:00+00:00,15.0,527858.0,1074.0,https://api.elections.kalshi.com/trade-api/v2/historical/markets/KXNBAGAME-26MAR15UTASAC-SAC/candlesticks?start_ts=1773539100&end_ts=1773625500&period_interval=1,1,True,2026-03-15_Utah_Jazz_at_Sacramento_Kings
2026-03-15,2026-03-16 00:00:00+00:00,Golden State Warriors,New York Knicks,107,110,1,3,https://www.basketball-reference.com/leagues/NBA_2026_games-march.html,KXNBAGAME-26MAR15GSWNYK-NYK,KXNBAGAME-26MAR15GSWNYK,New York Knicks,2026-03-16 03:00:00+00:00,2026-03-13 16:07:00+00:00,1.0,10116644.0,historical,2026-03-15,1006,available,0.875,0.87,0.88,0.88,0.010000000000000009,bid_ask_midpoint,2026-03-15T23:45:00+00:00,15.0,977266.0,1177.0,https://api.elections.kalshi.com/trade-api/v2/historical/markets/KXNBAGAME-26MAR15GSWNYK-NYK/candlesticks?start_ts=1773531900&end_ts=1773618300&period_interval=1,1,True,2026-03-15_Golden_State_Warriors_at_New_York_Knicks
2026-03-15,2026-03-15 22:00:00+00:00,Portland Trail Blazers,Philadelphia 76ers,103,109,1,6,https://www.basketball-reference.com/leagues/NBA_2026_games-march.html,KXNBAGAME-26MAR15PORPHI-PHI,KXNBAGAME-26MAR15PORPHI,Philadelphia 76ers,2026-03-16 01:00:00+00:00,2026-03-13 13:07:00+00:00,1.0,8221751.0,historical,2026-03-15,1007,available,0.255,0.25,0.26,0.26,0.010000000000000009,bid_ask_midpoint,2026-03-15T21:45:00+00:00,15.0,284670.0,1158.0,https://api.elections.kalshi.com/trade-api/v2/historical/markets/KXNBAGAME-26MAR15PORPHI-PHI/candlesticks?start_ts=1773524700&end_ts=1773611100&period_interval=1,1,True,2026-03-15_Portland_Trail_Blazers_at_Philadelphia_76ers
2026-03-15,2026-03-15 17:00:00+00:00,Minnesota Timberwolves,Oklahoma City Thunder,103,116,1,13,https://www.basketball-reference.com/leagues/NBA_2026_games-march.html,KXNBAGAME-26MAR15MINOKC-OKC,KXNBAGAME-26MAR15MINOKC,Oklahoma City Thunder,2026-03-15 20:00:00+00:00,2026-03-13 07:06:00+00:00,1.0,4151649.0,historical,2026-03-15,1008,missing,,,,,,,,,,,,1,True,2026-03-15_Minnesota_Timberwolves_at_Oklahoma_City_Thunder
2026-03-15,2026-03-15 19:30:00+00:00,Indiana Pacers,Milwaukee Bucks,123,134,1,11,https://www.basketball-reference.com/leagues/NBA_2026_games-march.html,KXNBAGAME-26MAR15INDMIL-MIL,KXNBAGAME-26MAR15INDMIL,Milwaukee Bucks,2026-03-15 22:30:00+00:00,2026-03-13 10:06:00+00:00,1.0,1391829.0,historical,2026-03-15,1009,missing,,,,,,,,,,,,1,True,2026-03-15_Indiana_Pacers_at_Milwaukee_Bucks
2026-03-15,2026-03-15 19:30:00+00:00,Dallas Mavericks,Cleveland Cavaliers,130,120,0,-10,https://www.basketball-reference.com/leagues/NBA_2026_games-march.html,KXNBAGAME-26MAR15DALCLE-CLE,KXNBAGAME-26MAR15DALCLE,Cleveland Cavaliers,2026-03-15 22:30:00+00:00,2026-03-13 10:06:00+00:00,0.0,3747146.0,historical,2026-03-15,1010,available,0.895,0.89,0.9,0.9,0.010000000000000009,bid_ask_midpoint,2026-03-15T19:15:00+00:00,15.0,450997.0,1050.0,https://api.elections.kalshi.com/trade-api/v2/historical/markets/KXNBAGAME-26MAR15DALCLE-CLE/candlesticks?start_ts=1773515700&end_ts=1773602100&period_interval=1,0,True,2026-03-15_Dallas_Mavericks_at_Cleveland_Cavaliers
2026-03-15,2026-03-15 19:30:00+00:00,Detroit Pistons,Toronto Raptors,108,119,1,11,https://www.basketball-reference.com/leagues/NBA_2026_games-march.html,KXNBAGAME-26MAR15DETTOR-TOR,KXNBAGAME-26MAR15DETTOR,Toronto Raptors,2026-03-15 22:30:00+00:00,2026-03-13 10:06:00+00:00,1.0,2284205.0,historical,2026-03-15,1011,available,0.415,0.41,0.42,0.42,0.010000000000000009,bid_ask_midpoint,2026-03-15T19:15:00+00:00,15.0,86335.0,823.0,https://api.elections.kalshi.com/trade-api/v2/historical/markets/KXNBAGAME-26MAR15DETTOR-TOR/candlesticks?start_ts=1773515700&end_ts=1773602100&period_interval=1,1,True,2026-03-15_Detroit_Pistons_at_Toronto_Raptors
2026-03-16,2026-03-17 00:00:00+00:00,Dallas Mavericks,New Orleans Pelicans,111,129,1,18,https://www.basketball-reference.com/leagues/NBA_2026_games-march.html,KXNBAGAME-26MAR16DALNOP-NOP,KXNBAGAME-26MAR16DALNOP,New Orleans Pelicans,2026-03-17 03:00:00+00:00,2026-03-14 16:11:00+00:00,1.0,851792.0,historical,2026-03-16,1012,available,0.755,0.75,0.76,0.76,0.010000000000000009,bid_ask_midpoint,2026-03-16T23:45:00+00:00,15.0,38787.0,900.0,https://api.elections.kalshi.com/trade-api/v2/historical/markets/KXNBAGAME-26MAR16DALNOP-NOP/candlesticks?start_ts=1773618300&end_ts=1773704700&period_interval=1,1,True,2026-03-16_Dallas_Mavericks_at_New_Orleans_Pelicans
2026-03-16,2026-03-17 00:00:00+00:00,Memphis Grizzlies,Chicago Bulls,107,132,1,25,https://www.basketball-reference.com/leagues/NBA_2026_games-march.html,KXNBAGAME-26MAR16MEMCHI-CHI,KXNBAGAME-26MAR16MEMCHI,Chicago Bulls,2026-03-17 03:00:00+00:00,2026-03-14 16:11:00+00:00,1.0,837087.0,historical,2026-03-16,1015,available,0.715,0.71,0.72,0.72,0.010000000000000009,bid_ask_midpoint,2026-03-16T23:45:00+00:00,15.0,61087.0,905.0,https://api.elections.kalshi.com/trade-api/v2/historical/markets/KXNBAGAME-26MAR16MEMCHI-CHI/candlesticks?start_ts=1773618300&end_ts=1773704700&period_interval=1,1,True,2026-03-16_Memphis_Grizzlies_at_Chicago_Bulls
2026-03-16,2026-03-16 23:00:00+00:00,Golden State Warriors,Washington Wizards,125,117,0,-8,https://www.basketball-reference.com/leagues/NBA_2026_games-march.html,KXNBAGAME-26MAR16GSWWAS-WAS,KXNBAGAME-26MAR16GSWWAS,Washington Wizards,2026-03-17 02:00:00+00:00,2026-03-14 13:08:00+00:00,0.0,2677125.0,historical,2026-03-16,1016,available,0.265,0.26,0.27,0.27,0.010000000000000009,bid_ask_midpoint,2026-03-16T22:45:00+00:00,15.0,284732.0,1185.0,https://api.elections.kalshi.com/trade-api/v2/historical/markets/KXNBAGAME-26MAR16GSWWAS-WAS/candlesticks?start_ts=1773614700&end_ts=1773701100&period_interval=1,0,True,2026-03-16_Golden_State_Warriors_at_Washington_Wizards
2026-03-16,2026-03-16 23:30:00+00:00,Phoenix Suns,Boston Celtics,112,120,1,8,https://www.basketball-reference.com/leagues/NBA_2026_games-march.html,KXNBAGAME-26MAR16PHXBOS-BOS,KXNBAGAME-26MAR16PHXBOS,Boston Celtics,2026-03-17 02:30:00+00:00,2026-03-14 16:11:00+00:00,1.0,5237547.0,historical,2026-03-16,1017,missing,,,,,,,,,,,,1,True,2026-03-16_Phoenix_Suns_at_Boston_Celtics
2026-03-16,2026-03-16 23:00:00+00:00,Orlando Magic,Atlanta Hawks,112,124,1,12,https://www.basketball-reference.com/leagues/NBA_2026_games-march.html,KXNBAGAME-26MAR16ORLATL-ATL,KXNBAGAME-26MAR16ORLATL,Atlanta Hawks,2026-03-17 02:00:00+00:00,2026-03-14 13:08:00+00:00,1.0,2738479.0,historical,2026-03-16,1018,available,0.595,0.59,0.6,0.59,0.010000000000000009,bid_ask_midpoint,2026-03-16T22:45:00+00:00,15.0,611808.0,1218.0,https://api.elections.kalshi.com/trade-api/v2/historical/markets/KXNBAGAME-26MAR16ORLATL-ATL/candlesticks?start_ts=1773614700&end_ts=1773701100&period_interval=1,1,True,2026-03-16_Orlando_Magic_at_Atlanta_Hawks
2026-03-16,2026-03-16 23:30:00+00:00,Portland Trail Blazers,Brooklyn Nets,114,95,0,-19,https://www.basketball-reference.com/leagues/NBA_2026_games-march.html,KXNBAGAME-26MAR16PORBKN-BKN,KXNBAGAME-26MAR16PORBKN,Brooklyn Nets,2026-03-17 02:30:00+00:00,2026-03-14 16:11:00+00:00,0.0,1114906.0,historical,2026-03-16,1019,available,0.185,0.18,0.19,0.19,0.010000000000000009,bid_ask_midpoint,2026-03-16T23:15:00+00:00,15.0,251806.0,1245.0,https://api.elections.kalshi.com/trade-api/v2/historical/markets/KXNBAGAME-26MAR16PORBKN-BKN/candlesticks?start_ts=1773616500&end_ts=1773702900&period_interval=1,0,True,2026-03-16_Portland_Trail_Blazers_at_Brooklyn_Nets
2026-03-17,2026-03-17 23:00:00+00:00,Miami Heat,Charlotte Hornets,106,136,1,30,https://www.basketball-reference.com/leagues/NBA_2026_games-march.html,KXNBAGAME-26MAR17MIACHA-CHA,KXNBAGAME-26MAR17MIACHA,Charlotte Hornets,2026-03-18 02:00:00+00:00,2026-03-15 13:07:00+00:00,1.0,2014221.0,historical,2026-03-17,1020,available,0.645,0.64,0.65,0.65,0.010000000000000009,bid_ask_midpoint,2026-03-17T22:45:00+00:00,15.0,413900.0,1163.0,https://api.elections.kalshi.com/trade-api/v2/historical/markets/KXNBAGAME-26MAR17MIACHA-CHA/candlesticks?start_ts=1773701100&end_ts=1773787500&period_interval=1,1,True,2026-03-17_Miami_Heat_at_Charlotte_Hornets
2026-03-17,2026-03-17 23:00:00+00:00,Oklahoma City Thunder,Orlando Magic,113,108,0,-5,https://www.basketball-reference.com/leagues/NBA_2026_games-march.html,KXNBAGAME-26MAR17OKCORL-ORL,KXNBAGAME-26MAR17OKCORL,Orlando Magic,2026-03-18 02:00:00+00:00,2026-03-15 13:07:00+00:00,0.0,2153403.0,historical,2026-03-17,1021,available,0.20500000000000002,0.2,0.21,0.21,0.009999999999999981,bid_ask_midpoint,2026-03-17T22:45:00+00:00,15.0,162412.0,1132.0,https://api.elections.kalshi.com/trade-api/v2/historical/markets/KXNBAGAME-26MAR17OKCORL-ORL/candlesticks?start_ts=1773701100&end_ts=1773787500&period_interval=1,0,True,2026-03-17_Oklahoma_City_Thunder_at_Orlando_Magic
2026-03-17,2026-03-17 23:00:00+00:00,Detroit Pistons,Washington Wizards,130,117,0,-13,https://www.basketball-reference.com/leagues/NBA_2026_games-march.html,KXNBAGAME-26MAR17DETWAS-WAS,KXNBAGAME-26MAR17DETWAS,Washington Wizards,2026-03-18 02:00:00+00:00,2026-03-15 13:07:00+00:00,0.0,4204439.0,historical,2026-03-17,1022,missing,,,,,,,,,,,,0,True,2026-03-17_Detroit_Pistons_at_Washington_Wizards
2026-03-17,2026-03-17 23:30:00+00:00,Indiana Pacers,New York Knicks,110,136,1,26,https://www.basketball-reference.com/leagues/NBA_2026_games-march.html,KXNBAGAME-26MAR17INDNYK-NYK,KXNBAGAME-26MAR17INDNYK,New York Knicks,2026-03-18 02:30:00+00:00,2026-03-15 16:07:00+00:00,1.0,931736.0,historical,2026-03-17,1023,available,0.875,0.87,0.88,0.88,0.010000000000000009,bid_ask_midpoint,2026-03-17T23:15:00+00:00,15.0,159205.0,1054.0,https://api.elections.kalshi.com/trade-api/v2/historical/markets/KXNBAGAME-26MAR17INDNYK-NYK/candlesticks?start_ts=1773702900&end_ts=1773789300&period_interval=1,1,True,2026-03-17_Indiana_Pacers_at_New_York_Knicks
2026-03-17,2026-03-18 00:00:00+00:00,Cleveland Cavaliers,Milwaukee Bucks,123,116,0,-7,https://www.basketball-reference.com/leagues/NBA_2026_games-march.html,KXNBAGAME-26MAR17CLEMIL-MIL,KXNBAGAME-26MAR17CLEMIL,Milwaukee Bucks,2026-03-18 03:00:00+00:00,2026-03-15 16:07:00+00:00,0.0,2416246.0,historical,2026-03-17,1024,available,0.165,0.16,0.17,0.17,0.010000000000000009,bid_ask_midpoint,2026-03-17T23:45:00+00:00,15.0,165647.0,938.0,https://api.elections.kalshi.com/trade-api/v2/historical/markets/KXNBAGAME-26MAR17CLEMIL-MIL/candlesticks?start_ts=1773704700&end_ts=1773791100&period_interval=1,0,True,2026-03-17_Cleveland_Cavaliers_at_Milwaukee_Bucks
2026-03-17,2026-03-18 00:00:00+00:00,Phoenix Suns,Minnesota Timberwolves,104,116,1,12,https://www.basketball-reference.com/leagues/NBA_2026_games-march.html,KXNBAGAME-26MAR17PHXMIN-MIN,KXNBAGAME-26MAR17PHXMIN,Minnesota Timberwolves,2026-03-18 03:00:00+00:00,2026-03-15 16:07:00+00:00,1.0,2556557.0,historical,2026-03-17,1025,available,0.595,0.59,0.6,0.6,0.010000000000000009,bid_ask_midpoint,2026-03-17T23:45:00+00:00,15.0,322125.0,1275.0,https://api.elections.kalshi.com/trade-api/v2/historical/markets/KXNBAGAME-26MAR17PHXMIN-MIN/candlesticks?start_ts=1773704700&end_ts=1773791100&period_interval=1,1,True,2026-03-17_Phoenix_Suns_at_Minnesota_Timberwolves
2026-03-17,2026-03-18 02:00:00+00:00,Philadelphia 76ers,Denver Nuggets,96,124,1,28,https://www.basketball-reference.com/leagues/NBA_2026_games-march.html,KXNBAGAME-26MAR17PHIDEN-DEN,KXNBAGAME-26MAR17PHIDEN,Denver Nuggets,2026-03-18 05:00:00+00:00,2026-03-15 16:07:00+00:00,1.0,900070.0,historical,2026-03-18,1026,available,0.905,0.9,0.91,0.91,0.010000000000000009,bid_ask_midpoint,2026-03-18T01:45:00+00:00,15.0,318601.0,1052.0,https://api.elections.kalshi.com/trade-api/v2/historical/markets/KXNBAGAME-26MAR17PHIDEN-DEN/candlesticks?start_ts=1773711900&end_ts=1773798300&period_interval=1,1,True,2026-03-17_Philadelphia_76ers_at_Denver_Nuggets
2026-03-17,2026-03-18 02:00:00+00:00,San Antonio Spurs,Sacramento Kings,132,104,0,-28,https://www.basketball-reference.com/leagues/NBA_2026_games-march.html,KXNBAGAME-26MAR17SASSAC-SAC,KXNBAGAME-26MAR17SASSAC,Sacramento Kings,2026-03-18 05:00:00+00:00,2026-03-15 16:07:00+00:00,0.0,1128114.0,historical,2026-03-18,1027,missing,,,,,,,,,,,,0,True,2026-03-17_San_Antonio_Spurs_at_Sacramento_Kings
2026-03-18,2026-03-19 00:30:00+00:00,Atlanta Hawks,Dallas Mavericks,135,120,0,-15,https://www.basketball-reference.com/leagues/NBA_2026_games-march.html,KXNBAGAME-26MAR18ATLDAL-DAL,KXNBAGAME-26MAR18ATLDAL,Dallas Mavericks,2026-03-19 03:30:00+00:00,2026-03-16 16:07:00+00:00,0.0,996408.0,historical,2026-03-18,1028,missing,,,,,,,,,,,,0,True,2026-03-18_Atlanta_Hawks_at_Dallas_Mavericks
2026-03-18,2026-03-19 00:30:00+00:00,Denver Nuggets,Memphis Grizzlies,118,125,1,7,https://www.basketball-reference.com/leagues/NBA_2026_games-march.html,KXNBAGAME-26MAR18DENMEM-MEM,KXNBAGAME-26MAR18DENMEM,Memphis Grizzlies,2026-03-19 03:30:00+00:00,2026-03-16 16:07:00+00:00,1.0,4148125.0,historical,2026-03-18,1030,available,0.125,0.12,0.13,0.13,0.010000000000000009,bid_ask_midpoint,2026-03-19T00:15:00+00:00,15.0,44531.0,1042.0,https://api.elections.kalshi.com/trade-api/v2/historical/markets/KXNBAGAME-26MAR18DENMEM-MEM/candlesticks?start_ts=1773792900&end_ts=1773879300&period_interval=1,1,True,2026-03-18_Denver_Nuggets_at_Memphis_Grizzlies
2026-03-18,2026-03-19 00:00:00+00:00,Utah Jazz,Minnesota Timberwolves,111,147,1,36,https://www.basketball-reference.com/leagues/NBA_2026_games-march.html,KXNBAGAME-26MAR18UTAMIN-MIN,KXNBAGAME-26MAR18UTAMIN,Minnesota Timberwolves,2026-03-19 03:00:00+00:00,2026-03-16 16:07:00+00:00,1.0,805839.0,historical,2026-03-18,1032,available,0.875,0.87,0.88,,0.010000000000000009,bid_ask_midpoint,2026-03-18T23:45:00+00:00,15.0,179580.0,732.0,https://api.elections.kalshi.com/trade-api/v2/historical/markets/KXNBAGAME-26MAR18UTAMIN-MIN/candlesticks?start_ts=1773791100&end_ts=1773877500&period_interval=1,1,True,2026-03-18_Utah_Jazz_at_Minnesota_Timberwolves
2026-03-18,2026-03-19 00:00:00+00:00,Toronto Raptors,Chicago Bulls,139,109,0,-30,https://www.basketball-reference.com/leagues/NBA_2026_games-march.html,KXNBAGAME-26MAR18TORCHI-CHI,KXNBAGAME-26MAR18TORCHI,Chicago Bulls,2026-03-19 03:00:00+00:00,2026-03-16 16:07:00+00:00,0.0,481784.0,historical,2026-03-18,1033,available,0.265,0.26,0.27,0.27,0.010000000000000009,bid_ask_midpoint,2026-03-18T23:45:00+00:00,15.0,47295.0,932.0,https://api.elections.kalshi.com/trade-api/v2/historical/markets/KXNBAGAME-26MAR18TORCHI-CHI/candlesticks?start_ts=1773791100&end_ts=1773877500&period_interval=1,0,True,2026-03-18_Toronto_Raptors_at_Chicago_Bulls
2026-03-18,2026-03-18 23:30:00+00:00,Portland Trail Blazers,Indiana Pacers,127,119,0,-8,https://www.basketball-reference.com/leagues/NBA_2026_games-march.html,KXNBAGAME-26MAR18PORIND-IND,KXNBAGAME-26MAR18PORIND,Indiana Pacers,2026-03-19 02:30:00+00:00,2026-03-16 16:07:00+00:00,0.0,1234001.0,historical,2026-03-18,1034,available,0.14500000000000002,0.14,0.15,0.15,0.009999999999999981,bid_ask_midpoint,2026-03-18T23:15:00+00:00,15.0,183544.0,937.0,https://api.elections.kalshi.com/trade-api/v2/historical/markets/KXNBAGAME-26MAR18PORIND-IND/candlesticks?start_ts=1773789300&end_ts=1773875700&period_interval=1,0,True,2026-03-18_Portland_Trail_Blazers_at_Indiana_Pacers
2026-03-18,2026-03-18 23:30:00+00:00,Oklahoma City Thunder,Brooklyn Nets,121,92,0,-29,https://www.basketball-reference.com/leagues/NBA_2026_games-march.html,KXNBAGAME-26MAR18OKCBKN-BKN,KXNBAGAME-26MAR18OKCBKN,Brooklyn Nets,2026-03-19 02:30:00+00:00,2026-03-16 16:07:00+00:00,0.0,947522.0,historical,2026-03-18,1035,available,0.045,0.04,0.05,0.05,0.010000000000000002,bid_ask_midpoint,2026-03-18T23:15:00+00:00,15.0,495512.0,1107.0,https://api.elections.kalshi.com/trade-api/v2/historical/markets/KXNBAGAME-26MAR18OKCBKN-BKN/candlesticks?start_ts=1773789300&end_ts=1773875700&period_interval=1,0,True,2026-03-18_Oklahoma_City_Thunder_at_Brooklyn_Nets
2026-03-18,2026-03-18 23:00:00+00:00,Golden State Warriors,Boston Celtics,99,120,1,21,https://www.basketball-reference.com/leagues/NBA_2026_games-march.html,KXNBAGAME-26MAR18GSWBOS-BOS,KXNBAGAME-26MAR18GSWBOS,Boston Celtics,2026-03-19 02:00:00+00:00,2026-03-16 13:06:00+00:00,1.0,3498037.0,historical,2026-03-18,1036,missing,,,,,,,,,,,,1,True,2026-03-18_Golden_State_Warriors_at_Boston_Celtics
2026-03-19,2026-03-20 01:00:00+00:00,Milwaukee Bucks,Utah Jazz,96,128,1,32,https://www.basketball-reference.com/leagues/NBA_2026_games-march.html,KXNBAGAME-26MAR19MILUTA-UTA,KXNBAGAME-26MAR19MILUTA,Utah Jazz,2026-03-20 04:00:00+00:00,2026-03-17 16:06:00+00:00,1.0,1567151.0,historical,2026-03-20,1037,missing,,,,,,,,,,,,1,True,2026-03-19_Milwaukee_Bucks_at_Utah_Jazz
2026-03-19,2026-03-20 00:00:00+00:00,Phoenix Suns,San Antonio Spurs,100,101,1,1,https://www.basketball-reference.com/leagues/NBA_2026_games-march.html,KXNBAGAME-26MAR19PHXSAS-SAS,KXNBAGAME-26MAR19PHXSAS,San Antonio Spurs,2026-03-20 03:00:00+00:00,2026-03-17 16:06:00+00:00,1.0,5152365.0,historical,2026-03-19,1038,available,0.805,0.8,0.81,0.81,0.010000000000000009,bid_ask_midpoint,2026-03-19T23:45:00+00:00,15.0,544380.0,1087.0,https://api.elections.kalshi.com/trade-api/v2/historical/markets/KXNBAGAME-26MAR19PHXSAS-SAS/candlesticks?start_ts=1773877500&end_ts=1773963900&period_interval=1,1,True,2026-03-19_Phoenix_Suns_at_San_Antonio_Spurs
2026-03-19,2026-03-20 02:00:00+00:00,Philadelphia 76ers,Sacramento Kings,139,118,0,-21,https://www.basketball-reference.com/leagues/NBA_2026_games-march.html,KXNBAGAME-26MAR19PHISAC-SAC,KXNBAGAME-26MAR19PHISAC,Sacramento Kings,2026-03-20 05:00:00+00:00,2026-03-17 16:06:00+00:00,0.0,2692430.0,historical,2026-03-20,1040,available,0.435,0.43,0.44,0.44,0.010000000000000009,bid_ask_midpoint,2026-03-20T01:45:00+00:00,15.0,98870.0,881.0,https://api.elections.kalshi.com/trade-api/v2/historical/markets/KXNBAGAME-26MAR19PHISAC-SAC/candlesticks?start_ts=1773884700&end_ts=1773971100&period_interval=1,0,True,2026-03-19_Philadelphia_76ers_at_Sacramento_Kings
2026-03-19,2026-03-20 00:00:00+00:00,Cleveland Cavaliers,Chicago Bulls,115,110,0,-5,https://www.basketball-reference.com/leagues/NBA_2026_games-march.html,KXNBAGAME-26MAR19CLECHI-CHI,KXNBAGAME-26MAR19CLECHI,Chicago Bulls,2026-03-20 03:00:00+00:00,2026-03-17 16:06:00+00:00,0.0,1373350.0,historical,2026-03-19,1041,missing,,,,,,,,,,,,0,True,2026-03-19_Cleveland_Cavaliers_at_Chicago_Bulls
2026-03-19,2026-03-19 23:00:00+00:00,Detroit Pistons,Washington Wizards,117,95,0,-22,https://www.basketball-reference.com/leagues/NBA_2026_games-march.html,KXNBAGAME-26MAR19DETWAS-WAS,KXNBAGAME-26MAR19DETWAS,Washington Wizards,2026-03-20 02:00:00+00:00,2026-03-17 13:07:00+00:00,0.0,1428086.0,historical,2026-03-19,1042,available,0.10500000000000001,0.1,0.11,0.11,0.009999999999999995,bid_ask_midpoint,2026-03-19T22:45:00+00:00,15.0,448433.0,1091.0,https://api.elections.kalshi.com/trade-api/v2/historical/markets/KXNBAGAME-26MAR19DETWAS-WAS/candlesticks?start_ts=1773873900&end_ts=1773960300&period_interval=1,0,True,2026-03-19_Detroit_Pistons_at_Washington_Wizards
2026-03-19,2026-03-19 23:00:00+00:00,Orlando Magic,Charlotte Hornets,111,130,1,19,https://www.basketball-reference.com/leagues/NBA_2026_games-march.html,KXNBAGAME-26MAR19ORLCHA-CHA,KXNBAGAME-26MAR19ORLCHA,Charlotte Hornets,2026-03-20 02:00:00+00:00,2026-03-17 13:07:00+00:00,1.0,1607291.0,historical,2026-03-19,1043,available,0.665,0.66,0.67,0.67,0.010000000000000009,bid_ask_midpoint,2026-03-19T22:45:00+00:00,15.0,338616.0,1120.0,https://api.elections.kalshi.com/trade-api/v2/historical/markets/KXNBAGAME-26MAR19ORLCHA-CHA/candlesticks?start_ts=1773873900&end_ts=1773960300&period_interval=1,1,True,2026-03-19_Orlando_Magic_at_Charlotte_Hornets
2026-03-20,2026-03-20 23:30:00+00:00,New York Knicks,Brooklyn Nets,93,92,0,-1,https://www.basketball-reference.com/leagues/NBA_2026_games-march.html,KXNBAGAME-26MAR20NYKBKN-BKN,KXNBAGAME-26MAR20NYKBKN,Brooklyn Nets,2026-03-21 02:30:00+00:00,2026-03-18 16:07:00+00:00,0.0,4521681.0,historical,2026-03-20,1045,available,0.065,0.06,0.07,0.07,0.010000000000000009,bid_ask_midpoint,2026-03-20T23:15:00+00:00,15.0,618947.0,1362.0,https://api.elections.kalshi.com/trade-api/v2/historical/markets/KXNBAGAME-26MAR20NYKBKN-BKN/candlesticks?start_ts=1773962100&end_ts=1774048500&period_interval=1,0,True,2026-03-20_New_York_Knicks_at_Brooklyn_Nets
2026-03-20,2026-03-20 23:30:00+00:00,Golden State Warriors,Detroit Pistons,101,115,1,14,https://www.basketball-reference.com/leagues/NBA_2026_games-march.html,KXNBAGAME-26MAR20GSWDET-DET,KXNBAGAME-26MAR20GSWDET,Detroit Pistons,2026-03-21 02:30:00+00:00,2026-03-18 16:07:00+00:00,1.0,2485088.0,historical,2026-03-20,1046,available,0.675,0.67,0.68,0.68,0.010000000000000009,bid_ask_midpoint,2026-03-20T23:15:00+00:00,15.0,568816.0,1235.0,https://api.elections.kalshi.com/trade-api/v2/historical/markets/KXNBAGAME-26MAR20GSWDET-DET/candlesticks?start_ts=1773962100&end_ts=1774048500&period_interval=1,1,True,2026-03-20_Golden_State_Warriors_at_Detroit_Pistons
2026-03-20,2026-03-21 00:00:00+00:00,Atlanta Hawks,Houston Rockets,95,117,1,22,https://www.basketball-reference.com/leagues/NBA_2026_games-march.html,KXNBAGAME-26MAR20ATLHOU-HOU,KXNBAGAME-26MAR20ATLHOU,Houston Rockets,2026-03-21 03:00:00+00:00,2026-03-18 16:07:00+00:00,1.0,2032745.0,historical,2026-03-20,1047,available,0.585,0.58,0.59,0.59,0.010000000000000009,bid_ask_midpoint,2026-03-20T23:45:00+00:00,15.0,433494.0,1191.0,https://api.elections.kalshi.com/trade-api/v2/historical/markets/KXNBAGAME-26MAR20ATLHOU-HOU/candlesticks?start_ts=1773963900&end_ts=1774050300&period_interval=1,1,True,2026-03-20_Atlanta_Hawks_at_Houston_Rockets
2026-03-20,2026-03-21 00:00:00+00:00,Boston Celtics,Memphis Grizzlies,117,112,0,-5,https://www.basketball-reference.com/leagues/NBA_2026_games-march.html,KXNBAGAME-26MAR20BOSMEM-MEM,KXNBAGAME-26MAR20BOSMEM,Memphis Grizzlies,2026-03-21 03:00:00+00:00,2026-03-18 16:07:00+00:00,0.0,3069331.0,historical,2026-03-20,1048,available,0.095,0.09,0.1,0.09,0.010000000000000009,bid_ask_midpoint,2026-03-20T23:45:00+00:00,15.0,336141.0,1240.0,https://api.elections.kalshi.com/trade-api/v2/historical/markets/KXNBAGAME-26MAR20BOSMEM-MEM/candlesticks?start_ts=1773963900&end_ts=1774050300&period_interval=1,0,True,2026-03-20_Boston_Celtics_at_Memphis_Grizzlies
2026-03-20,2026-03-21 00:00:00+00:00,Portland Trail Blazers,Minnesota Timberwolves,108,104,0,-4,https://www.basketball-reference.com/leagues/NBA_2026_games-march.html,KXNBAGAME-26MAR20PORMIN-MIN,KXNBAGAME-26MAR20PORMIN,Minnesota Timberwolves,2026-03-21 03:00:00+00:00,2026-03-18 16:07:00+00:00,0.0,3681362.0,historical,2026-03-20,1049,available,0.505,0.5,0.51,0.51,0.010000000000000009,bid_ask_midpoint,2026-03-20T23:45:00+00:00,15.0,429383.0,1241.0,https://api.elections.kalshi.com/trade-api/v2/historical/markets/KXNBAGAME-26MAR20PORMIN-MIN/candlesticks?start_ts=1773963900&end_ts=1774050300&period_interval=1,0,True,2026-03-20_Portland_Trail_Blazers_at_Minnesota_Timberwolves
2026-03-20,2026-03-21 01:00:00+00:00,Toronto Raptors,Denver Nuggets,115,121,1,6,https://www.basketball-reference.com/leagues/NBA_2026_games-march.html,KXNBAGAME-26MAR20TORDEN-DEN,KXNBAGAME-26MAR20TORDEN,Denver Nuggets,2026-03-21 04:00:00+00:00,2026-03-18 16:07:00+00:00,1.0,6032325.0,historical,2026-03-21,1050,available,0.705,0.7,0.71,0.71,0.010000000000000009,bid_ask_midpoint,2026-03-21T00:45:00+00:00,15.0,161819.0,961.0,https://api.elections.kalshi.com/trade-api/v2/historical/markets/KXNBAGAME-26MAR20TORDEN-DEN/candlesticks?start_ts=1773967500&end_ts=1774053900&period_interval=1,1,True,2026-03-20_Toronto_Raptors_at_Denver_Nuggets
2026-03-21,2026-03-22 00:00:00+00:00,Indiana Pacers,San Antonio Spurs,119,134,1,15,https://www.basketball-reference.com/leagues/NBA_2026_games-march.html,KXNBAGAME-26MAR21INDSAS-SAS,KXNBAGAME-26MAR21INDSAS,San Antonio Spurs,2026-03-22 03:00:00+00:00,2026-03-19 16:07:00+00:00,1.0,1332985.0,historical,2026-03-21,1051,available,0.915,0.91,0.92,,0.010000000000000009,bid_ask_midpoint,2026-03-21T23:45:00+00:00,15.0,308025.0,729.0,https://api.elections.kalshi.com/trade-api/v2/historical/markets/KXNBAGAME-26MAR21INDSAS-SAS/candlesticks?start_ts=1774050300&end_ts=1774136700&period_interval=1,1,True,2026-03-21_Indiana_Pacers_at_San_Antonio_Spurs
2026-03-21,2026-03-22 02:00:00+00:00,Milwaukee Bucks,Phoenix Suns,108,105,0,-3,https://www.basketball-reference.com/leagues/NBA_2026_games-march.html,KXNBAGAME-26MAR21MILPHX-PHX,KXNBAGAME-26MAR21MILPHX,Phoenix Suns,2026-03-22 05:00:00+00:00,2026-03-19 16:07:00+00:00,0.0,6695649.0,historical,2026-03-22,1052,available,0.835,0.83,0.84,0.84,0.010000000000000009,bid_ask_midpoint,2026-03-22T01:45:00+00:00,15.0,140298.0,755.0,https://api.elections.kalshi.com/trade-api/v2/historical/markets/KXNBAGAME-26MAR21MILPHX-PHX/candlesticks?start_ts=1774057500&end_ts=1774143900&period_interval=1,0,True,2026-03-21_Milwaukee_Bucks_at_Phoenix_Suns
2026-03-21,2026-03-22 01:30:00+00:00,Philadelphia 76ers,Utah Jazz,126,116,0,-10,https://www.basketball-reference.com/leagues/NBA_2026_games-march.html,KXNBAGAME-26MAR21PHIUTA-UTA,KXNBAGAME-26MAR21PHIUTA,Utah Jazz,2026-03-22 04:30:00+00:00,2026-03-19 16:07:00+00:00,0.0,2240435.0,historical,2026-03-22,1053,available,0.325,0.32,0.33,0.32,0.010000000000000009,bid_ask_midpoint,2026-03-22T01:15:00+00:00,15.0,38229.0,683.0,https://api.elections.kalshi.com/trade-api/v2/historical/markets/KXNBAGAME-26MAR21PHIUTA-UTA/candlesticks?start_ts=1774055700&end_ts=1774142100&period_interval=1,0,True,2026-03-21_Philadelphia_76ers_at_Utah_Jazz
2026-03-21,2026-03-22 00:00:00+00:00,Miami Heat,Houston Rockets,122,123,1,1,https://www.basketball-reference.com/leagues/NBA_2026_games-march.html,KXNBAGAME-26MAR21MIAHOU-HOU,KXNBAGAME-26MAR21MIAHOU,Houston Rockets,2026-03-22 03:00:00+00:00,2026-03-19 16:07:00+00:00,1.0,6195209.0,historical,2026-03-21,1055,available,0.575,0.57,0.58,0.58,0.010000000000000009,bid_ask_midpoint,2026-03-21T23:45:00+00:00,15.0,994563.0,1106.0,https://api.elections.kalshi.com/trade-api/v2/historical/markets/KXNBAGAME-26MAR21MIAHOU-HOU/candlesticks?start_ts=1774050300&end_ts=1774136700&period_interval=1,1,True,2026-03-21_Miami_Heat_at_Houston_Rockets
2026-03-21,2026-03-21 21:00:00+00:00,Oklahoma City Thunder,Washington Wizards,132,111,0,-21,https://www.basketball-reference.com/leagues/NBA_2026_games-march.html,KXNBAGAME-26MAR21OKCWAS-WAS,KXNBAGAME-26MAR21OKCWAS,Washington Wizards,2026-03-22 00:00:00+00:00,2026-03-19 13:06:00+00:00,0.0,3412288.0,historical,2026-03-21,1056,available,0.035,0.03,0.04,0.04,0.010000000000000002,bid_ask_midpoint,2026-03-21T20:45:00+00:00,15.0,299947.0,978.0,https://api.elections.kalshi.com/trade-api/v2/historical/markets/KXNBAGAME-26MAR21OKCWAS-WAS/candlesticks?start_ts=1774039500&end_ts=1774125900&period_interval=1,0,True,2026-03-21_Oklahoma_City_Thunder_at_Washington_Wizards
2026-03-21,2026-03-21 23:00:00+00:00,Cleveland Cavaliers,New Orleans Pelicans,111,106,0,-5,https://www.basketball-reference.com/leagues/NBA_2026_games-march.html,KXNBAGAME-26MAR21CLENOP-NOP,KXNBAGAME-26MAR21CLENOP,New Orleans Pelicans,2026-03-22 02:00:00+00:00,2026-03-19 13:06:00+00:00,0.0,1741612.0,historical,2026-03-21,1058,available,0.345,0.34,0.35,0.35,0.009999999999999953,bid_ask_midpoint,2026-03-21T22:45:00+00:00,15.0,139158.0,965.0,https://api.elections.kalshi.com/trade-api/v2/historical/markets/KXNBAGAME-26MAR21CLENOP-NOP/candlesticks?start_ts=1774046700&end_ts=1774133100&period_interval=1,0,True,2026-03-21_Cleveland_Cavaliers_at_New_Orleans_Pelicans
2026-03-21,2026-03-21 23:00:00+00:00,Memphis Grizzlies,Charlotte Hornets,101,124,1,23,https://www.basketball-reference.com/leagues/NBA_2026_games-march.html,KXNBAGAME-26MAR21MEMCHA-CHA,KXNBAGAME-26MAR21MEMCHA,Charlotte Hornets,2026-03-22 02:00:00+00:00,2026-03-19 13:06:00+00:00,1.0,681813.0,historical,2026-03-21,1059,available,0.935,0.93,0.94,,0.009999999999999898,bid_ask_midpoint,2026-03-21T22:45:00+00:00,15.0,122870.0,714.0,https://api.elections.kalshi.com/trade-api/v2/historical/markets/KXNBAGAME-26MAR21MEMCHA-CHA/candlesticks?start_ts=1774046700&end_ts=1774133100&period_interval=1,1,True,2026-03-21_Memphis_Grizzlies_at_Charlotte_Hornets
2026-03-21,2026-03-22 00:00:00+00:00,Golden State Warriors,Atlanta Hawks,110,126,1,16,https://www.basketball-reference.com/leagues/NBA_2026_games-march.html,KXNBAGAME-26MAR21GSWATL-ATL,KXNBAGAME-26MAR21GSWATL,Atlanta Hawks,2026-03-22 03:00:00+00:00,2026-03-19 16:07:00+00:00,1.0,1278459.0,historical,2026-03-21,1060,available,0.745,0.74,0.75,0.75,0.010000000000000009,bid_ask_midpoint,2026-03-21T23:45:00+00:00,15.0,219188.0,910.0,https://api.elections.kalshi.com/trade-api/v2/historical/markets/KXNBAGAME-26MAR21GSWATL-ATL/candlesticks?start_ts=1774050300&end_ts=1774136700&period_interval=1,1,True,2026-03-21_Golden_State_Warriors_at_Atlanta_Hawks
2026-03-22,2026-03-22 21:00:00+00:00,Portland Trail Blazers,Denver Nuggets,112,128,1,16,https://www.basketball-reference.com/leagues/NBA_2026_games-march.html,KXNBAGAME-26MAR22PORDEN-DEN,KXNBAGAME-26MAR22PORDEN,Denver Nuggets,2026-03-23 00:00:00+00:00,2026-03-20 13:06:00+00:00,1.0,3375959.0,historical,2026-03-22,1061,available,0.755,0.75,0.76,0.76,0.010000000000000009,bid_ask_midpoint,2026-03-22T20:45:00+00:00,15.0,709708.0,1084.0,https://api.elections.kalshi.com/trade-api/v2/historical/markets/KXNBAGAME-26MAR22PORDEN-DEN/candlesticks?start_ts=1774125900&end_ts=1774212300&period_interval=1,1,True,2026-03-22_Portland_Trail_Blazers_at_Denver_Nuggets
2026-03-22,2026-03-22 22:00:00+00:00,Brooklyn Nets,Sacramento Kings,122,126,1,4,https://www.basketball-reference.com/leagues/NBA_2026_games-march.html,KXNBAGAME-26MAR22BKNSAC-SAC,KXNBAGAME-26MAR22BKNSAC,Sacramento Kings,2026-03-23 01:00:00+00:00,2026-03-20 13:06:00+00:00,1.0,2306922.0,historical,2026-03-22,1062,missing,,,,,,,,,,,,1,True,2026-03-22_Brooklyn_Nets_at_Sacramento_Kings
2026-03-22,2026-03-22 23:30:00+00:00,Washington Wizards,New York Knicks,113,145,1,32,https://www.basketball-reference.com/leagues/NBA_2026_games-march.html,KXNBAGAME-26MAR22WASNYK-NYK,KXNBAGAME-26MAR22WASNYK,New York Knicks,2026-03-23 02:30:00+00:00,2026-03-20 16:06:00+00:00,1.0,547651.0,historical,2026-03-22,1063,available,0.955,0.95,0.96,,0.010000000000000009,bid_ask_midpoint,2026-03-22T23:15:00+00:00,15.0,196030.0,869.0,https://api.elections.kalshi.com/trade-api/v2/historical/markets/KXNBAGAME-26MAR22WASNYK-NYK/candlesticks?start_ts=1774134900&end_ts=1774221300&period_interval=1,1,True,2026-03-22_Washington_Wizards_at_New_York_Knicks
2026-03-22,2026-03-23 00:00:00+00:00,Minnesota Timberwolves,Boston Celtics,102,92,0,-10,https://www.basketball-reference.com/leagues/NBA_2026_games-march.html,KXNBAGAME-26MAR22MINBOS-BOS,KXNBAGAME-26MAR22MINBOS,Boston Celtics,2026-03-23 03:00:00+00:00,2026-03-20 16:06:00+00:00,0.0,6694923.0,historical,2026-03-22,1064,available,0.785,0.78,0.79,0.79,0.010000000000000009,bid_ask_midpoint,2026-03-22T23:45:00+00:00,15.0,322382.0,1070.0,https://api.elections.kalshi.com/trade-api/v2/historical/markets/KXNBAGAME-26MAR22MINBOS-BOS/candlesticks?start_ts=1774136700&end_ts=1774223100&period_interval=1,0,True,2026-03-22_Minnesota_Timberwolves_at_Boston_Celtics
2026-03-22,2026-03-23 01:00:00+00:00,Toronto Raptors,Phoenix Suns,98,120,1,22,https://www.basketball-reference.com/leagues/NBA_2026_games-march.html,KXNBAGAME-26MAR22TORPHX-PHX,KXNBAGAME-26MAR22TORPHX,Phoenix Suns,2026-03-23 04:00:00+00:00,2026-03-20 16:06:00+00:00,1.0,2536111.0,historical,2026-03-23,1065,available,0.385,0.38,0.39,0.39,0.010000000000000009,bid_ask_midpoint,2026-03-23T00:45:00+00:00,15.0,297020.0,1074.0,https://api.elections.kalshi.com/trade-api/v2/historical/markets/KXNBAGAME-26MAR22TORPHX-PHX/candlesticks?start_ts=1774140300&end_ts=1774226700&period_interval=1,1,True,2026-03-22_Toronto_Raptors_at_Phoenix_Suns
2026-03-23,2026-03-24 01:00:00+00:00,Toronto Raptors,Utah Jazz,143,127,0,-16,https://www.basketball-reference.com/leagues/NBA_2026_games-march.html,KXNBAGAME-26MAR23TORUTA-UTA,KXNBAGAME-26MAR23TORUTA,Utah Jazz,2026-03-24 04:00:00+00:00,2026-03-21 16:08:00+00:00,0.0,1718809.0,historical,2026-03-24,1066,available,0.185,0.18,0.19,0.19,0.010000000000000009,bid_ask_midpoint,2026-03-24T00:45:00+00:00,15.0,289731.0,988.0,https://api.elections.kalshi.com/trade-api/v2/historical/markets/KXNBAGAME-26MAR23TORUTA-UTA/candlesticks?start_ts=1774226700&end_ts=1774313100&period_interval=1,0,True,2026-03-23_Toronto_Raptors_at_Utah_Jazz
2026-03-23,2026-03-24 01:30:00+00:00,Golden State Warriors,Dallas Mavericks,137,131,0,-6,https://www.basketball-reference.com/leagues/NBA_2026_games-march.html,KXNBAGAME-26MAR23GSWDAL-DAL,KXNBAGAME-26MAR23GSWDAL,Dallas Mavericks,2026-03-24 04:30:00+00:00,2026-03-21 16:08:00+00:00,0.0,12182777.0,historical,2026-03-24,1068,available,0.445,0.44,0.45,0.45,0.010000000000000009,bid_ask_midpoint,2026-03-24T01:15:00+00:00,15.0,357558.0,1181.0,https://api.elections.kalshi.com/trade-api/v2/historical/markets/KXNBAGAME-26MAR23GSWDAL-DAL/candlesticks?start_ts=1774228500&end_ts=1774314900&period_interval=1,0,True,2026-03-23_Golden_State_Warriors_at_Dallas_Mavericks
2026-03-23,2026-03-24 00:00:00+00:00,Houston Rockets,Chicago Bulls,124,132,1,8,https://www.basketball-reference.com/leagues/NBA_2026_games-march.html,KXNBAGAME-26MAR23HOUCHI-CHI,KXNBAGAME-26MAR23HOUCHI,Chicago Bulls,2026-03-24 03:00:00+00:00,2026-03-21 16:08:00+00:00,1.0,5498257.0,historical,2026-03-23,1069,available,0.225,0.22,0.23,0.23,0.010000000000000009,bid_ask_midpoint,2026-03-23T23:45:00+00:00,15.0,45087.0,1138.0,https://api.elections.kalshi.com/trade-api/v2/historical/markets/KXNBAGAME-26MAR23HOUCHI-CHI/candlesticks?start_ts=1774223100&end_ts=1774309500&period_interval=1,1,True,2026-03-23_Houston_Rockets_at_Chicago_Bulls
2026-03-23,2026-03-24 02:00:00+00:00,Brooklyn Nets,Portland Trail Blazers,99,134,1,35,https://www.basketball-reference.com/leagues/NBA_2026_games-march.html,KXNBAGAME-26MAR23BKNPOR-POR,KXNBAGAME-26MAR23BKNPOR,Portland Trail Blazers,2026-03-24 05:00:00+00:00,2026-03-21 16:08:00+00:00,1.0,854918.0,historical,2026-03-24,1070,available,0.905,0.9,0.91,0.91,0.010000000000000009,bid_ask_midpoint,2026-03-24T01:45:00+00:00,15.0,108452.0,818.0,https://api.elections.kalshi.com/trade-api/v2/historical/markets/KXNBAGAME-26MAR23BKNPOR-POR/candlesticks?start_ts=1774230300&end_ts=1774316700&period_interval=1,1,True,2026-03-23_Brooklyn_Nets_at_Portland_Trail_Blazers
2026-03-23,2026-03-23 23:00:00+00:00,Oklahoma City Thunder,Philadelphia 76ers,123,103,0,-20,https://www.basketball-reference.com/leagues/NBA_2026_games-march.html,KXNBAGAME-26MAR23OKCPHI-PHI,KXNBAGAME-26MAR23OKCPHI,Philadelphia 76ers,2026-03-24 02:00:00+00:00,2026-03-21 13:06:00+00:00,0.0,1602389.0,historical,2026-03-23,1071,available,0.08499999999999999,0.08,0.09,0.09,0.009999999999999995,bid_ask_midpoint,2026-03-23T22:45:00+00:00,15.0,387567.0,1173.0,https://api.elections.kalshi.com/trade-api/v2/historical/markets/KXNBAGAME-26MAR23OKCPHI-PHI/candlesticks?start_ts=1774219500&end_ts=1774305900&period_interval=1,0,True,2026-03-23_Oklahoma_City_Thunder_at_Philadelphia_76ers
2026-03-23,2026-03-23 23:00:00+00:00,Indiana Pacers,Orlando Magic,128,126,0,-2,https://www.basketball-reference.com/leagues/NBA_2026_games-march.html,KXNBAGAME-26MAR23INDORL-ORL,KXNBAGAME-26MAR23INDORL,Orlando Magic,2026-03-24 02:00:00+00:00,2026-03-21 13:06:00+00:00,0.0,3588482.0,historical,2026-03-23,1072,available,0.835,0.83,0.84,0.84,0.010000000000000009,bid_ask_midpoint,2026-03-23T22:45:00+00:00,15.0,210425.0,903.0,https://api.elections.kalshi.com/trade-api/v2/historical/markets/KXNBAGAME-26MAR23INDORL-ORL/candlesticks?start_ts=1774219500&end_ts=1774305900&period_interval=1,0,True,2026-03-23_Indiana_Pacers_at_Orlando_Magic
2026-03-23,2026-03-23 23:00:00+00:00,San Antonio Spurs,Miami Heat,136,111,0,-25,https://www.basketball-reference.com/leagues/NBA_2026_games-march.html,KXNBAGAME-26MAR23SASMIA-MIA,KXNBAGAME-26MAR23SASMIA,Miami Heat,2026-03-24 02:00:00+00:00,2026-03-21 13:06:00+00:00,0.0,1329632.0,historical,2026-03-23,1073,missing,,,,,,,,,,,,0,True,2026-03-23_San_Antonio_Spurs_at_Miami_Heat
2026-03-23,2026-03-23 23:30:00+00:00,Memphis Grizzlies,Atlanta Hawks,107,146,1,39,https://www.basketball-reference.com/leagues/NBA_2026_games-march.html,KXNBAGAME-26MAR23MEMATL-ATL,KXNBAGAME-26MAR23MEMATL,Atlanta Hawks,2026-03-24 02:30:00+00:00,2026-03-21 16:08:00+00:00,1.0,249542.0,historical,2026-03-23,1074,available,0.885,0.88,0.89,,0.010000000000000009,bid_ask_midpoint,2026-03-23T23:15:00+00:00,15.0,82358.0,823.0,https://api.elections.kalshi.com/trade-api/v2/historical/markets/KXNBAGAME-26MAR23MEMATL-ATL/candlesticks?start_ts=1774221300&end_ts=1774307700&period_interval=1,1,True,2026-03-23_Memphis_Grizzlies_at_Atlanta_Hawks
2026-03-24,2026-03-24 23:00:00+00:00,Sacramento Kings,Charlotte Hornets,90,134,1,44,https://www.basketball-reference.com/leagues/NBA_2026_games-march.html,KXNBAGAME-26MAR24SACCHA-CHA,KXNBAGAME-26MAR24SACCHA,Charlotte Hornets,2026-03-25 02:00:00+00:00,2026-03-22 13:06:00+00:00,1.0,1134480.0,historical,2026-03-24,1076,missing,,,,,,,,,,,,1,True,2026-03-24_Sacramento_Kings_at_Charlotte_Hornets
2026-03-24,2026-03-24 23:30:00+00:00,New Orleans Pelicans,New York Knicks,116,121,1,5,https://www.basketball-reference.com/leagues/NBA_2026_games-march.html,KXNBAGAME-26MAR24NOPNYK-NYK,KXNBAGAME-26MAR24NOPNYK,New York Knicks,2026-03-25 02:30:00+00:00,2026-03-22 16:06:00+00:00,1.0,6065315.0,historical,2026-03-24,1077,available,0.765,0.76,0.77,0.77,0.010000000000000009,bid_ask_midpoint,2026-03-24T23:15:00+00:00,15.0,703765.0,1278.0,https://api.elections.kalshi.com/trade-api/v2/historical/markets/KXNBAGAME-26MAR24NOPNYK-NYK/candlesticks?start_ts=1774307700&end_ts=1774394100&period_interval=1,1,True,2026-03-24_New_Orleans_Pelicans_at_New_York_Knicks
2026-03-24,2026-03-25 00:00:00+00:00,Orlando Magic,Cleveland Cavaliers,131,136,1,5,https://www.basketball-reference.com/leagues/NBA_2026_games-march.html,KXNBAGAME-26MAR24ORLCLE-CLE,KXNBAGAME-26MAR24ORLCLE,Cleveland Cavaliers,2026-03-25 03:00:00+00:00,2026-03-22 16:06:00+00:00,1.0,2797324.0,historical,2026-03-24,1078,available,0.805,0.8,0.81,0.8,0.010000000000000009,bid_ask_midpoint,2026-03-24T23:45:00+00:00,15.0,182931.0,1119.0,https://api.elections.kalshi.com/trade-api/v2/historical/markets/KXNBAGAME-26MAR24ORLCLE-CLE/candlesticks?start_ts=1774309500&end_ts=1774395900&period_interval=1,1,True,2026-03-24_Orlando_Magic_at_Cleveland_Cavaliers
2026-03-24,2026-03-25 03:00:00+00:00,Denver Nuggets,Phoenix Suns,125,123,0,-2,https://www.basketball-reference.com/leagues/NBA_2026_games-march.html,KXNBAGAME-26MAR24DENPHX-PHX,KXNBAGAME-26MAR24DENPHX,Phoenix Suns,2026-03-25 06:00:00+00:00,2026-03-22 19:07:00+00:00,0.0,6777068.0,historical,2026-03-25,1079,available,0.315,0.31,0.32,0.32,0.010000000000000009,bid_ask_midpoint,2026-03-25T02:45:00+00:00,15.0,760838.0,1331.0,https://api.elections.kalshi.com/trade-api/v2/historical/markets/KXNBAGAME-26MAR24DENPHX-PHX/candlesticks?start_ts=1774320300&end_ts=1774406700&period_interval=1,0,True,2026-03-24_Denver_Nuggets_at_Phoenix_Suns
2026-03-25,2026-03-26 02:00:00+00:00,Milwaukee Bucks,Portland Trail Blazers,99,130,1,31,https://www.basketball-reference.com/leagues/NBA_2026_games-march.html,KXNBAGAME-26MAR25MILPOR-POR,KXNBAGAME-26MAR25MILPOR,Portland Trail Blazers,2026-03-26 05:00:00+00:00,2026-03-23 16:06:00+00:00,1.0,497388.0,historical,2026-03-26,1080,missing,,,,,,,,,,,,1,True,2026-03-25_Milwaukee_Bucks_at_Portland_Trail_Blazers
2026-03-25,2026-03-26 02:00:00+00:00,Brooklyn Nets,Golden State Warriors,106,109,1,3,https://www.basketball-reference.com/leagues/NBA_2026_games-march.html,KXNBAGAME-26MAR25BKNGSW-GSW,KXNBAGAME-26MAR25BKNGSW,Golden State Warriors,2026-03-26 05:00:00+00:00,2026-03-23 16:06:00+00:00,1.0,4586827.0,historical,2026-03-26,1081,available,0.845,0.84,0.85,0.85,0.010000000000000009,bid_ask_midpoint,2026-03-26T01:45:00+00:00,15.0,137004.0,719.0,https://api.elections.kalshi.com/trade-api/v2/historical/markets/KXNBAGAME-26MAR25BKNGSW-GSW/candlesticks?start_ts=1774403100&end_ts=1774489500&period_interval=1,1,True,2026-03-25_Brooklyn_Nets_at_Golden_State_Warriors
2026-03-25,2026-03-26 02:00:00+00:00,Dallas Mavericks,Denver Nuggets,135,142,1,7,https://www.basketball-reference.com/leagues/NBA_2026_games-march.html,KXNBAGAME-26MAR25DALDEN-DEN,KXNBAGAME-26MAR25DALDEN,Denver Nuggets,2026-03-26 05:00:00+00:00,2026-03-23 16:06:00+00:00,1.0,2216179.0,historical,2026-03-26,1082,available,0.845,0.84,0.85,0.85,0.010000000000000009,bid_ask_midpoint,2026-03-26T01:45:00+00:00,15.0,106469.0,843.0,https://api.elections.kalshi.com/trade-api/v2/historical/markets/KXNBAGAME-26MAR25DALDEN-DEN/candlesticks?start_ts=1774403100&end_ts=1774489500&period_interval=1,1,True,2026-03-25_Dallas_Mavericks_at_Denver_Nuggets
2026-03-25,2026-03-26 01:30:00+00:00,Houston Rockets,Minnesota Timberwolves,108,110,1,2,https://www.basketball-reference.com/leagues/NBA_2026_games-march.html,KXNBAGAME-26MAR25HOUMIN-MIN,KXNBAGAME-26MAR25HOUMIN,Minnesota Timberwolves,2026-03-26 04:30:00+00:00,2026-03-23 16:06:00+00:00,1.0,8758028.0,historical,2026-03-26,1083,available,0.46499999999999997,0.46,0.47,0.47,0.009999999999999953,bid_ask_midpoint,2026-03-26T01:15:00+00:00,15.0,162713.0,932.0,https://api.elections.kalshi.com/trade-api/v2/historical/markets/KXNBAGAME-26MAR25HOUMIN-MIN/candlesticks?start_ts=1774401300&end_ts=1774487700&period_interval=1,1,True,2026-03-25_Houston_Rockets_at_Minnesota_Timberwolves
2026-03-25,2026-03-26 01:00:00+00:00,Washington Wizards,Utah Jazz,133,110,0,-23,https://www.basketball-reference.com/leagues/NBA_2026_games-march.html,KXNBAGAME-26MAR25WASUTA-UTA,KXNBAGAME-26MAR25WASUTA,Utah Jazz,2026-03-26 04:00:00+00:00,2026-03-23 16:06:00+00:00,0.0,1667085.0,historical,2026-03-26,1084,available,0.585,0.58,0.59,0.59,0.010000000000000009,bid_ask_midpoint,2026-03-26T00:45:00+00:00,15.0,95122.0,865.0,https://api.elections.kalshi.com/trade-api/v2/historical/markets/KXNBAGAME-26MAR25WASUTA-UTA/candlesticks?start_ts=1774399500&end_ts=1774485900&period_interval=1,0,True,2026-03-25_Washington_Wizards_at_Utah_Jazz
2026-03-25,2026-03-25 23:30:00+00:00,Miami Heat,Cleveland Cavaliers,120,103,0,-17,https://www.basketball-reference.com/leagues/NBA_2026_games-march.html,KXNBAGAME-26MAR25MIACLE-CLE,KXNBAGAME-26MAR25MIACLE,Cleveland Cavaliers,2026-03-26 02:30:00+00:00,2026-03-23 16:06:00+00:00,0.0,3024224.0,historical,2026-03-25,1086,available,0.575,0.57,0.58,0.58,0.010000000000000009,bid_ask_midpoint,2026-03-25T23:15:00+00:00,15.0,259245.0,1064.0,https://api.elections.kalshi.com/trade-api/v2/historical/markets/KXNBAGAME-26MAR25MIACLE-CLE/candlesticks?start_ts=1774394100&end_ts=1774480500&period_interval=1,0,True,2026-03-25_Miami_Heat_at_Cleveland_Cavaliers
2026-03-25,2026-03-25 23:30:00+00:00,Oklahoma City Thunder,Boston Celtics,109,119,1,10,https://www.basketball-reference.com/leagues/NBA_2026_games-march.html,KXNBAGAME-26MAR25OKCBOS-BOS,KXNBAGAME-26MAR25OKCBOS,Boston Celtics,2026-03-26 02:30:00+00:00,2026-03-23 16:06:00+00:00,1.0,3778234.0,historical,2026-03-25,1087,missing,,,,,,,,,,,,1,True,2026-03-25_Oklahoma_City_Thunder_at_Boston_Celtics
2026-03-25,2026-03-25 23:00:00+00:00,Chicago Bulls,Philadelphia 76ers,137,157,1,20,https://www.basketball-reference.com/leagues/NBA_2026_games-march.html,KXNBAGAME-26MAR25CHIPHI-PHI,KXNBAGAME-26MAR25CHIPHI,Philadelphia 76ers,2026-03-26 02:00:00+00:00,2026-03-23 13:06:00+00:00,1.0,1011901.0,historical,2026-03-25,1088,missing,,,,,,,,,,,,1,True,2026-03-25_Chicago_Bulls_at_Philadelphia_76ers
2026-03-25,2026-03-25 23:00:00+00:00,Atlanta Hawks,Detroit Pistons,130,129,0,-1,https://www.basketball-reference.com/leagues/NBA_2026_games-march.html,KXNBAGAME-26MAR25ATLDET-DET,KXNBAGAME-26MAR25ATLDET,Detroit Pistons,2026-03-26 02:00:00+00:00,2026-03-23 13:06:00+00:00,0.0,9036401.0,historical,2026-03-25,1090,available,0.565,0.56,0.57,0.57,0.009999999999999898,bid_ask_midpoint,2026-03-25T22:45:00+00:00,15.0,632678.0,1332.0,https://api.elections.kalshi.com/trade-api/v2/historical/markets/KXNBAGAME-26MAR25ATLDET-DET/candlesticks?start_ts=1774392300&end_ts=1774478700&period_interval=1,0,True,2026-03-25_Atlanta_Hawks_at_Detroit_Pistons
2026-03-25,2026-03-26 00:00:00+00:00,San Antonio Spurs,Memphis Grizzlies,123,98,0,-25,https://www.basketball-reference.com/leagues/NBA_2026_games-march.html,KXNBAGAME-26MAR25SASMEM-MEM,KXNBAGAME-26MAR25SASMEM,Memphis Grizzlies,2026-03-26 03:00:00+00:00,2026-03-23 16:06:00+00:00,0.0,1955590.0,historical,2026-03-25,1091,missing,,,,,,,,,,,,0,True,2026-03-25_San_Antonio_Spurs_at_Memphis_Grizzlies
2026-03-26,2026-03-26 23:00:00+00:00,Sacramento Kings,Orlando Magic,117,121,1,4,https://www.basketball-reference.com/leagues/NBA_2026_games-march.html,KXNBAGAME-26MAR26SACORL-ORL,KXNBAGAME-26MAR26SACORL,Orlando Magic,2026-03-27 02:00:00+00:00,2026-03-24 13:06:00+00:00,1.0,1579916.0,historical,2026-03-26,1092,missing,,,,,,,,,,,,1,True,2026-03-26_Sacramento_Kings_at_Orlando_Magic
2026-03-26,2026-03-26 23:00:00+00:00,New York Knicks,Charlotte Hornets,103,114,1,11,https://www.basketball-reference.com/leagues/NBA_2026_games-march.html,KXNBAGAME-26MAR26NYKCHA-CHA,KXNBAGAME-26MAR26NYKCHA,Charlotte Hornets,2026-03-27 02:00:00+00:00,2026-03-24 13:06:00+00:00,1.0,2377462.0,historical,2026-03-26,1093,available,0.555,0.55,0.56,0.56,0.010000000000000009,bid_ask_midpoint,2026-03-26T22:45:00+00:00,15.0,476404.0,1052.0,https://api.elections.kalshi.com/trade-api/v2/historical/markets/KXNBAGAME-26MAR26NYKCHA-CHA/candlesticks?start_ts=1774478700&end_ts=1774565100&period_interval=1,1,True,2026-03-26_New_York_Knicks_at_Charlotte_Hornets
2026-03-26,2026-03-26 23:00:00+00:00,New Orleans Pelicans,Detroit Pistons,108,129,1,21,https://www.basketball-reference.com/leagues/NBA_2026_games-march.html,KXNBAGAME-26MAR26NOPDET-DET,KXNBAGAME-26MAR26NOPDET,Detroit Pistons,2026-03-27 02:00:00+00:00,2026-03-24 13:06:00+00:00,1.0,2768283.0,historical,2026-03-26,1094,available,0.665,0.66,0.67,0.67,0.010000000000000009,bid_ask_midpoint,2026-03-26T22:45:00+00:00,15.0,603744.0,1161.0,https://api.elections.kalshi.com/trade-api/v2/historical/markets/KXNBAGAME-26MAR26NOPDET-DET/candlesticks?start_ts=1774478700&end_ts=1774565100&period_interval=1,1,True,2026-03-26_New_Orleans_Pelicans_at_Detroit_Pistons
2026-03-27,2026-03-28 02:00:00+00:00,Dallas Mavericks,Portland Trail Blazers,100,93,0,-7,https://www.basketball-reference.com/leagues/NBA_2026_games-march.html,KXNBAGAME-26MAR27DALPOR-POR,KXNBAGAME-26MAR27DALPOR,Portland Trail Blazers,2026-03-28 05:00:00+00:00,2026-03-25 16:06:00+00:00,0.0,2920207.0,historical,2026-03-28,1096,available,0.815,0.81,0.82,0.82,0.009999999999999898,bid_ask_midpoint,2026-03-28T01:45:00+00:00,15.0,57476.0,775.0,https://api.elections.kalshi.com/trade-api/v2/historical/markets/KXNBAGAME-26MAR27DALPOR-POR/candlesticks?start_ts=1774575900&end_ts=1774662300&period_interval=1,0,True,2026-03-27_Dallas_Mavericks_at_Portland_Trail_Blazers
2026-03-27,2026-03-28 01:00:00+00:00,Utah Jazz,Denver Nuggets,129,135,1,6,https://www.basketball-reference.com/leagues/NBA_2026_games-march.html,KXNBAGAME-26MAR27UTADEN-DEN,KXNBAGAME-26MAR27UTADEN,Denver Nuggets,2026-03-28 04:00:00+00:00,2026-03-25 16:06:00+00:00,1.0,3255579.0,historical,2026-03-28,1097,available,0.945,0.94,0.95,0.95,0.010000000000000009,bid_ask_midpoint,2026-03-28T00:45:00+00:00,15.0,51499.0,623.0,https://api.elections.kalshi.com/trade-api/v2/historical/markets/KXNBAGAME-26MAR27UTADEN-DEN/candlesticks?start_ts=1774572300&end_ts=1774658700&period_interval=1,1,True,2026-03-27_Utah_Jazz_at_Denver_Nuggets
2026-03-27,2026-03-28 00:30:00+00:00,New Orleans Pelicans,Toronto Raptors,106,119,1,13,https://www.basketball-reference.com/leagues/NBA_2026_games-march.html,KXNBAGAME-26MAR27NOPTOR-TOR,KXNBAGAME-26MAR27NOPTOR,Toronto Raptors,2026-03-28 03:30:00+00:00,2026-03-25 16:06:00+00:00,1.0,736709.0,historical,2026-03-27,1098,missing,,,,,,,,,,,,1,True,2026-03-27_New_Orleans_Pelicans_at_Toronto_Raptors
2026-03-27,2026-03-28 02:00:00+00:00,Washington Wizards,Golden State Warriors,126,131,1,5,https://www.basketball-reference.com/leagues/NBA_2026_games-march.html,KXNBAGAME-26MAR27WASGSW-GSW,KXNBAGAME-26MAR27WASGSW,Golden State Warriors,2026-03-28 05:00:00+00:00,2026-03-25 16:06:00+00:00,1.0,1438994.0,historical,2026-03-28,1099,available,0.865,0.86,0.87,0.87,0.010000000000000009,bid_ask_midpoint,2026-03-28T01:45:00+00:00,15.0,44733.0,879.0,https://api.elections.kalshi.com/trade-api/v2/historical/markets/KXNBAGAME-26MAR27WASGSW-GSW/candlesticks?start_ts=1774575900&end_ts=1774662300&period_interval=1,1,True,2026-03-27_Washington_Wizards_at_Golden_State_Warriors
2026-03-27,2026-03-28 00:00:00+00:00,Houston Rockets,Memphis Grizzlies,119,109,0,-10,https://www.basketball-reference.com/leagues/NBA_2026_games-march.html,KXNBAGAME-26MAR27HOUMEM-MEM,KXNBAGAME-26MAR27HOUMEM,Memphis Grizzlies,2026-03-28 03:00:00+00:00,2026-03-25 16:06:00+00:00,0.0,1041079.0,historical,2026-03-27,1100,available,0.11499999999999999,0.11,0.12,0.12,0.009999999999999995,bid_ask_midpoint,2026-03-27T23:45:00+00:00,15.0,100110.0,1203.0,https://api.elections.kalshi.com/trade-api/v2/historical/markets/KXNBAGAME-26MAR27HOUMEM-MEM/candlesticks?start_ts=1774568700&end_ts=1774655100&period_interval=1,0,True,2026-03-27_Houston_Rockets_at_Memphis_Grizzlies
2026-03-27,2026-03-27 23:30:00+00:00,Miami Heat,Cleveland Cavaliers,128,149,1,21,https://www.basketball-reference.com/leagues/NBA_2026_games-march.html,KXNBAGAME-26MAR27MIACLE-CLE,KXNBAGAME-26MAR27MIACLE,Cleveland Cavaliers,2026-03-28 02:30:00+00:00,2026-03-25 16:06:00+00:00,1.0,1140164.0,historical,2026-03-27,1101,missing,,,,,,,,,,,,1,True,2026-03-27_Miami_Heat_at_Cleveland_Cavaliers
2026-03-27,2026-03-27 23:30:00+00:00,Atlanta Hawks,Boston Celtics,102,109,1,7,https://www.basketball-reference.com/leagues/NBA_2026_games-march.html,KXNBAGAME-26MAR27ATLBOS-BOS,KXNBAGAME-26MAR27ATLBOS,Boston Celtics,2026-03-28 02:30:00+00:00,2026-03-25 16:06:00+00:00,1.0,3222739.0,historical,2026-03-27,1102,available,0.665,0.66,0.67,0.67,0.010000000000000009,bid_ask_midpoint,2026-03-27T23:15:00+00:00,15.0,483016.0,1373.0,https://api.elections.kalshi.com/trade-api/v2/historical/markets/KXNBAGAME-26MAR27ATLBOS-BOS/candlesticks?start_ts=1774566900&end_ts=1774653300&period_interval=1,1,True,2026-03-27_Atlanta_Hawks_at_Boston_Celtics
2026-03-27,2026-03-28 00:00:00+00:00,Chicago Bulls,Oklahoma City Thunder,113,131,1,18,https://www.basketball-reference.com/leagues/NBA_2026_games-march.html,KXNBAGAME-26MAR27CHIOKC-OKC,KXNBAGAME-26MAR27CHIOKC,Oklahoma City Thunder,2026-03-28 03:00:00+00:00,2026-03-25 16:06:00+00:00,1.0,2272737.0,historical,2026-03-27,1104,available,0.945,0.94,0.95,0.95,0.010000000000000009,bid_ask_midpoint,2026-03-27T23:45:00+00:00,15.0,289386.0,858.0,https://api.elections.kalshi.com/trade-api/v2/historical/markets/KXNBAGAME-26MAR27CHIOKC-OKC/candlesticks?start_ts=1774568700&end_ts=1774655100&period_interval=1,1,True,2026-03-27_Chicago_Bulls_at_Oklahoma_City_Thunder
2026-03-28,2026-03-29 02:00:00+00:00,Utah Jazz,Phoenix Suns,109,134,1,25,https://www.basketball-reference.com/leagues/NBA_2026_games-march.html,KXNBAGAME-26MAR28UTAPHX-PHX,KXNBAGAME-26MAR28UTAPHX,Phoenix Suns,2026-03-29 05:00:00+00:00,2026-03-26 16:06:00+00:00,1.0,897335.0,historical,2026-03-29,1105,available,0.925,0.92,0.93,0.92,0.010000000000000009,bid_ask_midpoint,2026-03-29T01:45:00+00:00,15.0,132893.0,897.0,https://api.elections.kalshi.com/trade-api/v2/historical/markets/KXNBAGAME-26MAR28UTAPHX-PHX/candlesticks?start_ts=1774662300&end_ts=1774748700&period_interval=1,1,True,2026-03-28_Utah_Jazz_at_Phoenix_Suns
2026-03-28,2026-03-28 19:00:00+00:00,San Antonio Spurs,Milwaukee Bucks,127,95,0,-32,https://www.basketball-reference.com/leagues/NBA_2026_games-march.html,KXNBAGAME-26MAR28SASMIL-MIL,KXNBAGAME-26MAR28SASMIL,Milwaukee Bucks,2026-03-28 22:00:00+00:00,2026-03-26 10:06:00+00:00,0.0,2362829.0,historical,2026-03-28,1106,available,0.065,0.06,0.07,0.07,0.010000000000000009,bid_ask_midpoint,2026-03-28T18:45:00+00:00,15.0,1322389.0,1106.0,https://api.elections.kalshi.com/trade-api/v2/historical/markets/KXNBAGAME-26MAR28SASMIL-MIL/candlesticks?start_ts=1774637100&end_ts=1774723500&period_interval=1,0,True,2026-03-28_San_Antonio_Spurs_at_Milwaukee_Bucks
2026-03-28,2026-03-28 21:30:00+00:00,Detroit Pistons,Minnesota Timberwolves,109,87,0,-22,https://www.basketball-reference.com/leagues/NBA_2026_games-march.html,KXNBAGAME-26MAR28DETMIN-MIN,KXNBAGAME-26MAR28DETMIN,Minnesota Timberwolves,2026-03-29 00:30:00+00:00,2026-03-26 13:06:00+00:00,0.0,2768569.0,historical,2026-03-28,1107,available,0.46499999999999997,0.46,0.47,0.47,0.009999999999999953,bid_ask_midpoint,2026-03-28T21:15:00+00:00,15.0,335933.0,1045.0,https://api.elections.kalshi.com/trade-api/v2/historical/markets/KXNBAGAME-26MAR28DETMIN-MIN/candlesticks?start_ts=1774646100&end_ts=1774732500&period_interval=1,0,True,2026-03-28_Detroit_Pistons_at_Minnesota_Timberwolves
2026-03-28,2026-03-28 22:00:00+00:00,Philadelphia 76ers,Charlotte Hornets,118,114,0,-4,https://www.basketball-reference.com/leagues/NBA_2026_games-march.html,KXNBAGAME-26MAR28PHICHA-CHA,KXNBAGAME-26MAR28PHICHA,Charlotte Hornets,2026-03-29 01:00:00+00:00,2026-03-26 13:06:00+00:00,0.0,3869438.0,historical,2026-03-28,1108,available,0.675,0.67,0.68,0.68,0.010000000000000009,bid_ask_midpoint,2026-03-28T21:45:00+00:00,15.0,244642.0,976.0,https://api.elections.kalshi.com/trade-api/v2/historical/markets/KXNBAGAME-26MAR28PHICHA-CHA/candlesticks?start_ts=1774647900&end_ts=1774734300&period_interval=1,0,True,2026-03-28_Philadelphia_76ers_at_Charlotte_Hornets
2026-03-28,2026-03-28 23:30:00+00:00,Sacramento Kings,Atlanta Hawks,113,123,1,10,https://www.basketball-reference.com/leagues/NBA_2026_games-march.html,KXNBAGAME-26MAR28SACATL-ATL,KXNBAGAME-26MAR28SACATL,Atlanta Hawks,2026-03-29 02:30:00+00:00,2026-03-26 16:06:00+00:00,1.0,2039437.0,historical,2026-03-28,1109,available,0.865,0.86,0.87,0.87,0.010000000000000009,bid_ask_midpoint,2026-03-28T23:15:00+00:00,15.0,355829.0,909.0,https://api.elections.kalshi.com/trade-api/v2/historical/markets/KXNBAGAME-26MAR28SACATL-ATL/candlesticks?start_ts=1774653300&end_ts=1774739700&period_interval=1,1,True,2026-03-28_Sacramento_Kings_at_Atlanta_Hawks
2026-03-28,2026-03-29 00:00:00+00:00,Chicago Bulls,Memphis Grizzlies,124,125,1,1,https://www.basketball-reference.com/leagues/NBA_2026_games-march.html,KXNBAGAME-26MAR28CHIMEM-MEM,KXNBAGAME-26MAR28CHIMEM,Memphis Grizzlies,2026-03-29 03:00:00+00:00,2026-03-26 16:06:00+00:00,1.0,3489174.0,historical,2026-03-28,1110,available,0.355,0.35,0.36,0.36,0.010000000000000009,bid_ask_midpoint,2026-03-28T23:45:00+00:00,15.0,53570.0,789.0,https://api.elections.kalshi.com/trade-api/v2/historical/markets/KXNBAGAME-26MAR28CHIMEM-MEM/candlesticks?start_ts=1774655100&end_ts=1774741500&period_interval=1,1,True,2026-03-28_Chicago_Bulls_at_Memphis_Grizzlies
2026-03-29,2026-03-30 02:00:00+00:00,Golden State Warriors,Denver Nuggets,93,116,1,23,https://www.basketball-reference.com/leagues/NBA_2026_games-march.html,KXNBAGAME-26MAR29GSWDEN-DEN,KXNBAGAME-26MAR29GSWDEN,Denver Nuggets,2026-03-30 05:00:00+00:00,2026-03-27 16:07:00+00:00,1.0,8662610.0,historical,2026-03-30,1111,available,0.835,0.83,0.84,0.84,0.010000000000000009,bid_ask_midpoint,2026-03-30T01:45:00+00:00,15.0,561199.0,810.0,https://api.elections.kalshi.com/trade-api/v2/historical/markets/KXNBAGAME-26MAR29GSWDEN-DEN/candlesticks?start_ts=1774748700&end_ts=1774835100&period_interval=1,1,True,2026-03-29_Golden_State_Warriors_at_Denver_Nuggets
2026-03-29,2026-03-29 23:00:00+00:00,Houston Rockets,New Orleans Pelicans,134,102,0,-32,https://www.basketball-reference.com/leagues/NBA_2026_games-march.html,KXNBAGAME-26MAR29HOUNOP-NOP,KXNBAGAME-26MAR29HOUNOP,New Orleans Pelicans,2026-03-30 02:00:00+00:00,2026-03-27 13:06:00+00:00,0.0,1330388.0,historical,2026-03-29,1112,available,0.305,0.3,0.31,0.31,0.010000000000000009,bid_ask_midpoint,2026-03-29T22:45:00+00:00,15.0,17310.0,732.0,https://api.elections.kalshi.com/trade-api/v2/historical/markets/KXNBAGAME-26MAR29HOUNOP-NOP/candlesticks?start_ts=1774737900&end_ts=1774824300&period_interval=1,0,True,2026-03-29_Houston_Rockets_at_New_Orleans_Pelicans
2026-03-29,2026-03-29 23:30:00+00:00,New York Knicks,Oklahoma City Thunder,100,111,1,11,https://www.basketball-reference.com/leagues/NBA_2026_games-march.html,KXNBAGAME-26MAR29NYKOKC-OKC,KXNBAGAME-26MAR29NYKOKC,Oklahoma City Thunder,2026-03-30 02:30:00+00:00,2026-03-27 16:07:00+00:00,1.0,6144135.0,historical,2026-03-29,1113,available,0.755,0.75,0.76,0.76,0.010000000000000009,bid_ask_midpoint,2026-03-29T23:15:00+00:00,15.0,309494.0,1187.0,https://api.elections.kalshi.com/trade-api/v2/historical/markets/KXNBAGAME-26MAR29NYKOKC-OKC/candlesticks?start_ts=1774739700&end_ts=1774826100&period_interval=1,1,True,2026-03-29_New_York_Knicks_at_Oklahoma_City_Thunder
2026-03-29,2026-03-29 22:00:00+00:00,Orlando Magic,Toronto Raptors,87,139,1,52,https://www.basketball-reference.com/leagues/NBA_2026_games-march.html,KXNBAGAME-26MAR29ORLTOR-TOR,KXNBAGAME-26MAR29ORLTOR,Toronto Raptors,2026-03-30 01:00:00+00:00,2026-03-27 13:06:00+00:00,1.0,969373.0,historical,2026-03-29,1114,available,0.525,0.52,0.53,0.53,0.010000000000000009,bid_ask_midpoint,2026-03-29T21:45:00+00:00,15.0,214309.0,1115.0,https://api.elections.kalshi.com/trade-api/v2/historical/markets/KXNBAGAME-26MAR29ORLTOR-TOR/candlesticks?start_ts=1774734300&end_ts=1774820700&period_interval=1,1,True,2026-03-29_Orlando_Magic_at_Toronto_Raptors
2026-03-29,2026-03-29 21:00:00+00:00,Miami Heat,Indiana Pacers,118,135,1,17,https://www.basketball-reference.com/leagues/NBA_2026_games-march.html,KXNBAGAME-26MAR29MIAIND-IND,KXNBAGAME-26MAR29MIAIND,Indiana Pacers,2026-03-30 00:00:00+00:00,2026-03-27 13:06:00+00:00,1.0,2503003.0,historical,2026-03-29,1115,missing,,,,,,,,,,,,1,True,2026-03-29_Miami_Heat_at_Indiana_Pacers
2026-03-29,2026-03-29 22:00:00+00:00,Boston Celtics,Charlotte Hornets,114,99,0,-15,https://www.basketball-reference.com/leagues/NBA_2026_games-march.html,KXNBAGAME-26MAR29BOSCHA-CHA,KXNBAGAME-26MAR29BOSCHA,Charlotte Hornets,2026-03-30 01:00:00+00:00,2026-03-27 13:06:00+00:00,0.0,3262053.0,historical,2026-03-29,1116,missing,,,,,,,,,,,,0,True,2026-03-29_Boston_Celtics_at_Charlotte_Hornets
2026-03-29,2026-03-29 22:00:00+00:00,Sacramento Kings,Brooklyn Nets,99,116,1,17,https://www.basketball-reference.com/leagues/NBA_2026_games-march.html,KXNBAGAME-26MAR29SACBKN-BKN,KXNBAGAME-26MAR29SACBKN,Brooklyn Nets,2026-03-30 01:00:00+00:00,2026-03-27 13:06:00+00:00,1.0,936056.0,historical,2026-03-29,1117,available,0.54,0.53,0.55,0.55,0.020000000000000018,bid_ask_midpoint,2026-03-29T21:45:00+00:00,15.0,93227.0,1005.0,https://api.elections.kalshi.com/trade-api/v2/historical/markets/KXNBAGAME-26MAR29SACBKN-BKN/candlesticks?start_ts=1774734300&end_ts=1774820700&period_interval=1,1,True,2026-03-29_Sacramento_Kings_at_Brooklyn_Nets
2026-03-29,2026-03-29 22:00:00+00:00,Washington Wizards,Portland Trail Blazers,88,123,1,35,https://www.basketball-reference.com/leagues/NBA_2026_games-march.html,KXNBAGAME-26MAR29WASPOR-POR,KXNBAGAME-26MAR29WASPOR,Portland Trail Blazers,2026-03-30 01:00:00+00:00,2026-03-27 13:06:00+00:00,1.0,523335.0,historical,2026-03-29,1119,available,0.925,0.92,0.93,0.93,0.010000000000000009,bid_ask_midpoint,2026-03-29T21:45:00+00:00,15.0,136066.0,768.0,https://api.elections.kalshi.com/trade-api/v2/historical/markets/KXNBAGAME-26MAR29WASPOR-POR/candlesticks?start_ts=1774734300&end_ts=1774820700&period_interval=1,1,True,2026-03-29_Washington_Wizards_at_Portland_Trail_Blazers
2026-03-30,2026-03-30 23:00:00+00:00,Philadelphia 76ers,Miami Heat,109,119,1,10,https://www.basketball-reference.com/leagues/NBA_2026_games-march.html,KXNBAGAME-26MAR30PHIMIA-MIA,KXNBAGAME-26MAR30PHIMIA,Miami Heat,2026-03-31 02:00:00+00:00,2026-03-28 13:06:00+00:00,1.0,4590552.0,historical,2026-03-30,1120,available,0.445,0.44,0.45,0.44,0.010000000000000009,bid_ask_midpoint,2026-03-30T22:45:00+00:00,15.0,243611.0,1127.0,https://api.elections.kalshi.com/trade-api/v2/historical/markets/KXNBAGAME-26MAR30PHIMIA-MIA/candlesticks?start_ts=1774824300&end_ts=1774910700&period_interval=1,1,True,2026-03-30_Philadelphia_76ers_at_Miami_Heat
2026-03-30,2026-03-30 23:30:00+00:00,Boston Celtics,Atlanta Hawks,102,112,1,10,https://www.basketball-reference.com/leagues/NBA_2026_games-march.html,KXNBAGAME-26MAR30BOSATL-ATL,KXNBAGAME-26MAR30BOSATL,Atlanta Hawks,2026-03-31 02:30:00+00:00,2026-03-28 16:06:00+00:00,1.0,2625352.0,historical,2026-03-30,1121,available,0.565,0.56,0.57,0.57,0.009999999999999898,bid_ask_midpoint,2026-03-30T23:15:00+00:00,15.0,574116.0,1318.0,https://api.elections.kalshi.com/trade-api/v2/historical/markets/KXNBAGAME-26MAR30BOSATL-ATL/candlesticks?start_ts=1774826100&end_ts=1774912500&period_interval=1,1,True,2026-03-30_Boston_Celtics_at_Atlanta_Hawks
2026-03-30,2026-03-31 00:00:00+00:00,Phoenix Suns,Memphis Grizzlies,131,105,0,-26,https://www.basketball-reference.com/leagues/NBA_2026_games-march.html,KXNBAGAME-26MAR30PHXMEM-MEM,KXNBAGAME-26MAR30PHXMEM,Memphis Grizzlies,2026-03-31 03:00:00+00:00,2026-03-28 16:06:00+00:00,0.0,1617117.0,historical,2026-03-30,1122,available,0.135,0.13,0.14,0.14,0.010000000000000009,bid_ask_midpoint,2026-03-30T23:45:00+00:00,15.0,110759.0,1124.0,https://api.elections.kalshi.com/trade-api/v2/historical/markets/KXNBAGAME-26MAR30PHXMEM-MEM/candlesticks?start_ts=1774827900&end_ts=1774914300&period_interval=1,0,True,2026-03-30_Phoenix_Suns_at_Memphis_Grizzlies
2026-03-30,2026-03-31 00:00:00+00:00,Chicago Bulls,San Antonio Spurs,114,129,1,15,https://www.basketball-reference.com/leagues/NBA_2026_games-march.html,KXNBAGAME-26MAR30CHISAS-SAS,KXNBAGAME-26MAR30CHISAS,San Antonio Spurs,2026-03-31 03:00:00+00:00,2026-03-28 16:06:00+00:00,1.0,1349883.0,historical,2026-03-30,1123,available,0.945,0.94,0.95,0.95,0.010000000000000009,bid_ask_midpoint,2026-03-30T23:45:00+00:00,15.0,563169.0,1109.0,https://api.elections.kalshi.com/trade-api/v2/historical/markets/KXNBAGAME-26MAR30CHISAS-SAS/candlesticks?start_ts=1774827900&end_ts=1774914300&period_interval=1,1,True,2026-03-30_Chicago_Bulls_at_San_Antonio_Spurs
2026-03-30,2026-03-31 00:30:00+00:00,Minnesota Timberwolves,Dallas Mavericks,124,94,0,-30,https://www.basketball-reference.com/leagues/NBA_2026_games-march.html,KXNBAGAME-26MAR30MINDAL-DAL,KXNBAGAME-26MAR30MINDAL,Dallas Mavericks,2026-03-31 03:30:00+00:00,2026-03-28 16:06:00+00:00,0.0,706286.0,historical,2026-03-30,1124,available,0.245,0.24,0.25,0.25,0.010000000000000009,bid_ask_midpoint,2026-03-31T00:15:00+00:00,15.0,85039.0,1037.0,https://api.elections.kalshi.com/trade-api/v2/historical/markets/KXNBAGAME-26MAR30MINDAL-DAL/candlesticks?start_ts=1774829700&end_ts=1774916100&period_interval=1,0,True,2026-03-30_Minnesota_Timberwolves_at_Dallas_Mavericks
2026-03-30,2026-03-31 01:00:00+00:00,Cleveland Cavaliers,Utah Jazz,122,113,0,-9,https://www.basketball-reference.com/leagues/NBA_2026_games-march.html,KXNBAGAME-26MAR30CLEUTA-UTA,KXNBAGAME-26MAR30CLEUTA,Utah Jazz,2026-03-31 04:00:00+00:00,2026-03-28 16:06:00+00:00,0.0,3220032.0,historical,2026-03-31,1125,available,0.07500000000000001,0.07,0.08,0.08,0.009999999999999995,bid_ask_midpoint,2026-03-31T00:45:00+00:00,15.0,199593.0,1043.0,https://api.elections.kalshi.com/trade-api/v2/historical/markets/KXNBAGAME-26MAR30CLEUTA-UTA/candlesticks?start_ts=1774831500&end_ts=1774917900&period_interval=1,0,True,2026-03-30_Cleveland_Cavaliers_at_Utah_Jazz
2026-03-30,2026-03-31 01:30:00+00:00,Detroit Pistons,Oklahoma City Thunder,110,114,1,4,https://www.basketball-reference.com/leagues/NBA_2026_games-march.html,KXNBAGAME-26MAR30DETOKC-OKC,KXNBAGAME-26MAR30DETOKC,Oklahoma City Thunder,2026-03-31 04:30:00+00:00,2026-03-28 16:06:00+00:00,1.0,8605962.0,historical,2026-03-31,1126,available,0.845,0.84,0.85,0.85,0.010000000000000009,bid_ask_midpoint,2026-03-31T01:15:00+00:00,15.0,499291.0,1120.0,https://api.elections.kalshi.com/trade-api/v2/historical/markets/KXNBAGAME-26MAR30DETOKC-OKC/candlesticks?start_ts=1774833300&end_ts=1774919700&period_interval=1,1,True,2026-03-30_Detroit_Pistons_at_Oklahoma_City_Thunder
2026-03-31,2026-04-01 00:00:00+00:00,Dallas Mavericks,Milwaukee Bucks,99,123,1,24,https://www.basketball-reference.com/leagues/NBA_2026_games-march.html,KXNBAGAME-26MAR31DALMIL-MIL,KXNBAGAME-26MAR31DALMIL,Milwaukee Bucks,2026-04-01 03:00:00+00:00,2026-03-30 13:06:00+00:00,1.0,849139.0,historical,2026-03-31,1129,missing,,,,,,,,,,,,1,True,2026-03-31_Dallas_Mavericks_at_Milwaukee_Bucks
2026-03-31,2026-04-01 00:00:00+00:00,New York Knicks,Houston Rockets,94,111,1,17,https://www.basketball-reference.com/leagues/NBA_2026_games-march.html,KXNBAGAME-26MAR31NYKHOU-HOU,KXNBAGAME-26MAR31NYKHOU,Houston Rockets,2026-04-01 03:00:00+00:00,2026-03-29 16:07:00+00:00,1.0,2078090.0,historical,2026-03-31,1130,available,0.485,0.48,0.49,0.49,0.010000000000000009,bid_ask_midpoint,2026-03-31T23:45:00+00:00,15.0,386894.0,977.0,https://api.elections.kalshi.com/trade-api/v2/historical/markets/KXNBAGAME-26MAR31NYKHOU-HOU/candlesticks?start_ts=1774914300&end_ts=1775000700&period_interval=1,1,True,2026-03-31_New_York_Knicks_at_Houston_Rockets
2026-03-31,2026-03-31 23:30:00+00:00,Charlotte Hornets,Brooklyn Nets,117,86,0,-31,https://www.basketball-reference.com/leagues/NBA_2026_games-march.html,KXNBAGAME-26MAR31CHABKN-BKN,KXNBAGAME-26MAR31CHABKN,Brooklyn Nets,2026-04-01 02:30:00+00:00,2026-03-29 16:07:00+00:00,0.0,2251423.0,historical,2026-03-31,1132,available,0.065,0.06,0.07,0.07,0.010000000000000009,bid_ask_midpoint,2026-03-31T23:15:00+00:00,15.0,978797.0,1141.0,https://api.elections.kalshi.com/trade-api/v2/historical/markets/KXNBAGAME-26MAR31CHABKN-BKN/candlesticks?start_ts=1774912500&end_ts=1774998900&period_interval=1,0,True,2026-03-31_Charlotte_Hornets_at_Brooklyn_Nets
2026-03-31,2026-03-31 23:00:00+00:00,Phoenix Suns,Orlando Magic,111,115,1,4,https://www.basketball-reference.com/leagues/NBA_2026_games-march.html,KXNBAGAME-26MAR31PHXORL-ORL,KXNBAGAME-26MAR31PHXORL,Orlando Magic,2026-04-01 02:00:00+00:00,2026-03-29 13:06:00+00:00,1.0,3900721.0,historical,2026-03-31,1133,missing,,,,,,,,,,,,1,True,2026-03-31_Phoenix_Suns_at_Orlando_Magic
2026-03-31,2026-04-01 00:00:00+00:00,Toronto Raptors,Detroit Pistons,116,127,1,11,https://www.basketball-reference.com/leagues/NBA_2026_games-march.html,KXNBAGAME-26MAR31TORDET-DET,KXNBAGAME-26MAR31TORDET,Detroit Pistons,2026-04-01 03:00:00+00:00,2026-03-29 16:07:00+00:00,1.0,1595209.0,historical,2026-03-31,1134,missing,,,,,,,,,,,,1,True,2026-03-31_Toronto_Raptors_at_Detroit_Pistons
2026-04-01,2026-04-02 02:00:00+00:00,San Antonio Spurs,Golden State Warriors,127,113,0,-14,https://www.basketball-reference.com/leagues/NBA_2026_games-april.html,KXNBAGAME-26APR01SASGSW-GSW,KXNBAGAME-26APR01SASGSW,Golden State Warriors,2026-04-02 05:00:00+00:00,2026-03-30 16:06:00+00:00,0.0,3901424.0,historical,2026-04-02,1135,available,0.10500000000000001,0.1,0.11,0.11,0.009999999999999995,bid_ask_midpoint,2026-04-02T01:45:00+00:00,15.0,418368.0,1179.0,https://api.elections.kalshi.com/trade-api/v2/historical/markets/KXNBAGAME-26APR01SASGSW-GSW/candlesticks?start_ts=1775007900&end_ts=1775094300&period_interval=1,0,True,2026-04-01_San_Antonio_Spurs_at_Golden_State_Warriors
2026-04-01,2026-04-02 00:00:00+00:00,Sacramento Kings,Toronto Raptors,123,115,0,-8,https://www.basketball-reference.com/leagues/NBA_2026_games-april.html,KXNBAGAME-26APR01SACTOR-TOR,KXNBAGAME-26APR01SACTOR,Toronto Raptors,2026-04-02 03:00:00+00:00,2026-03-30 16:06:00+00:00,0.0,4649386.0,historical,2026-04-01,1136,available,0.86,0.85,0.87,0.87,0.020000000000000018,bid_ask_midpoint,2026-04-01T23:45:00+00:00,15.0,206735.0,768.0,https://api.elections.kalshi.com/trade-api/v2/historical/markets/KXNBAGAME-26APR01SACTOR-TOR/candlesticks?start_ts=1775000700&end_ts=1775087100&period_interval=1,0,True,2026-04-01_Sacramento_Kings_at_Toronto_Raptors
2026-04-01,2026-04-02 00:00:00+00:00,New York Knicks,Memphis Grizzlies,130,119,0,-11,https://www.basketball-reference.com/leagues/NBA_2026_games-april.html,KXNBAGAME-26APR01NYKMEM-MEM,KXNBAGAME-26APR01NYKMEM,Memphis Grizzlies,2026-04-02 03:00:00+00:00,2026-03-30 16:06:00+00:00,0.0,1082848.0,historical,2026-04-01,1137,available,0.125,0.12,0.13,0.13,0.010000000000000009,bid_ask_midpoint,2026-04-01T23:45:00+00:00,15.0,197955.0,933.0,https://api.elections.kalshi.com/trade-api/v2/historical/markets/KXNBAGAME-26APR01NYKMEM-MEM/candlesticks?start_ts=1775000700&end_ts=1775087100&period_interval=1,0,True,2026-04-01_New_York_Knicks_at_Memphis_Grizzlies
2026-04-01,2026-04-02 00:00:00+00:00,Milwaukee Bucks,Houston Rockets,113,119,1,6,https://www.basketball-reference.com/leagues/NBA_2026_games-april.html,KXNBAGAME-26APR01MILHOU-HOU,KXNBAGAME-26APR01MILHOU,Houston Rockets,2026-04-02 03:00:00+00:00,2026-03-30 16:06:00+00:00,1.0,1281370.0,historical,2026-04-01,1138,available,0.945,0.94,0.95,0.95,0.010000000000000009,bid_ask_midpoint,2026-04-01T23:45:00+00:00,15.0,167774.0,789.0,https://api.elections.kalshi.com/trade-api/v2/historical/markets/KXNBAGAME-26APR01MILHOU-HOU/candlesticks?start_ts=1775000700&end_ts=1775087100&period_interval=1,1,True,2026-04-01_Milwaukee_Bucks_at_Houston_Rockets
2026-04-01,2026-04-02 01:00:00+00:00,Denver Nuggets,Utah Jazz,130,117,0,-13,https://www.basketball-reference.com/leagues/NBA_2026_games-april.html,KXNBAGAME-26APR01DENUTA-UTA,KXNBAGAME-26APR01DENUTA,Utah Jazz,2026-04-02 04:00:00+00:00,2026-03-30 16:06:00+00:00,0.0,2816979.0,historical,2026-04-02,1139,available,0.07500000000000001,0.07,0.08,0.08,0.009999999999999995,bid_ask_midpoint,2026-04-02T00:45:00+00:00,15.0,210622.0,992.0,https://api.elections.kalshi.com/trade-api/v2/historical/markets/KXNBAGAME-26APR01DENUTA-UTA/candlesticks?start_ts=1775004300&end_ts=1775090700&period_interval=1,0,True,2026-04-01_Denver_Nuggets_at_Utah_Jazz
2026-04-01,2026-04-01 23:30:00+00:00,Boston Celtics,Miami Heat,147,129,0,-18,https://www.basketball-reference.com/leagues/NBA_2026_games-april.html,KXNBAGAME-26APR01BOSMIA-MIA,KXNBAGAME-26APR01BOSMIA,Miami Heat,2026-04-02 02:30:00+00:00,2026-03-30 16:06:00+00:00,0.0,3128284.0,historical,2026-04-01,1140,available,0.365,0.36,0.37,0.37,0.010000000000000009,bid_ask_midpoint,2026-04-01T23:15:00+00:00,15.0,1118792.0,980.0,https://api.elections.kalshi.com/trade-api/v2/historical/markets/KXNBAGAME-26APR01BOSMIA-MIA/candlesticks?start_ts=1774998900&end_ts=1775085300&period_interval=1,0,True,2026-04-01_Boston_Celtics_at_Miami_Heat
2026-04-01,2026-04-01 23:00:00+00:00,Philadelphia 76ers,Washington Wizards,153,131,0,-22,https://www.basketball-reference.com/leagues/NBA_2026_games-april.html,KXNBAGAME-26APR01PHIWAS-WAS,KXNBAGAME-26APR01PHIWAS,Washington Wizards,2026-04-02 02:00:00+00:00,2026-03-30 13:06:00+00:00,0.0,2307499.0,historical,2026-04-01,1141,available,0.095,0.09,0.1,0.1,0.010000000000000009,bid_ask_midpoint,2026-04-01T22:45:00+00:00,15.0,568100.0,1129.0,https://api.elections.kalshi.com/trade-api/v2/historical/markets/KXNBAGAME-26APR01PHIWAS-WAS/candlesticks?start_ts=1774997100&end_ts=1775083500&period_interval=1,0,True,2026-04-01_Philadelphia_76ers_at_Washington_Wizards
2026-04-01,2026-04-01 23:00:00+00:00,Atlanta Hawks,Orlando Magic,130,101,0,-29,https://www.basketball-reference.com/leagues/NBA_2026_games-april.html,KXNBAGAME-26APR01ATLORL-ORL,KXNBAGAME-26APR01ATLORL,Orlando Magic,2026-04-02 02:00:00+00:00,2026-03-30 13:06:00+00:00,0.0,2454734.0,historical,2026-04-01,1142,available,0.435,0.43,0.44,0.44,0.010000000000000009,bid_ask_midpoint,2026-04-01T22:45:00+00:00,15.0,332372.0,1009.0,https://api.elections.kalshi.com/trade-api/v2/historical/markets/KXNBAGAME-26APR01ATLORL-ORL/candlesticks?start_ts=1774997100&end_ts=1775083500&period_interval=1,0,True,2026-04-01_Atlanta_Hawks_at_Orlando_Magic
2026-04-01,2026-04-02 00:00:00+00:00,Indiana Pacers,Chicago Bulls,145,126,0,-19,https://www.basketball-reference.com/leagues/NBA_2026_games-april.html,KXNBAGAME-26APR01INDCHI-CHI,KXNBAGAME-26APR01INDCHI,Chicago Bulls,2026-04-02 03:00:00+00:00,2026-03-30 16:06:00+00:00,0.0,2337748.0,historical,2026-04-01,1143,missing,,,,,,,,,,,,0,True,2026-04-01_Indiana_Pacers_at_Chicago_Bulls
2026-04-02,2026-04-02 23:00:00+00:00,Phoenix Suns,Charlotte Hornets,107,127,1,20,https://www.basketball-reference.com/leagues/NBA_2026_games-april.html,KXNBAGAME-26APR02PHXCHA-CHA,KXNBAGAME-26APR02PHXCHA,Charlotte Hornets,2026-04-03 02:00:00+00:00,2026-03-31 13:06:00+00:00,1.0,2721999.0,historical,2026-04-02,1144,missing,,,,,,,,,,,,1,True,2026-04-02_Phoenix_Suns_at_Charlotte_Hornets
2026-04-02,2026-04-02 23:00:00+00:00,Minnesota Timberwolves,Detroit Pistons,108,113,1,5,https://www.basketball-reference.com/leagues/NBA_2026_games-april.html,KXNBAGAME-26APR02MINDET-DET,KXNBAGAME-26APR02MINDET,Detroit Pistons,2026-04-03 02:00:00+00:00,2026-03-31 13:06:00+00:00,1.0,6749508.0,historical,2026-04-02,1145,available,0.665,0.66,0.67,0.67,0.010000000000000009,bid_ask_midpoint,2026-04-02T22:45:00+00:00,15.0,943904.0,1140.0,https://api.elections.kalshi.com/trade-api/v2/historical/markets/KXNBAGAME-26APR02MINDET-DET/candlesticks?start_ts=1775083500&end_ts=1775169900&period_interval=1,1,True,2026-04-02_Minnesota_Timberwolves_at_Detroit_Pistons
2026-04-02,2026-04-03 02:00:00+00:00,Cleveland Cavaliers,Golden State Warriors,118,111,0,-7,https://www.basketball-reference.com/leagues/NBA_2026_games-april.html,KXNBAGAME-26APR02CLEGSW-GSW,KXNBAGAME-26APR02CLEGSW,Golden State Warriors,2026-04-03 05:00:00+00:00,2026-04-01 04:06:00+00:00,0.0,4377532.0,historical,2026-04-03,1147,available,0.195,0.19,0.2,0.2,0.010000000000000009,bid_ask_midpoint,2026-04-03T01:45:00+00:00,15.0,223930.0,927.0,https://api.elections.kalshi.com/trade-api/v2/historical/markets/KXNBAGAME-26APR02CLEGSW-GSW/candlesticks?start_ts=1775094300&end_ts=1775180700&period_interval=1,0,True,2026-04-02_Cleveland_Cavaliers_at_Golden_State_Warriors
2026-04-02,2026-04-03 02:00:00+00:00,New Orleans Pelicans,Portland Trail Blazers,106,118,1,12,https://www.basketball-reference.com/leagues/NBA_2026_games-april.html,KXNBAGAME-26APR02NOPPOR-POR,KXNBAGAME-26APR02NOPPOR,Portland Trail Blazers,2026-04-03 05:00:00+00:00,2026-04-01 04:06:00+00:00,1.0,3388258.0,historical,2026-04-03,1148,available,0.685,0.68,0.69,0.68,0.009999999999999898,bid_ask_midpoint,2026-04-03T01:45:00+00:00,15.0,173738.0,922.0,https://api.elections.kalshi.com/trade-api/v2/historical/markets/KXNBAGAME-26APR02NOPPOR-POR/candlesticks?start_ts=1775094300&end_ts=1775180700&period_interval=1,1,True,2026-04-02_New_Orleans_Pelicans_at_Portland_Trail_Blazers
2026-04-03,2026-04-04 00:00:00+00:00,Toronto Raptors,Memphis Grizzlies,128,96,0,-32,https://www.basketball-reference.com/leagues/NBA_2026_games-april.html,KXNBAGAME-26APR03TORMEM-MEM,KXNBAGAME-26APR03TORMEM,Memphis Grizzlies,2026-04-04 03:00:00+00:00,2026-04-02 04:06:00+00:00,0.0,873467.0,historical,2026-04-03,1150,available,0.10500000000000001,0.1,0.11,0.11,0.009999999999999995,bid_ask_midpoint,2026-04-03T23:45:00+00:00,15.0,135081.0,768.0,https://api.elections.kalshi.com/trade-api/v2/historical/markets/KXNBAGAME-26APR03TORMEM-MEM/candlesticks?start_ts=1775173500&end_ts=1775259900&period_interval=1,0,True,2026-04-03_Toronto_Raptors_at_Memphis_Grizzlies
2026-04-03,2026-04-04 02:00:00+00:00,New Orleans Pelicans,Sacramento Kings,113,117,1,4,https://www.basketball-reference.com/leagues/NBA_2026_games-april.html,KXNBAGAME-26APR03NOPSAC-SAC,KXNBAGAME-26APR03NOPSAC,Sacramento Kings,2026-04-04 05:00:00+00:00,2026-04-02 04:06:00+00:00,1.0,6929301.0,historical,2026-04-04,1151,available,0.325,0.32,0.33,0.33,0.010000000000000009,bid_ask_midpoint,2026-04-04T01:45:00+00:00,15.0,192353.0,893.0,https://api.elections.kalshi.com/trade-api/v2/historical/markets/KXNBAGAME-26APR03NOPSAC-SAC/candlesticks?start_ts=1775180700&end_ts=1775267100&period_interval=1,1,True,2026-04-03_New_Orleans_Pelicans_at_Sacramento_Kings
2026-04-03,2026-04-04 00:00:00+00:00,Boston Celtics,Milwaukee Bucks,133,101,0,-32,https://www.basketball-reference.com/leagues/NBA_2026_games-april.html,KXNBAGAME-26APR03BOSMIL-MIL,KXNBAGAME-26APR03BOSMIL,Milwaukee Bucks,2026-04-04 03:00:00+00:00,2026-04-02 04:06:00+00:00,0.0,732307.0,historical,2026-04-03,1152,available,0.065,0.06,0.07,0.07,0.010000000000000009,bid_ask_midpoint,2026-04-03T23:45:00+00:00,15.0,210215.0,1100.0,https://api.elections.kalshi.com/trade-api/v2/historical/markets/KXNBAGAME-26APR03BOSMIL-MIL/candlesticks?start_ts=1775173500&end_ts=1775259900&period_interval=1,0,True,2026-04-03_Boston_Celtics_at_Milwaukee_Bucks
2026-04-03,2026-04-04 00:00:00+00:00,Utah Jazz,Houston Rockets,106,140,1,34,https://www.basketball-reference.com/leagues/NBA_2026_games-april.html,KXNBAGAME-26APR03UTAHOU-HOU,KXNBAGAME-26APR03UTAHOU,Houston Rockets,2026-04-04 03:00:00+00:00,2026-04-02 04:06:00+00:00,1.0,521861.0,historical,2026-04-03,1153,available,0.935,0.93,0.94,0.94,0.009999999999999898,bid_ask_midpoint,2026-04-03T23:45:00+00:00,15.0,155063.0,744.0,https://api.elections.kalshi.com/trade-api/v2/historical/markets/KXNBAGAME-26APR03UTAHOU-HOU/candlesticks?start_ts=1775173500&end_ts=1775259900&period_interval=1,1,True,2026-04-03_Utah_Jazz_at_Houston_Rockets
2026-04-03,2026-04-04 00:30:00+00:00,Orlando Magic,Dallas Mavericks,138,127,0,-11,https://www.basketball-reference.com/leagues/NBA_2026_games-april.html,KXNBAGAME-26APR03ORLDAL-DAL,KXNBAGAME-26APR03ORLDAL,Dallas Mavericks,2026-04-04 03:30:00+00:00,2026-04-02 04:06:00+00:00,0.0,1990088.0,historical,2026-04-03,1154,available,0.295,0.29,0.3,0.3,0.010000000000000009,bid_ask_midpoint,2026-04-04T00:15:00+00:00,15.0,38253.0,694.0,https://api.elections.kalshi.com/trade-api/v2/historical/markets/KXNBAGAME-26APR03ORLDAL-DAL/candlesticks?start_ts=1775175300&end_ts=1775261700&period_interval=1,0,True,2026-04-03_Orlando_Magic_at_Dallas_Mavericks
2026-04-03,2026-04-03 23:30:00+00:00,Atlanta Hawks,Brooklyn Nets,141,107,0,-34,https://www.basketball-reference.com/leagues/NBA_2026_games-april.html,KXNBAGAME-26APR03ATLBKN-BKN,KXNBAGAME-26APR03ATLBKN,Brooklyn Nets,2026-04-04 02:30:00+00:00,2026-04-01 16:07:00+00:00,0.0,1231520.0,historical,2026-04-03,1155,available,0.07500000000000001,0.07,0.08,0.08,0.009999999999999995,bid_ask_midpoint,2026-04-03T23:15:00+00:00,15.0,196820.0,1123.0,https://api.elections.kalshi.com/trade-api/v2/historical/markets/KXNBAGAME-26APR03ATLBKN-BKN/candlesticks?start_ts=1775171700&end_ts=1775258100&period_interval=1,0,True,2026-04-03_Atlanta_Hawks_at_Brooklyn_Nets
2026-04-03,2026-04-03 23:00:00+00:00,Minnesota Timberwolves,Philadelphia 76ers,103,115,1,12,https://www.basketball-reference.com/leagues/NBA_2026_games-april.html,KXNBAGAME-26APR03MINPHI-PHI,KXNBAGAME-26APR03MINPHI,Philadelphia 76ers,2026-04-04 02:00:00+00:00,2026-04-01 13:06:00+00:00,1.0,5507014.0,historical,2026-04-03,1156,available,0.605,0.6,0.61,0.61,0.010000000000000009,bid_ask_midpoint,2026-04-03T22:45:00+00:00,15.0,703589.0,1132.0,https://api.elections.kalshi.com/trade-api/v2/historical/markets/KXNBAGAME-26APR03MINPHI-PHI/candlesticks?start_ts=1775169900&end_ts=1775256300&period_interval=1,1,True,2026-04-03_Minnesota_Timberwolves_at_Philadelphia_76ers
2026-04-03,2026-04-03 23:00:00+00:00,Indiana Pacers,Charlotte Hornets,108,129,1,21,https://www.basketball-reference.com/leagues/NBA_2026_games-april.html,KXNBAGAME-26APR03INDCHA-CHA,KXNBAGAME-26APR03INDCHA,Charlotte Hornets,2026-04-04 02:00:00+00:00,2026-04-01 13:06:00+00:00,1.0,978318.0,historical,2026-04-03,1157,missing,,,,,,,,,,,,1,True,2026-04-03_Indiana_Pacers_at_Charlotte_Hornets
2026-04-03,2026-04-03 23:30:00+00:00,Chicago Bulls,New York Knicks,96,136,1,40,https://www.basketball-reference.com/leagues/NBA_2026_games-april.html,KXNBAGAME-26APR03CHINYK-NYK,KXNBAGAME-26APR03CHINYK,New York Knicks,2026-04-04 02:30:00+00:00,2026-04-01 16:07:00+00:00,1.0,490499.0,historical,2026-04-03,1158,available,0.895,0.89,0.9,,0.010000000000000009,bid_ask_midpoint,2026-04-03T23:15:00+00:00,15.0,167615.0,815.0,https://api.elections.kalshi.com/trade-api/v2/historical/markets/KXNBAGAME-26APR03CHINYK-NYK/candlesticks?start_ts=1775171700&end_ts=1775258100&period_interval=1,1,True,2026-04-03_Chicago_Bulls_at_New_York_Knicks
2026-04-04,2026-04-04 19:00:00+00:00,San Antonio Spurs,Denver Nuggets,134,136,1,2,https://www.basketball-reference.com/leagues/NBA_2026_games-april.html,KXNBAGAME-26APR04SASDEN-DEN,KXNBAGAME-26APR04SASDEN,Denver Nuggets,2026-04-04 22:00:00+00:00,2026-04-02 10:06:00+00:00,1.0,7937806.0,historical,2026-04-04,1159,available,0.455,0.45,0.46,0.46,0.010000000000000009,bid_ask_midpoint,2026-04-04T18:45:00+00:00,15.0,405283.0,1067.0,https://api.elections.kalshi.com/trade-api/v2/historical/markets/KXNBAGAME-26APR04SASDEN-DEN/candlesticks?start_ts=1775241900&end_ts=1775328300&period_interval=1,1,True,2026-04-04_San_Antonio_Spurs_at_Denver_Nuggets
2026-04-04,2026-04-04 19:00:00+00:00,Washington Wizards,Miami Heat,136,152,1,16,https://www.basketball-reference.com/leagues/NBA_2026_games-april.html,KXNBAGAME-26APR04WASMIA-MIA,KXNBAGAME-26APR04WASMIA,Miami Heat,2026-04-04 22:00:00+00:00,2026-04-02 10:06:00+00:00,1.0,936398.0,historical,2026-04-04,1160,available,0.945,0.94,0.95,,0.010000000000000009,bid_ask_midpoint,2026-04-04T18:45:00+00:00,15.0,521259.0,999.0,https://api.elections.kalshi.com/trade-api/v2/historical/markets/KXNBAGAME-26APR04WASMIA-MIA/candlesticks?start_ts=1775241900&end_ts=1775328300&period_interval=1,1,True,2026-04-04_Washington_Wizards_at_Miami_Heat
2026-04-04,2026-04-04 23:00:00+00:00,Detroit Pistons,Philadelphia 76ers,116,93,0,-23,https://www.basketball-reference.com/leagues/NBA_2026_games-april.html,KXNBAGAME-26APR04DETPHI-PHI,KXNBAGAME-26APR04DETPHI,Philadelphia 76ers,2026-04-05 02:00:00+00:00,2026-04-02 13:06:00+00:00,0.0,3147995.0,historical,2026-04-04,1161,missing,,,,,,,,,,,,0,True,2026-04-04_Detroit_Pistons_at_Philadelphia_76ers
2026-04-05,2026-04-06 02:00:00+00:00,Houston Rockets,Golden State Warriors,117,116,0,-1,https://www.basketball-reference.com/leagues/NBA_2026_games-april.html,KXNBAGAME-26APR05HOUGSW-GSW,KXNBAGAME-26APR05HOUGSW,Golden State Warriors,2026-04-06 05:00:00+00:00,2026-04-04 04:06:00+00:00,0.0,9175623.0,historical,2026-04-06,1162,available,0.395,0.39,0.4,0.4,0.010000000000000009,bid_ask_midpoint,2026-04-06T01:45:00+00:00,15.0,505412.0,917.0,https://api.elections.kalshi.com/trade-api/v2/historical/markets/KXNBAGAME-26APR05HOUGSW-GSW/candlesticks?start_ts=1775353500&end_ts=1775439900&period_interval=1,0,True,2026-04-05_Houston_Rockets_at_Golden_State_Warriors
2026-04-05,2026-04-05 23:00:00+00:00,Utah Jazz,Oklahoma City Thunder,111,146,1,35,https://www.basketball-reference.com/leagues/NBA_2026_games-april.html,KXNBAGAME-26APR05UTAOKC-OKC,KXNBAGAME-26APR05UTAOKC,Oklahoma City Thunder,2026-04-06 02:00:00+00:00,2026-04-03 13:06:00+00:00,1.0,821265.0,historical,2026-04-05,1165,available,0.985,0.98,0.99,0.99,0.010000000000000009,bid_ask_midpoint,2026-04-05T22:45:00+00:00,15.0,518983.0,824.0,https://api.elections.kalshi.com/trade-api/v2/historical/markets/KXNBAGAME-26APR05UTAOKC-OKC/candlesticks?start_ts=1775342700&end_ts=1775429100&period_interval=1,1,True,2026-04-05_Utah_Jazz_at_Oklahoma_City_Thunder
2026-04-05,2026-04-05 23:00:00+00:00,Orlando Magic,New Orleans Pelicans,112,108,0,-4,https://www.basketball-reference.com/leagues/NBA_2026_games-april.html,KXNBAGAME-26APR05ORLNOP-NOP,KXNBAGAME-26APR05ORLNOP,New Orleans Pelicans,2026-04-06 02:00:00+00:00,2026-04-03 13:06:00+00:00,0.0,2644097.0,historical,2026-04-05,1166,available,0.325,0.32,0.33,0.32,0.010000000000000009,bid_ask_midpoint,2026-04-05T22:45:00+00:00,15.0,62942.0,772.0,https://api.elections.kalshi.com/trade-api/v2/historical/markets/KXNBAGAME-26APR05ORLNOP-NOP/candlesticks?start_ts=1775342700&end_ts=1775429100&period_interval=1,0,True,2026-04-05_Orlando_Magic_at_New_Orleans_Pelicans
2026-04-05,2026-04-05 19:30:00+00:00,Phoenix Suns,Chicago Bulls,120,110,0,-10,https://www.basketball-reference.com/leagues/NBA_2026_games-april.html,KXNBAGAME-26APR05PHXCHI-CHI,KXNBAGAME-26APR05PHXCHI,Chicago Bulls,2026-04-05 22:30:00+00:00,2026-04-03 10:06:00+00:00,0.0,1746911.0,historical,2026-04-05,1167,available,0.175,0.17,0.18,0.18,0.009999999999999981,bid_ask_midpoint,2026-04-05T19:15:00+00:00,15.0,140531.0,936.0,https://api.elections.kalshi.com/trade-api/v2/historical/markets/KXNBAGAME-26APR05PHXCHI-CHI/candlesticks?start_ts=1775330100&end_ts=1775416500&period_interval=1,0,True,2026-04-05_Phoenix_Suns_at_Chicago_Bulls
2026-04-05,2026-04-05 22:00:00+00:00,Indiana Pacers,Cleveland Cavaliers,108,117,1,9,https://www.basketball-reference.com/leagues/NBA_2026_games-april.html,KXNBAGAME-26APR05INDCLE-CLE,KXNBAGAME-26APR05INDCLE,Cleveland Cavaliers,2026-04-06 01:00:00+00:00,2026-04-03 13:06:00+00:00,1.0,3104156.0,historical,2026-04-05,1168,available,0.925,0.92,0.93,,0.010000000000000009,bid_ask_midpoint,2026-04-05T21:45:00+00:00,15.0,172816.0,844.0,https://api.elections.kalshi.com/trade-api/v2/historical/markets/KXNBAGAME-26APR05INDCLE-CLE/candlesticks?start_ts=1775339100&end_ts=1775425500&period_interval=1,1,True,2026-04-05_Indiana_Pacers_at_Cleveland_Cavaliers
2026-04-05,2026-04-05 19:30:00+00:00,Memphis Grizzlies,Milwaukee Bucks,115,131,1,16,https://www.basketball-reference.com/leagues/NBA_2026_games-april.html,KXNBAGAME-26APR05MEMMIL-MIL,KXNBAGAME-26APR05MEMMIL,Milwaukee Bucks,2026-04-05 22:30:00+00:00,2026-04-03 10:06:00+00:00,1.0,1070511.0,historical,2026-04-05,1169,available,0.715,0.71,0.72,0.72,0.010000000000000009,bid_ask_midpoint,2026-04-05T19:15:00+00:00,15.0,226776.0,754.0,https://api.elections.kalshi.com/trade-api/v2/historical/markets/KXNBAGAME-26APR05MEMMIL-MIL/candlesticks?start_ts=1775330100&end_ts=1775416500&period_interval=1,1,True,2026-04-05_Memphis_Grizzlies_at_Milwaukee_Bucks
2026-04-05,2026-04-05 19:30:00+00:00,Washington Wizards,Brooklyn Nets,115,121,1,6,https://www.basketball-reference.com/leagues/NBA_2026_games-april.html,KXNBAGAME-26APR05WASBKN-BKN,KXNBAGAME-26APR05WASBKN,Brooklyn Nets,2026-04-05 22:30:00+00:00,2026-04-03 10:06:00+00:00,1.0,2129205.0,historical,2026-04-05,1170,missing,,,,,,,,,,,,1,True,2026-04-05_Washington_Wizards_at_Brooklyn_Nets
2026-04-05,2026-04-05 19:30:00+00:00,Toronto Raptors,Boston Celtics,101,115,1,14,https://www.basketball-reference.com/leagues/NBA_2026_games-april.html,KXNBAGAME-26APR05TORBOS-BOS,KXNBAGAME-26APR05TORBOS,Boston Celtics,2026-04-05 22:30:00+00:00,2026-04-03 10:06:00+00:00,1.0,3491209.0,historical,2026-04-05,1171,missing,,,,,,,,,,,,1,True,2026-04-05_Toronto_Raptors_at_Boston_Celtics
2026-04-05,2026-04-05 23:00:00+00:00,Charlotte Hornets,Minnesota Timberwolves,122,108,0,-14,https://www.basketball-reference.com/leagues/NBA_2026_games-april.html,KXNBAGAME-26APR05CHAMIN-MIN,KXNBAGAME-26APR05CHAMIN,Minnesota Timberwolves,2026-04-06 02:00:00+00:00,2026-04-03 13:06:00+00:00,0.0,4194830.0,historical,2026-04-05,1172,available,0.375,0.37,0.38,0.38,0.010000000000000009,bid_ask_midpoint,2026-04-05T22:45:00+00:00,15.0,459779.0,1142.0,https://api.elections.kalshi.com/trade-api/v2/historical/markets/KXNBAGAME-26APR05CHAMIN-MIN/candlesticks?start_ts=1775342700&end_ts=1775429100&period_interval=1,0,True,2026-04-05_Charlotte_Hornets_at_Minnesota_Timberwolves
2026-04-06,2026-04-07 01:00:00+00:00,Portland Trail Blazers,Denver Nuggets,132,137,1,5,https://www.basketball-reference.com/leagues/NBA_2026_games-april.html,KXNBAGAME-26APR06PORDEN-DEN,KXNBAGAME-26APR06PORDEN,Denver Nuggets,2026-04-07 04:00:00+00:00,2026-04-05 04:06:00+00:00,1.0,12708970.0,historical,2026-04-07,1173,available,0.735,0.73,0.74,0.74,0.010000000000000009,bid_ask_midpoint,2026-04-07T00:45:00+00:00,15.0,431797.0,1128.0,https://api.elections.kalshi.com/trade-api/v2/historical/markets/KXNBAGAME-26APR06PORDEN-DEN/candlesticks?start_ts=1775436300&end_ts=1775522700&period_interval=1,1,True,2026-04-06_Portland_Trail_Blazers_at_Denver_Nuggets
2026-04-06,2026-04-07 00:00:00+00:00,Cleveland Cavaliers,Memphis Grizzlies,142,126,0,-16,https://www.basketball-reference.com/leagues/NBA_2026_games-april.html,KXNBAGAME-26APR06CLEMEM-MEM,KXNBAGAME-26APR06CLEMEM,Memphis Grizzlies,2026-04-07 03:00:00+00:00,2026-04-05 04:06:00+00:00,0.0,2525522.0,historical,2026-04-06,1174,available,0.11499999999999999,0.11,0.12,0.12,0.009999999999999995,bid_ask_midpoint,2026-04-06T23:45:00+00:00,15.0,409495.0,1051.0,https://api.elections.kalshi.com/trade-api/v2/historical/markets/KXNBAGAME-26APR06CLEMEM-MEM/candlesticks?start_ts=1775432700&end_ts=1775519100&period_interval=1,0,True,2026-04-06_Cleveland_Cavaliers_at_Memphis_Grizzlies
2026-04-06,2026-04-07 00:00:00+00:00,Philadelphia 76ers,San Antonio Spurs,102,115,1,13,https://www.basketball-reference.com/leagues/NBA_2026_games-april.html,KXNBAGAME-26APR06PHISAS-SAS,KXNBAGAME-26APR06PHISAS,San Antonio Spurs,2026-04-07 03:00:00+00:00,2026-04-05 04:06:00+00:00,1.0,4225525.0,historical,2026-04-06,1175,available,0.765,0.76,0.77,0.77,0.010000000000000009,bid_ask_midpoint,2026-04-06T23:45:00+00:00,15.0,738290.0,1229.0,https://api.elections.kalshi.com/trade-api/v2/historical/markets/KXNBAGAME-26APR06PHISAS-SAS/candlesticks?start_ts=1775432700&end_ts=1775519100&period_interval=1,1,True,2026-04-06_Philadelphia_76ers_at_San_Antonio_Spurs
2026-04-06,2026-04-06 23:00:00+00:00,New York Knicks,Atlanta Hawks,108,105,0,-3,https://www.basketball-reference.com/leagues/NBA_2026_games-april.html,KXNBAGAME-26APR06NYKATL-ATL,KXNBAGAME-26APR06NYKATL,Atlanta Hawks,2026-04-07 02:00:00+00:00,2026-04-04 13:06:00+00:00,0.0,3937249.0,historical,2026-04-06,1176,missing,,,,,,,,,,,,0,True,2026-04-06_New_York_Knicks_at_Atlanta_Hawks
2026-04-06,2026-04-06 23:00:00+00:00,Detroit Pistons,Orlando Magic,107,123,1,16,https://www.basketball-reference.com/leagues/NBA_2026_games-april.html,KXNBAGAME-26APR06DETORL-ORL,KXNBAGAME-26APR06DETORL,Orlando Magic,2026-04-07 02:00:00+00:00,2026-04-04 13:06:00+00:00,1.0,3862807.0,historical,2026-04-06,1177,available,0.475,0.47,0.48,0.48,0.010000000000000009,bid_ask_midpoint,2026-04-06T22:45:00+00:00,15.0,1036969.0,1057.0,https://api.elections.kalshi.com/trade-api/v2/historical/markets/KXNBAGAME-26APR06DETORL-ORL/candlesticks?start_ts=1775429100&end_ts=1775515500&period_interval=1,1,True,2026-04-06_Detroit_Pistons_at_Orlando_Magic
2026-04-07,2026-04-08 03:00:00+00:00,Houston Rockets,Phoenix Suns,119,105,0,-14,https://www.basketball-reference.com/leagues/NBA_2026_games-april.html,KXNBAGAME-26APR07HOUPHX-PHX,KXNBAGAME-26APR07HOUPHX,Phoenix Suns,2026-04-08 06:00:00+00:00,2026-04-06 04:06:00+00:00,0.0,6775923.0,historical,2026-04-08,1178,available,0.475,0.47,0.48,0.48,0.010000000000000009,bid_ask_midpoint,2026-04-08T02:45:00+00:00,15.0,470795.0,1053.0,https://api.elections.kalshi.com/trade-api/v2/historical/markets/KXNBAGAME-26APR07HOUPHX-PHX/candlesticks?start_ts=1775529900&end_ts=1775616300&period_interval=1,0,True,2026-04-07_Houston_Rockets_at_Phoenix_Suns
2026-04-07,2026-04-08 02:00:00+00:00,Sacramento Kings,Golden State Warriors,105,110,1,5,https://www.basketball-reference.com/leagues/NBA_2026_games-april.html,KXNBAGAME-26APR07SACGSW-GSW,KXNBAGAME-26APR07SACGSW,Golden State Warriors,2026-04-08 05:00:00+00:00,2026-04-06 04:06:00+00:00,1.0,2813485.0,historical,2026-04-08,1180,available,0.895,0.89,0.9,0.9,0.010000000000000009,bid_ask_midpoint,2026-04-08T01:45:00+00:00,15.0,89284.0,1092.0,https://api.elections.kalshi.com/trade-api/v2/historical/markets/KXNBAGAME-26APR07SACGSW-GSW/candlesticks?start_ts=1775526300&end_ts=1775612700&period_interval=1,1,True,2026-04-07_Sacramento_Kings_at_Golden_State_Warriors
2026-04-07,2026-04-08 00:00:00+00:00,Utah Jazz,New Orleans Pelicans,137,156,1,19,https://www.basketball-reference.com/leagues/NBA_2026_games-april.html,KXNBAGAME-26APR07UTANOP-NOP,KXNBAGAME-26APR07UTANOP,New Orleans Pelicans,2026-04-08 03:00:00+00:00,2026-04-06 04:06:00+00:00,1.0,1002149.0,historical,2026-04-07,1181,available,0.715,0.71,0.72,0.72,0.010000000000000009,bid_ask_midpoint,2026-04-07T23:45:00+00:00,15.0,53678.0,737.0,https://api.elections.kalshi.com/trade-api/v2/historical/markets/KXNBAGAME-26APR07UTANOP-NOP/candlesticks?start_ts=1775519100&end_ts=1775605500&period_interval=1,1,True,2026-04-07_Utah_Jazz_at_New_Orleans_Pelicans
2026-04-07,2026-04-07 23:30:00+00:00,Miami Heat,Toronto Raptors,95,121,1,26,https://www.basketball-reference.com/leagues/NBA_2026_games-april.html,KXNBAGAME-26APR07MIATOR-TOR,KXNBAGAME-26APR07MIATOR,Toronto Raptors,2026-04-08 02:30:00+00:00,2026-04-05 16:06:00+00:00,1.0,2193123.0,historical,2026-04-07,1183,available,0.555,0.55,0.56,0.56,0.010000000000000009,bid_ask_midpoint,2026-04-07T23:15:00+00:00,15.0,539153.0,1125.0,https://api.elections.kalshi.com/trade-api/v2/historical/markets/KXNBAGAME-26APR07MIATOR-TOR/candlesticks?start_ts=1775517300&end_ts=1775603700&period_interval=1,1,True,2026-04-07_Miami_Heat_at_Toronto_Raptors
2026-04-07,2026-04-07 23:30:00+00:00,Milwaukee Bucks,Brooklyn Nets,90,96,1,6,https://www.basketball-reference.com/leagues/NBA_2026_games-april.html,KXNBAGAME-26APR07MILBKN-BKN,KXNBAGAME-26APR07MILBKN,Brooklyn Nets,2026-04-08 02:30:00+00:00,2026-04-05 16:06:00+00:00,1.0,2338353.0,historical,2026-04-07,1184,available,0.455,0.45,0.46,0.46,0.010000000000000009,bid_ask_midpoint,2026-04-07T23:15:00+00:00,15.0,116927.0,861.0,https://api.elections.kalshi.com/trade-api/v2/historical/markets/KXNBAGAME-26APR07MILBKN-BKN/candlesticks?start_ts=1775517300&end_ts=1775603700&period_interval=1,1,True,2026-04-07_Milwaukee_Bucks_at_Brooklyn_Nets
2026-04-07,2026-04-07 23:00:00+00:00,Chicago Bulls,Washington Wizards,129,98,0,-31,https://www.basketball-reference.com/leagues/NBA_2026_games-april.html,KXNBAGAME-26APR07CHIWAS-WAS,KXNBAGAME-26APR07CHIWAS,Washington Wizards,2026-04-08 02:00:00+00:00,2026-04-05 13:06:00+00:00,0.0,578324.0,historical,2026-04-07,1185,available,0.325,0.32,0.33,0.33,0.010000000000000009,bid_ask_midpoint,2026-04-07T22:45:00+00:00,15.0,43164.0,931.0,https://api.elections.kalshi.com/trade-api/v2/historical/markets/KXNBAGAME-26APR07CHIWAS-WAS/candlesticks?start_ts=1775515500&end_ts=1775601900&period_interval=1,0,True,2026-04-07_Chicago_Bulls_at_Washington_Wizards
2026-04-07,2026-04-07 23:00:00+00:00,Minnesota Timberwolves,Indiana Pacers,124,104,0,-20,https://www.basketball-reference.com/leagues/NBA_2026_games-april.html,KXNBAGAME-26APR07MININD-IND,KXNBAGAME-26APR07MININD,Indiana Pacers,2026-04-08 02:00:00+00:00,2026-04-05 13:06:00+00:00,0.0,1339141.0,historical,2026-04-07,1186,available,0.135,0.13,0.14,0.14,0.010000000000000009,bid_ask_midpoint,2026-04-07T22:45:00+00:00,15.0,175685.0,1065.0,https://api.elections.kalshi.com/trade-api/v2/historical/markets/KXNBAGAME-26APR07MININD-IND/candlesticks?start_ts=1775515500&end_ts=1775601900&period_interval=1,0,True,2026-04-07_Minnesota_Timberwolves_at_Indiana_Pacers
2026-04-07,2026-04-08 00:00:00+00:00,Charlotte Hornets,Boston Celtics,102,113,1,11,https://www.basketball-reference.com/leagues/NBA_2026_games-april.html,KXNBAGAME-26APR07CHABOS-BOS,KXNBAGAME-26APR07CHABOS,Boston Celtics,2026-04-08 03:00:00+00:00,2026-04-06 04:06:00+00:00,1.0,8670333.0,historical,2026-04-07,1187,available,0.635,0.63,0.64,0.64,0.010000000000000009,bid_ask_midpoint,2026-04-07T23:45:00+00:00,15.0,898895.0,1232.0,https://api.elections.kalshi.com/trade-api/v2/historical/markets/KXNBAGAME-26APR07CHABOS-BOS/candlesticks?start_ts=1775519100&end_ts=1775605500&period_interval=1,1,True,2026-04-07_Charlotte_Hornets_at_Boston_Celtics
2026-04-08,2026-04-08 23:00:00+00:00,Atlanta Hawks,Cleveland Cavaliers,116,122,1,6,https://www.basketball-reference.com/leagues/NBA_2026_games-april.html,KXNBAGAME-26APR08ATLCLE-CLE,KXNBAGAME-26APR08ATLCLE,Cleveland Cavaliers,2026-04-09 02:00:00+00:00,2026-04-06 13:06:00+00:00,1.0,8651923.0,historical,2026-04-08,1188,missing,,,,,,,,,,,,1,True,2026-04-08_Atlanta_Hawks_at_Cleveland_Cavaliers
2026-04-08,2026-04-08 23:00:00+00:00,Milwaukee Bucks,Detroit Pistons,111,137,1,26,https://www.basketball-reference.com/leagues/NBA_2026_games-april.html,KXNBAGAME-26APR08MILDET-DET,KXNBAGAME-26APR08MILDET,Detroit Pistons,2026-04-09 02:00:00+00:00,2026-04-06 13:06:00+00:00,1.0,1384151.0,historical,2026-04-08,1189,available,0.955,0.95,0.96,0.95,0.010000000000000009,bid_ask_midpoint,2026-04-08T22:45:00+00:00,15.0,314438.0,998.0,https://api.elections.kalshi.com/trade-api/v2/historical/markets/KXNBAGAME-26APR08MILDET-DET/candlesticks?start_ts=1775601900&end_ts=1775688300&period_interval=1,1,True,2026-04-08_Milwaukee_Bucks_at_Detroit_Pistons
2026-04-08,2026-04-08 23:00:00+00:00,Minnesota Timberwolves,Orlando Magic,120,132,1,12,https://www.basketball-reference.com/leagues/NBA_2026_games-april.html,KXNBAGAME-26APR08MINORL-ORL,KXNBAGAME-26APR08MINORL,Orlando Magic,2026-04-09 02:00:00+00:00,2026-04-06 13:06:00+00:00,1.0,2342977.0,historical,2026-04-08,1190,available,0.815,0.81,0.82,0.82,0.009999999999999898,bid_ask_midpoint,2026-04-08T22:45:00+00:00,15.0,640221.0,1040.0,https://api.elections.kalshi.com/trade-api/v2/historical/markets/KXNBAGAME-26APR08MINORL-ORL/candlesticks?start_ts=1775601900&end_ts=1775688300&period_interval=1,1,True,2026-04-08_Minnesota_Timberwolves_at_Orlando_Magic
2026-04-08,2026-04-09 01:00:00+00:00,Memphis Grizzlies,Denver Nuggets,119,136,1,17,https://www.basketball-reference.com/leagues/NBA_2026_games-april.html,KXNBAGAME-26APR08MEMDEN-DEN,KXNBAGAME-26APR08MEMDEN,Denver Nuggets,2026-04-09 04:00:00+00:00,2026-04-07 04:06:00+00:00,1.0,2461932.0,historical,2026-04-09,1191,available,0.975,0.97,0.98,0.97,0.010000000000000009,bid_ask_midpoint,2026-04-09T00:44:00+00:00,16.0,89679.0,897.0,https://api.elections.kalshi.com/trade-api/v2/historical/markets/KXNBAGAME-26APR08MEMDEN-DEN/candlesticks?start_ts=1775609100&end_ts=1775695500&period_interval=1,1,True,2026-04-08_Memphis_Grizzlies_at_Denver_Nuggets
2026-04-08,2026-04-09 01:30:00+00:00,Portland Trail Blazers,San Antonio Spurs,101,112,1,11,https://www.basketball-reference.com/leagues/NBA_2026_games-april.html,KXNBAGAME-26APR08PORSAS-SAS,KXNBAGAME-26APR08PORSAS,San Antonio Spurs,2026-04-09 04:30:00+00:00,2026-04-07 04:06:00+00:00,1.0,11222216.0,historical,2026-04-09,1192,missing,,,,,,,,,,,,1,True,2026-04-08_Portland_Trail_Blazers_at_San_Antonio_Spurs
2026-04-08,2026-04-09 02:00:00+00:00,Dallas Mavericks,Phoenix Suns,107,112,1,5,https://www.basketball-reference.com/leagues/NBA_2026_games-april.html,KXNBAGAME-26APR08DALPHX-PHX,KXNBAGAME-26APR08DALPHX,Phoenix Suns,2026-04-09 05:00:00+00:00,2026-04-07 04:06:00+00:00,1.0,3051104.0,historical,2026-04-09,1194,available,0.855,0.85,0.86,0.86,0.010000000000000009,bid_ask_midpoint,2026-04-09T01:45:00+00:00,15.0,136533.0,923.0,https://api.elections.kalshi.com/trade-api/v2/historical/markets/KXNBAGAME-26APR08DALPHX-PHX/candlesticks?start_ts=1775612700&end_ts=1775699100&period_interval=1,1,True,2026-04-08_Dallas_Mavericks_at_Phoenix_Suns
2026-04-09,2026-04-10 00:00:00+00:00,Philadelphia 76ers,Houston Rockets,102,113,1,11,https://www.basketball-reference.com/leagues/NBA_2026_games-april.html,KXNBAGAME-26APR09PHIHOU-HOU,KXNBAGAME-26APR09PHIHOU,Houston Rockets,2026-04-10 03:00:00+00:00,2026-04-08 04:06:00+00:00,1.0,3144309.0,historical,2026-04-09,1196,missing,,,,,,,,,,,,1,True,2026-04-09_Philadelphia_76ers_at_Houston_Rockets
2026-04-09,2026-04-09 23:30:00+00:00,Boston Celtics,New York Knicks,106,112,1,6,https://www.basketball-reference.com/leagues/NBA_2026_games-april.html,KXNBAGAME-26APR09BOSNYK-NYK,KXNBAGAME-26APR09BOSNYK,New York Knicks,2026-04-10 02:30:00+00:00,2026-04-07 16:06:00+00:00,1.0,8048205.0,historical,2026-04-09,1197,missing,,,,,,,,,,,,1,True,2026-04-09_Boston_Celtics_at_New_York_Knicks
2026-04-09,2026-04-09 23:00:00+00:00,Chicago Bulls,Washington Wizards,119,108,0,-11,https://www.basketball-reference.com/leagues/NBA_2026_games-april.html,KXNBAGAME-26APR09CHIWAS-WAS,KXNBAGAME-26APR09CHIWAS,Washington Wizards,2026-04-10 02:00:00+00:00,2026-04-07 13:06:00+00:00,0.0,1635476.0,historical,2026-04-09,1198,missing,,,,,,,,,,,,0,True,2026-04-09_Chicago_Bulls_at_Washington_Wizards
2026-04-09,2026-04-09 23:00:00+00:00,Miami Heat,Toronto Raptors,114,128,1,14,https://www.basketball-reference.com/leagues/NBA_2026_games-april.html,KXNBAGAME-26APR09MIATOR-TOR,KXNBAGAME-26APR09MIATOR,Toronto Raptors,2026-04-10 02:00:00+00:00,2026-04-07 13:06:00+00:00,1.0,4080944.0,historical,2026-04-09,1199,missing,,,,,,,,,,,,1,True,2026-04-09_Miami_Heat_at_Toronto_Raptors
2026-04-09,2026-04-09 23:30:00+00:00,Indiana Pacers,Brooklyn Nets,123,94,0,-29,https://www.basketball-reference.com/leagues/NBA_2026_games-april.html,KXNBAGAME-26APR09INDBKN-BKN,KXNBAGAME-26APR09INDBKN,Brooklyn Nets,2026-04-10 02:30:00+00:00,2026-04-07 16:06:00+00:00,0.0,762249.0,historical,2026-04-09,1200,available,0.405,0.4,0.41,0.41,0.009999999999999953,bid_ask_midpoint,2026-04-09T23:15:00+00:00,15.0,126507.0,948.0,https://api.elections.kalshi.com/trade-api/v2/historical/markets/KXNBAGAME-26APR09INDBKN-BKN/candlesticks?start_ts=1775690100&end_ts=1775776500&period_interval=1,0,True,2026-04-09_Indiana_Pacers_at_Brooklyn_Nets
2026-04-10,2026-04-11 02:00:00+00:00,Golden State Warriors,Sacramento Kings,118,124,1,6,https://www.basketball-reference.com/leagues/NBA_2026_games-april.html,KXNBAGAME-26APR10GSWSAC-SAC,KXNBAGAME-26APR10GSWSAC,Sacramento Kings,2026-04-11 05:00:00+00:00,2026-04-09 04:06:00+00:00,1.0,6858095.0,historical,2026-04-11,1202,available,0.185,0.18,0.19,0.19,0.010000000000000009,bid_ask_midpoint,2026-04-11T01:45:00+00:00,15.0,107121.0,1032.0,https://api.elections.kalshi.com/trade-api/v2/historical/markets/KXNBAGAME-26APR10GSWSAC-SAC/candlesticks?start_ts=1775785500&end_ts=1775871900&period_interval=1,1,True,2026-04-10_Golden_State_Warriors_at_Sacramento_Kings
2026-04-10,2026-04-11 01:30:00+00:00,Memphis Grizzlies,Utah Jazz,101,147,1,46,https://www.basketball-reference.com/leagues/NBA_2026_games-april.html,KXNBAGAME-26APR10MEMUTA-UTA,KXNBAGAME-26APR10MEMUTA,Utah Jazz,2026-04-11 04:30:00+00:00,2026-04-09 04:06:00+00:00,1.0,1038074.0,historical,2026-04-11,1204,available,0.625,0.62,0.63,0.63,0.010000000000000009,bid_ask_midpoint,2026-04-11T01:15:00+00:00,15.0,64133.0,837.0,https://api.elections.kalshi.com/trade-api/v2/historical/markets/KXNBAGAME-26APR10MEMUTA-UTA/candlesticks?start_ts=1775783700&end_ts=1775870100&period_interval=1,1,True,2026-04-10_Memphis_Grizzlies_at_Utah_Jazz
2026-04-10,2026-04-11 01:30:00+00:00,Minnesota Timberwolves,Houston Rockets,136,132,0,-4,https://www.basketball-reference.com/leagues/NBA_2026_games-april.html,KXNBAGAME-26APR10MINHOU-HOU,KXNBAGAME-26APR10MINHOU,Houston Rockets,2026-04-11 04:30:00+00:00,2026-04-09 04:06:00+00:00,0.0,4928732.0,historical,2026-04-11,1205,available,0.805,0.8,0.81,0.81,0.010000000000000009,bid_ask_midpoint,2026-04-11T01:15:00+00:00,15.0,314444.0,1019.0,https://api.elections.kalshi.com/trade-api/v2/historical/markets/KXNBAGAME-26APR10MINHOU-HOU/candlesticks?start_ts=1775783700&end_ts=1775870100&period_interval=1,0,True,2026-04-10_Minnesota_Timberwolves_at_Houston_Rockets
2026-04-10,2026-04-11 00:00:00+00:00,Dallas Mavericks,San Antonio Spurs,120,139,1,19,https://www.basketball-reference.com/leagues/NBA_2026_games-april.html,KXNBAGAME-26APR10DALSAS-SAS,KXNBAGAME-26APR10DALSAS,San Antonio Spurs,2026-04-11 03:00:00+00:00,2026-04-09 04:06:00+00:00,1.0,1471311.0,historical,2026-04-10,1206,available,0.935,0.93,0.94,0.94,0.009999999999999898,bid_ask_midpoint,2026-04-10T23:45:00+00:00,15.0,75889.0,805.0,https://api.elections.kalshi.com/trade-api/v2/historical/markets/KXNBAGAME-26APR10DALSAS-SAS/candlesticks?start_ts=1775778300&end_ts=1775864700&period_interval=1,1,True,2026-04-10_Dallas_Mavericks_at_San_Antonio_Spurs
2026-04-10,2026-04-11 00:00:00+00:00,Brooklyn Nets,Milwaukee Bucks,108,125,1,17,https://www.basketball-reference.com/leagues/NBA_2026_games-april.html,KXNBAGAME-26APR10BKNMIL-MIL,KXNBAGAME-26APR10BKNMIL,Milwaukee Bucks,2026-04-11 03:00:00+00:00,2026-04-09 04:06:00+00:00,1.0,407182.0,historical,2026-04-10,1207,available,0.805,0.8,0.81,0.81,0.010000000000000009,bid_ask_midpoint,2026-04-10T23:45:00+00:00,15.0,70961.0,879.0,https://api.elections.kalshi.com/trade-api/v2/historical/markets/KXNBAGAME-26APR10BKNMIL-MIL/candlesticks?start_ts=1775778300&end_ts=1775864700&period_interval=1,1,True,2026-04-10_Brooklyn_Nets_at_Milwaukee_Bucks
2026-04-10,2026-04-11 01:00:00+00:00,Oklahoma City Thunder,Denver Nuggets,107,127,1,20,https://www.basketball-reference.com/leagues/NBA_2026_games-april.html,KXNBAGAME-26APR10OKCDEN-DEN,KXNBAGAME-26APR10OKCDEN,Denver Nuggets,2026-04-11 04:00:00+00:00,2026-04-09 04:06:00+00:00,1.0,5640541.0,historical,2026-04-11,1208,available,0.555,0.55,0.56,0.56,0.010000000000000009,bid_ask_midpoint,2026-04-11T00:45:00+00:00,15.0,705634.0,1158.0,https://api.elections.kalshi.com/trade-api/v2/historical/markets/KXNBAGAME-26APR10OKCDEN-DEN/candlesticks?start_ts=1775781900&end_ts=1775868300&period_interval=1,1,True,2026-04-10_Oklahoma_City_Thunder_at_Denver_Nuggets
2026-04-10,2026-04-10 23:30:00+00:00,Toronto Raptors,New York Knicks,95,112,1,17,https://www.basketball-reference.com/leagues/NBA_2026_games-april.html,KXNBAGAME-26APR10TORNYK-NYK,KXNBAGAME-26APR10TORNYK,New York Knicks,2026-04-11 02:30:00+00:00,2026-04-08 16:07:00+00:00,1.0,2334457.0,historical,2026-04-10,1209,available,0.705,0.7,0.71,0.71,0.010000000000000009,bid_ask_midpoint,2026-04-10T23:15:00+00:00,15.0,493062.0,1124.0,https://api.elections.kalshi.com/trade-api/v2/historical/markets/KXNBAGAME-26APR10TORNYK-NYK/candlesticks?start_ts=1775776500&end_ts=1775862900&period_interval=1,1,True,2026-04-10_Toronto_Raptors_at_New_York_Knicks
2026-04-10,2026-04-10 23:30:00+00:00,Philadelphia 76ers,Indiana Pacers,105,94,0,-11,https://www.basketball-reference.com/leagues/NBA_2026_games-april.html,KXNBAGAME-26APR10PHIIND-IND,KXNBAGAME-26APR10PHIIND,Indiana Pacers,2026-04-11 02:30:00+00:00,2026-04-08 16:07:00+00:00,0.0,1350546.0,historical,2026-04-10,1210,available,0.10500000000000001,0.1,0.11,0.11,0.009999999999999995,bid_ask_midpoint,2026-04-10T23:15:00+00:00,15.0,374141.0,1115.0,https://api.elections.kalshi.com/trade-api/v2/historical/markets/KXNBAGAME-26APR10PHIIND-IND/candlesticks?start_ts=1775776500&end_ts=1775862900&period_interval=1,0,True,2026-04-10_Philadelphia_76ers_at_Indiana_Pacers
2026-04-10,2026-04-10 23:30:00+00:00,New Orleans Pelicans,Boston Celtics,118,144,1,26,https://www.basketball-reference.com/leagues/NBA_2026_games-april.html,KXNBAGAME-26APR10NOPBOS-BOS,KXNBAGAME-26APR10NOPBOS,Boston Celtics,2026-04-11 02:30:00+00:00,2026-04-08 16:07:00+00:00,1.0,808622.0,historical,2026-04-10,1211,available,0.935,0.93,0.94,,0.009999999999999898,bid_ask_midpoint,2026-04-10T23:15:00+00:00,15.0,453933.0,937.0,https://api.elections.kalshi.com/trade-api/v2/historical/markets/KXNBAGAME-26APR10NOPBOS-BOS/candlesticks?start_ts=1775776500&end_ts=1775862900&period_interval=1,1,True,2026-04-10_New_Orleans_Pelicans_at_Boston_Celtics
2026-04-10,2026-04-10 23:00:00+00:00,Miami Heat,Washington Wizards,140,117,0,-23,https://www.basketball-reference.com/leagues/NBA_2026_games-april.html,KXNBAGAME-26APR10MIAWAS-WAS,KXNBAGAME-26APR10MIAWAS,Washington Wizards,2026-04-11 02:00:00+00:00,2026-04-08 13:06:00+00:00,0.0,1604249.0,historical,2026-04-10,1212,available,0.08499999999999999,0.08,0.09,0.09,0.009999999999999995,bid_ask_midpoint,2026-04-10T22:45:00+00:00,15.0,486271.0,1152.0,https://api.elections.kalshi.com/trade-api/v2/historical/markets/KXNBAGAME-26APR10MIAWAS-WAS/candlesticks?start_ts=1775774700&end_ts=1775861100&period_interval=1,0,True,2026-04-10_Miami_Heat_at_Washington_Wizards
2026-04-10,2026-04-10 23:00:00+00:00,Detroit Pistons,Charlotte Hornets,118,100,0,-18,https://www.basketball-reference.com/leagues/NBA_2026_games-april.html,KXNBAGAME-26APR10DETCHA-CHA,KXNBAGAME-26APR10DETCHA,Charlotte Hornets,2026-04-11 02:00:00+00:00,2026-04-08 13:06:00+00:00,0.0,5106413.0,historical,2026-04-10,1213,available,0.655,0.65,0.66,0.66,0.010000000000000009,bid_ask_midpoint,2026-04-10T22:45:00+00:00,15.0,624204.0,1210.0,https://api.elections.kalshi.com/trade-api/v2/historical/markets/KXNBAGAME-26APR10DETCHA-CHA/candlesticks?start_ts=1775774700&end_ts=1775861100&period_interval=1,0,True,2026-04-10_Detroit_Pistons_at_Charlotte_Hornets
2026-04-10,2026-04-10 23:00:00+00:00,Cleveland Cavaliers,Atlanta Hawks,102,124,1,22,https://www.basketball-reference.com/leagues/NBA_2026_games-april.html,KXNBAGAME-26APR10CLEATL-ATL,KXNBAGAME-26APR10CLEATL,Atlanta Hawks,2026-04-11 02:00:00+00:00,2026-04-08 13:06:00+00:00,1.0,2532198.0,historical,2026-04-10,1214,available,0.755,0.75,0.76,0.76,0.010000000000000009,bid_ask_midpoint,2026-04-10T22:45:00+00:00,15.0,743140.0,1122.0,https://api.elections.kalshi.com/trade-api/v2/historical/markets/KXNBAGAME-26APR10CLEATL-ATL/candlesticks?start_ts=1775774700&end_ts=1775861100&period_interval=1,1,True,2026-04-10_Cleveland_Cavaliers_at_Atlanta_Hawks
2026-04-10,2026-04-11 00:00:00+00:00,Orlando Magic,Chicago Bulls,127,103,0,-24,https://www.basketball-reference.com/leagues/NBA_2026_games-april.html,KXNBAGAME-26APR10ORLCHI-CHI,KXNBAGAME-26APR10ORLCHI,Chicago Bulls,2026-04-11 03:00:00+00:00,2026-04-09 04:06:00+00:00,0.0,715026.0,historical,2026-04-10,1215,available,0.095,0.09,0.1,0.1,0.010000000000000009,bid_ask_midpoint,2026-04-10T23:45:00+00:00,15.0,192615.0,914.0,https://api.elections.kalshi.com/trade-api/v2/historical/markets/KXNBAGAME-26APR10ORLCHI-CHI/candlesticks?start_ts=1775778300&end_ts=1775864700&period_interval=1,0,True,2026-04-10_Orlando_Magic_at_Chicago_Bulls
2026-04-12,2026-04-13 00:30:00+00:00,Sacramento Kings,Portland Trail Blazers,110,122,1,12,https://www.basketball-reference.com/leagues/NBA_2026_games-april.html,KXNBAGAME-26APR12SACPOR-POR,KXNBAGAME-26APR12SACPOR,Portland Trail Blazers,2026-04-13 03:30:00+00:00,2026-04-11 04:06:00+00:00,1.0,1244385.0,historical,2026-04-12,1217,available,0.945,0.94,0.95,,0.010000000000000009,bid_ask_midpoint,2026-04-13T00:14:00+00:00,16.0,142913.0,633.0,https://api.elections.kalshi.com/trade-api/v2/historical/markets/KXNBAGAME-26APR12SACPOR-POR/candlesticks?start_ts=1775952900&end_ts=1776039300&period_interval=1,1,True,2026-04-12_Sacramento_Kings_at_Portland_Trail_Blazers
2026-04-12,2026-04-13 00:30:00+00:00,Phoenix Suns,Oklahoma City Thunder,135,103,0,-32,https://www.basketball-reference.com/leagues/NBA_2026_games-april.html,KXNBAGAME-26APR12PHXOKC-OKC,KXNBAGAME-26APR12PHXOKC,Oklahoma City Thunder,2026-04-13 03:30:00+00:00,2026-04-11 04:06:00+00:00,0.0,2771969.0,historical,2026-04-12,1218,available,0.725,0.72,0.73,0.73,0.010000000000000009,bid_ask_midpoint,2026-04-13T00:15:00+00:00,15.0,233071.0,1001.0,https://api.elections.kalshi.com/trade-api/v2/historical/markets/KXNBAGAME-26APR12PHXOKC-OKC/candlesticks?start_ts=1775952900&end_ts=1776039300&period_interval=1,0,True,2026-04-12_Phoenix_Suns_at_Oklahoma_City_Thunder
2026-04-12,2026-04-13 00:30:00+00:00,Denver Nuggets,San Antonio Spurs,128,118,0,-10,https://www.basketball-reference.com/leagues/NBA_2026_games-april.html,KXNBAGAME-26APR12DENSAS-SAS,KXNBAGAME-26APR12DENSAS,San Antonio Spurs,2026-04-13 03:30:00+00:00,2026-04-11 04:06:00+00:00,0.0,5822515.0,historical,2026-04-12,1219,available,0.785,0.78,0.79,0.79,0.010000000000000009,bid_ask_midpoint,2026-04-13T00:15:00+00:00,15.0,392943.0,908.0,https://api.elections.kalshi.com/trade-api/v2/historical/markets/KXNBAGAME-26APR12DENSAS-SAS/candlesticks?start_ts=1775952900&end_ts=1776039300&period_interval=1,0,True,2026-04-12_Denver_Nuggets_at_San_Antonio_Spurs
2026-04-12,2026-04-13 00:30:00+00:00,New Orleans Pelicans,Minnesota Timberwolves,126,132,1,6,https://www.basketball-reference.com/leagues/NBA_2026_games-april.html,KXNBAGAME-26APR12NOPMIN-MIN,KXNBAGAME-26APR12NOPMIN,Minnesota Timberwolves,2026-04-13 03:30:00+00:00,2026-04-11 04:06:00+00:00,1.0,2567107.0,historical,2026-04-12,1220,missing,,,,,,,,,,,,1,True,2026-04-12_New_Orleans_Pelicans_at_Minnesota_Timberwolves
2026-04-12,2026-04-13 00:30:00+00:00,Memphis Grizzlies,Houston Rockets,101,132,1,31,https://www.basketball-reference.com/leagues/NBA_2026_games-april.html,KXNBAGAME-26APR12MEMHOU-HOU,KXNBAGAME-26APR12MEMHOU,Houston Rockets,2026-04-13 03:30:00+00:00,2026-04-11 04:06:00+00:00,1.0,553453.0,historical,2026-04-12,1222,available,0.895,0.89,0.9,0.9,0.010000000000000009,bid_ask_midpoint,2026-04-13T00:15:00+00:00,15.0,60793.0,1127.0,https://api.elections.kalshi.com/trade-api/v2/historical/markets/KXNBAGAME-26APR12MEMHOU-HOU/candlesticks?start_ts=1775952900&end_ts=1776039300&period_interval=1,1,True,2026-04-12_Memphis_Grizzlies_at_Houston_Rockets
2026-04-12,2026-04-12 22:00:00+00:00,Detroit Pistons,Indiana Pacers,133,121,0,-12,https://www.basketball-reference.com/leagues/NBA_2026_games-april.html,KXNBAGAME-26APR12DETIND-IND,KXNBAGAME-26APR12DETIND,Indiana Pacers,2026-04-13 01:00:00+00:00,2026-04-10 13:06:00+00:00,0.0,647257.0,historical,2026-04-12,1223,available,0.095,0.09,0.1,,0.010000000000000009,bid_ask_midpoint,2026-04-12T21:45:00+00:00,15.0,69307.0,764.0,https://api.elections.kalshi.com/trade-api/v2/historical/markets/KXNBAGAME-26APR12DETIND-IND/candlesticks?start_ts=1775943900&end_ts=1776030300&period_interval=1,0,True,2026-04-12_Detroit_Pistons_at_Indiana_Pacers
2026-04-12,2026-04-12 22:00:00+00:00,Brooklyn Nets,Toronto Raptors,101,136,1,35,https://www.basketball-reference.com/leagues/NBA_2026_games-april.html,KXNBAGAME-26APR12BKNTOR-TOR,KXNBAGAME-26APR12BKNTOR,Toronto Raptors,2026-04-13 01:00:00+00:00,2026-04-10 13:06:00+00:00,1.0,629963.0,historical,2026-04-12,1224,missing,,,,,,,,,,,,1,True,2026-04-12_Brooklyn_Nets_at_Toronto_Raptors
2026-04-12,2026-04-12 22:00:00+00:00,Milwaukee Bucks,Philadelphia 76ers,106,126,1,20,https://www.basketball-reference.com/leagues/NBA_2026_games-april.html,KXNBAGAME-26APR12MILPHI-PHI,KXNBAGAME-26APR12MILPHI,Philadelphia 76ers,2026-04-13 01:00:00+00:00,2026-04-10 13:06:00+00:00,1.0,1169407.0,historical,2026-04-12,1225,missing,,,,,,,,,,,,1,True,2026-04-12_Milwaukee_Bucks_at_Philadelphia_76ers
2026-04-12,2026-04-12 22:00:00+00:00,Charlotte Hornets,New York Knicks,110,96,0,-14,https://www.basketball-reference.com/leagues/NBA_2026_games-april.html,KXNBAGAME-26APR12CHANYK-NYK,KXNBAGAME-26APR12CHANYK,New York Knicks,2026-04-13 01:00:00+00:00,2026-04-10 13:06:00+00:00,0.0,4444277.0,historical,2026-04-12,1226,missing,,,,,,,,,,,,0,True,2026-04-12_Charlotte_Hornets_at_New_York_Knicks
2026-04-12,2026-04-12 22:00:00+00:00,Atlanta Hawks,Miami Heat,117,143,1,26,https://www.basketball-reference.com/leagues/NBA_2026_games-april.html,KXNBAGAME-26APR12ATLMIA-MIA,KXNBAGAME-26APR12ATLMIA,Miami Heat,2026-04-13 01:00:00+00:00,2026-04-10 13:06:00+00:00,1.0,2608939.0,historical,2026-04-12,1227,available,0.785,0.78,0.79,0.79,0.010000000000000009,bid_ask_midpoint,2026-04-12T21:45:00+00:00,15.0,991285.0,1087.0,https://api.elections.kalshi.com/trade-api/v2/historical/markets/KXNBAGAME-26APR12ATLMIA-MIA/candlesticks?start_ts=1775943900&end_ts=1776030300&period_interval=1,1,True,2026-04-12_Atlanta_Hawks_at_Miami_Heat
2026-04-12,2026-04-12 22:00:00+00:00,Washington Wizards,Cleveland Cavaliers,117,130,1,13,https://www.basketball-reference.com/leagues/NBA_2026_games-april.html,KXNBAGAME-26APR12WASCLE-CLE,KXNBAGAME-26APR12WASCLE,Cleveland Cavaliers,2026-04-13 01:00:00+00:00,2026-04-10 13:06:00+00:00,1.0,2706854.0,historical,2026-04-12,1228,available,0.815,0.81,0.82,,0.009999999999999898,bid_ask_midpoint,2026-04-12T21:45:00+00:00,15.0,156113.0,870.0,https://api.elections.kalshi.com/trade-api/v2/historical/markets/KXNBAGAME-26APR12WASCLE-CLE/candlesticks?start_ts=1775943900&end_ts=1776030300&period_interval=1,1,True,2026-04-12_Washington_Wizards_at_Cleveland_Cavaliers
2026-04-12,2026-04-12 22:00:00+00:00,Orlando Magic,Boston Celtics,108,113,1,5,https://www.basketball-reference.com/leagues/NBA_2026_games-april.html,KXNBAGAME-26APR12ORLBOS-BOS,KXNBAGAME-26APR12ORLBOS,Boston Celtics,2026-04-13 01:00:00+00:00,2026-04-10 13:06:00+00:00,1.0,12450798.0,historical,2026-04-12,1229,available,0.14500000000000002,0.14,0.15,0.14,0.009999999999999981,bid_ask_midpoint,2026-04-12T21:45:00+00:00,15.0,1278511.0,1413.0,https://api.elections.kalshi.com/trade-api/v2/historical/markets/KXNBAGAME-26APR12ORLBOS-BOS/candlesticks?start_ts=1775943900&end_ts=1776030300&period_interval=1,1,True,2026-04-12_Orlando_Magic_at_Boston_Celtics
2026-04-12,2026-04-13 00:30:00+00:00,Chicago Bulls,Dallas Mavericks,128,149,1,21,https://www.basketball-reference.com/leagues/NBA_2026_games-april.html,KXNBAGAME-26APR12CHIDAL-DAL,KXNBAGAME-26APR12CHIDAL,Dallas Mavericks,2026-04-13 03:30:00+00:00,2026-04-11 04:06:00+00:00,1.0,1191750.0,historical,2026-04-12,1230,available,0.655,0.65,0.66,0.66,0.010000000000000009,bid_ask_midpoint,2026-04-13T00:15:00+00:00,15.0,170944.0,667.0,https://api.elections.kalshi.com/trade-api/v2/historical/markets/KXNBAGAME-26APR12CHIDAL-DAL/candlesticks?start_ts=1775952900&end_ts=1776039300&period_interval=1,1,True,2026-04-12_Chicago_Bulls_at_Dallas_Mavericks
2026-04-14,2026-04-14 23:30:00+00:00,Miami Heat,Charlotte Hornets,126,127,1,1,https://www.basketball-reference.com/leagues/NBA_2026_games-april.html,KXNBAGAME-26APR14MIACHA-CHA,KXNBAGAME-26APR14MIACHA,Charlotte Hornets,2026-04-15 02:30:00+00:00,2026-04-13 04:21:00+00:00,1.0,15287487.0,historical,2026-04-14,1231,available,0.695,0.69,0.7,0.7,0.010000000000000009,bid_ask_midpoint,2026-04-14T23:15:00+00:00,15.0,1343176.0,1429.0,https://api.elections.kalshi.com/trade-api/v2/historical/markets/KXNBAGAME-26APR14MIACHA-CHA/candlesticks?start_ts=1776122100&end_ts=1776208500&period_interval=1,1,True,2026-04-14_Miami_Heat_at_Charlotte_Hornets
2026-04-14,2026-04-15 02:00:00+00:00,Portland Trail Blazers,Phoenix Suns,114,110,0,-4,https://www.basketball-reference.com/leagues/NBA_2026_games-april.html,KXNBAGAME-26APR14PORPHX-PHX,KXNBAGAME-26APR14PORPHX,Phoenix Suns,2026-04-15 05:00:00+00:00,2026-04-13 04:21:00+00:00,0.0,18522836.0,historical,2026-04-15,1232,available,0.575,0.57,0.58,0.58,0.010000000000000009,bid_ask_midpoint,2026-04-15T01:45:00+00:00,15.0,1018634.0,1416.0,https://api.elections.kalshi.com/trade-api/v2/historical/markets/KXNBAGAME-26APR14PORPHX-PHX/candlesticks?start_ts=1776131100&end_ts=1776217500&period_interval=1,0,True,2026-04-14_Portland_Trail_Blazers_at_Phoenix_Suns
2026-04-15,2026-04-15 23:30:00+00:00,Orlando Magic,Philadelphia 76ers,97,109,1,12,https://www.basketball-reference.com/leagues/NBA_2026_games-april.html,KXNBAGAME-26APR15ORLPHI-PHI,KXNBAGAME-26APR15ORLPHI,Philadelphia 76ers,2026-04-16 02:30:00+00:00,2026-04-13 16:05:00+00:00,1.0,10030644.0,historical,2026-04-15,1233,available,0.515,0.51,0.52,0.51,0.010000000000000009,bid_ask_midpoint,2026-04-15T23:15:00+00:00,15.0,1828326.0,1200.0,https://api.elections.kalshi.com/trade-api/v2/historical/markets/KXNBAGAME-26APR15ORLPHI-PHI/candlesticks?start_ts=1776208500&end_ts=1776294900&period_interval=1,1,True,2026-04-15_Orlando_Magic_at_Philadelphia_76ers
2026-04-17,2026-04-17 23:30:00+00:00,Charlotte Hornets,Orlando Magic,90,121,1,31,https://www.basketball-reference.com/leagues/NBA_2026_games-april.html,KXNBAGAME-26APR17CHAORL-ORL,KXNBAGAME-26APR17CHAORL,Orlando Magic,2026-04-18 02:30:00+00:00,2026-04-16 04:06:00+00:00,1.0,9084346.19,historical,2026-04-17,1235,available,0.415,0.41,0.42,0.42,0.010000000000000009,bid_ask_midpoint,2026-04-17T23:15:00+00:00,15.0,927329.29,1230.0,https://api.elections.kalshi.com/trade-api/v2/historical/markets/KXNBAGAME-26APR17CHAORL-ORL/candlesticks?start_ts=1776381300&end_ts=1776467700&period_interval=1,1,True,2026-04-17_Charlotte_Hornets_at_Orlando_Magic
2026-04-17,2026-04-18 02:00:00+00:00,Golden State Warriors,Phoenix Suns,96,111,1,15,https://www.basketball-reference.com/leagues/NBA_2026_games-april.html,KXNBAGAME-26APR17GSWPHX-PHX,KXNBAGAME-26APR17GSWPHX,Phoenix Suns,2026-04-18 05:00:00+00:00,2026-04-16 07:10:00+00:00,1.0,9489000.55,historical,2026-04-18,1236,missing,,,,,,,,,,,,1,True,2026-04-17_Golden_State_Warriors_at_Phoenix_Suns
2026-04-18,2026-04-18 22:00:00+00:00,Atlanta Hawks,New York Knicks,102,113,1,11,https://www.basketball-reference.com/leagues/NBA_2026_games-april.html,KXNBAGAME-26APR18ATLNYK-NYK,KXNBAGAME-26APR18ATLNYK,New York Knicks,2026-04-19 01:00:00+00:00,2026-04-14 01:11:00+00:00,1.0,9778389.75,historical,2026-04-18,1238,available,0.685,0.68,0.69,0.69,0.009999999999999898,bid_ask_midpoint,2026-04-18T21:45:00+00:00,15.0,686845.67,1076.0,https://api.elections.kalshi.com/trade-api/v2/historical/markets/KXNBAGAME-26APR18ATLNYK-NYK/candlesticks?start_ts=1776462300&end_ts=1776548700&period_interval=1,1,True,2026-04-18_Atlanta_Hawks_at_New_York_Knicks
2026-04-18,2026-04-18 17:00:00+00:00,Toronto Raptors,Cleveland Cavaliers,113,126,1,13,https://www.basketball-reference.com/leagues/NBA_2026_games-april.html,KXNBAGAME-26APR18TORCLE-CLE,KXNBAGAME-26APR18TORCLE,Cleveland Cavaliers,2026-04-18 20:00:00+00:00,2026-04-14 01:11:00+00:00,1.0,4664302.22,historical,2026-04-18,1239,available,0.765,0.76,0.77,0.77,0.010000000000000009,bid_ask_midpoint,2026-04-18T16:45:00+00:00,15.0,1016153.31,1009.0,https://api.elections.kalshi.com/trade-api/v2/historical/markets/KXNBAGAME-26APR18TORCLE-CLE/candlesticks?start_ts=1776444300&end_ts=1776530700&period_interval=1,1,True,2026-04-18_Toronto_Raptors_at_Cleveland_Cavaliers
2026-04-18,2026-04-18 19:30:00+00:00,Minnesota Timberwolves,Denver Nuggets,105,116,1,11,https://www.basketball-reference.com/leagues/NBA_2026_games-april.html,KXNBAGAME-26APR18MINDEN-DEN,KXNBAGAME-26APR18MINDEN,Denver Nuggets,2026-04-18 22:30:00+00:00,2026-04-14 01:11:00+00:00,1.0,9978264.99,historical,2026-04-18,1240,available,0.725,0.72,0.73,0.73,0.010000000000000009,bid_ask_midpoint,2026-04-18T19:15:00+00:00,15.0,657325.27,1053.0,https://api.elections.kalshi.com/trade-api/v2/historical/markets/KXNBAGAME-26APR18MINDEN-DEN/candlesticks?start_ts=1776453300&end_ts=1776539700&period_interval=1,1,True,2026-04-18_Minnesota_Timberwolves_at_Denver_Nuggets
2026-04-19,2026-04-19 17:00:00+00:00,Philadelphia 76ers,Boston Celtics,91,123,1,32,https://www.basketball-reference.com/leagues/NBA_2026_games-april.html,KXNBAGAME-26APR19PHIBOS-BOS,KXNBAGAME-26APR19PHIBOS,Boston Celtics,2026-04-19 20:00:00+00:00,2026-04-16 22:32:00+00:00,1.0,5062185.09,historical,2026-04-19,1241,missing,,,,,,,,,,,,1,True,2026-04-19_Philadelphia_76ers_at_Boston_Celtics
2026-04-19,2026-04-19 19:30:00+00:00,Phoenix Suns,Oklahoma City Thunder,84,119,1,35,https://www.basketball-reference.com/leagues/NBA_2026_games-april.html,KXNBAGAME-26APR19PHXOKC-OKC,KXNBAGAME-26APR19PHXOKC,Oklahoma City Thunder,2026-04-19 22:30:00+00:00,2026-04-18 20:57:00+00:00,1.0,5031095.28,historical,2026-04-19,1242,missing,,,,,,,,,,,,1,True,2026-04-19_Phoenix_Suns_at_Oklahoma_City_Thunder
2026-04-19,2026-04-19 22:30:00+00:00,Orlando Magic,Detroit Pistons,112,101,0,-11,https://www.basketball-reference.com/leagues/NBA_2026_games-april.html,KXNBAGAME-26APR19ORLDET-DET,KXNBAGAME-26APR19ORLDET,Detroit Pistons,2026-04-20 01:30:00+00:00,2026-04-18 20:57:00+00:00,0.0,17013070.83,historical,2026-04-19,1243,available,0.785,0.78,0.79,0.79,0.010000000000000009,bid_ask_midpoint,2026-04-19T22:15:00+00:00,15.0,1830324.25,1130.0,https://api.elections.kalshi.com/trade-api/v2/historical/markets/KXNBAGAME-26APR19ORLDET-DET/candlesticks?start_ts=1776550500&end_ts=1776636900&period_interval=1,0,True,2026-04-19_Orlando_Magic_at_Detroit_Pistons
2026-04-19,2026-04-20 01:00:00+00:00,Portland Trail Blazers,San Antonio Spurs,98,111,1,13,https://www.basketball-reference.com/leagues/NBA_2026_games-april.html,KXNBAGAME-26APR19PORSAS-SAS,KXNBAGAME-26APR19PORSAS,San Antonio Spurs,2026-04-20 04:00:00+00:00,2026-04-15 21:38:00+00:00,1.0,11241170.5,historical,2026-04-20,1244,available,0.845,0.84,0.85,0.85,0.010000000000000009,bid_ask_midpoint,2026-04-20T00:45:00+00:00,15.0,2163112.68,1239.0,https://api.elections.kalshi.com/trade-api/v2/historical/markets/KXNBAGAME-26APR19PORSAS-SAS/candlesticks?start_ts=1776559500&end_ts=1776645900&period_interval=1,1,True,2026-04-19_Portland_Trail_Blazers_at_San_Antonio_Spurs
2026-04-20,2026-04-20 23:00:00+00:00,Toronto Raptors,Cleveland Cavaliers,105,115,1,10,https://www.basketball-reference.com/leagues/NBA_2026_games-april.html,KXNBAGAME-26APR20TORCLE-CLE,KXNBAGAME-26APR20TORCLE,Cleveland Cavaliers,2026-04-21 02:00:00+00:00,2026-04-15 07:06:00+00:00,1.0,6052237.18,historical,2026-04-20,1245,available,0.795,0.79,0.8,0.8,0.010000000000000009,bid_ask_midpoint,2026-04-20T22:45:00+00:00,15.0,1274438.07,1273.0,https://api.elections.kalshi.com/trade-api/v2/historical/markets/KXNBAGAME-26APR20TORCLE-CLE/candlesticks?start_ts=1776638700&end_ts=1776725100&period_interval=1,1,True,2026-04-20_Toronto_Raptors_at_Cleveland_Cavaliers
2026-04-20,2026-04-21 00:00:00+00:00,Atlanta Hawks,New York Knicks,107,106,0,-1,https://www.basketball-reference.com/leagues/NBA_2026_games-april.html,KXNBAGAME-26APR20ATLNYK-NYK,KXNBAGAME-26APR20ATLNYK,New York Knicks,2026-04-21 03:00:00+00:00,2026-04-15 07:06:00+00:00,0.0,14731235.34,historical,2026-04-20,1246,available,0.685,0.68,0.69,0.69,0.009999999999999898,bid_ask_midpoint,2026-04-20T23:45:00+00:00,15.0,1314954.83,1279.0,https://api.elections.kalshi.com/trade-api/v2/historical/markets/KXNBAGAME-26APR20ATLNYK-NYK/candlesticks?start_ts=1776642300&end_ts=1776728700&period_interval=1,0,True,2026-04-20_Atlanta_Hawks_at_New_York_Knicks
2026-04-20,2026-04-21 02:30:00+00:00,Minnesota Timberwolves,Denver Nuggets,119,114,0,-5,https://www.basketball-reference.com/leagues/NBA_2026_games-april.html,KXNBAGAME-26APR20MINDEN-DEN,KXNBAGAME-26APR20MINDEN,Denver Nuggets,2026-04-21 05:30:00+00:00,2026-04-15 07:06:00+00:00,0.0,15512434.6,historical,2026-04-21,1247,missing,,,,,,,,,,,,0,True,2026-04-20_Minnesota_Timberwolves_at_Denver_Nuggets
2026-04-21,2026-04-22 00:00:00+00:00,Portland Trail Blazers,San Antonio Spurs,106,103,0,-3,https://www.basketball-reference.com/leagues/NBA_2026_games-april.html,KXNBAGAME-26APR21PORSAS-SAS,KXNBAGAME-26APR21PORSAS,San Antonio Spurs,2026-04-22 03:00:00+00:00,2026-04-15 21:38:00+00:00,0.0,14381314.42,historical,2026-04-21,1248,available,0.835,0.83,0.84,0.84,0.010000000000000009,bid_ask_midpoint,2026-04-21T23:45:00+00:00,15.0,1218411.35,1301.0,https://api.elections.kalshi.com/trade-api/v2/historical/markets/KXNBAGAME-26APR21PORSAS-SAS/candlesticks?start_ts=1776728700&end_ts=1776815100&period_interval=1,0,True,2026-04-21_Portland_Trail_Blazers_at_San_Antonio_Spurs
2026-04-21,2026-04-21 23:00:00+00:00,Philadelphia 76ers,Boston Celtics,111,97,0,-14,https://www.basketball-reference.com/leagues/NBA_2026_games-april.html,KXNBAGAME-26APR21PHIBOS-BOS,KXNBAGAME-26APR21PHIBOS,Boston Celtics,2026-04-22 02:00:00+00:00,2026-04-16 22:32:00+00:00,0.0,13661655.62,historical,2026-04-21,1250,available,0.875,0.87,0.88,0.88,0.010000000000000009,bid_ask_midpoint,2026-04-21T22:45:00+00:00,15.0,1896211.94,1288.0,https://api.elections.kalshi.com/trade-api/v2/historical/markets/KXNBAGAME-26APR21PHIBOS-BOS/candlesticks?start_ts=1776725100&end_ts=1776811500&period_interval=1,0,True,2026-04-21_Philadelphia_76ers_at_Boston_Celtics
2026-04-22,2026-04-22 23:00:00+00:00,Orlando Magic,Detroit Pistons,83,98,1,15,https://www.basketball-reference.com/leagues/NBA_2026_games-april.html,KXNBAGAME-26APR22ORLDET-DET,KXNBAGAME-26APR22ORLDET,Detroit Pistons,2026-04-23 02:00:00+00:00,2026-04-18 20:57:00+00:00,1.0,5169195.24,historical,2026-04-22,1251,available,0.775,0.77,0.78,0.78,0.010000000000000009,bid_ask_midpoint,2026-04-22T22:45:00+00:00,15.0,1489549.81,1289.0,https://api.elections.kalshi.com/trade-api/v2/historical/markets/KXNBAGAME-26APR22ORLDET-DET/candlesticks?start_ts=1776811500&end_ts=1776897900&period_interval=1,1,True,2026-04-22_Orlando_Magic_at_Detroit_Pistons
2026-04-22,2026-04-23 01:30:00+00:00,Phoenix Suns,Oklahoma City Thunder,107,120,1,13,https://www.basketball-reference.com/leagues/NBA_2026_games-april.html,KXNBAGAME-26APR22PHXOKC-OKC,KXNBAGAME-26APR22PHXOKC,Oklahoma City Thunder,2026-04-23 04:30:00+00:00,2026-04-18 20:57:00+00:00,1.0,6201717.52,historical,2026-04-23,1252,available,0.915,0.91,0.92,0.92,0.010000000000000009,bid_ask_midpoint,2026-04-23T01:15:00+00:00,15.0,984096.03,1270.0,https://api.elections.kalshi.com/trade-api/v2/historical/markets/KXNBAGAME-26APR22PHXOKC-OKC/candlesticks?start_ts=1776820500&end_ts=1776906900&period_interval=1,1,True,2026-04-22_Phoenix_Suns_at_Oklahoma_City_Thunder
2026-04-23,2026-04-23 23:00:00+00:00,New York Knicks,Atlanta Hawks,108,109,1,1,https://www.basketball-reference.com/leagues/NBA_2026_games-april.html,KXNBAGAME-26APR23NYKATL-ATL,KXNBAGAME-26APR23NYKATL,Atlanta Hawks,2026-04-24 01:35:43.680000+00:00,2026-04-15 21:29:00+00:00,1.0,10931838.1,historical,2026-04-23,1253,missing,,,,,,,,,,,,1,True,2026-04-23_New_York_Knicks_at_Atlanta_Hawks
2026-04-23,2026-04-24 00:00:00+00:00,Cleveland Cavaliers,Toronto Raptors,104,126,1,22,https://www.basketball-reference.com/leagues/NBA_2026_games-april.html,KXNBAGAME-26APR23CLETOR-TOR,KXNBAGAME-26APR23CLETOR,Toronto Raptors,2026-04-24 02:23:29.696000+00:00,2026-04-15 21:29:00+00:00,1.0,6031301.36,historical,2026-04-23,1254,missing,,,,,,,,,,,,1,True,2026-04-23_Cleveland_Cavaliers_at_Toronto_Raptors
2026-04-23,2026-04-24 01:30:00+00:00,Denver Nuggets,Minnesota Timberwolves,96,113,1,17,https://www.basketball-reference.com/leagues/NBA_2026_games-april.html,KXNBAGAME-26APR23DENMIN-MIN,KXNBAGAME-26APR23DENMIN,Minnesota Timberwolves,2026-04-24 04:03:08.145000+00:00,2026-04-15 21:29:00+00:00,1.0,10508555.65,historical,2026-04-24,1255,available,0.525,0.52,0.53,0.53,0.010000000000000009,bid_ask_midpoint,2026-04-24T01:15:00+00:00,15.0,851414.08,1265.0,https://api.elections.kalshi.com/trade-api/v2/historical/markets/KXNBAGAME-26APR23DENMIN-MIN/candlesticks?start_ts=1776906900&end_ts=1776993300&period_interval=1,1,True,2026-04-23_Denver_Nuggets_at_Minnesota_Timberwolves
2026-04-24,2026-04-24 23:00:00+00:00,Boston Celtics,Philadelphia 76ers,108,100,0,-8,https://www.basketball-reference.com/leagues/NBA_2026_games-april.html,KXNBAGAME-26APR24BOSPHI-PHI,KXNBAGAME-26APR24BOSPHI,Philadelphia 76ers,2026-04-25 02:00:00+00:00,2026-04-16 22:32:00+00:00,0.0,14170525.78,historical,2026-04-24,1256,available,0.235,0.23,0.24,0.24,0.009999999999999981,bid_ask_midpoint,2026-04-24T22:45:00+00:00,15.0,1707686.59,1258.0,https://api.elections.kalshi.com/trade-api/v2/historical/markets/KXNBAGAME-26APR24BOSPHI-PHI/candlesticks?start_ts=1776984300&end_ts=1777070700&period_interval=1,0,True,2026-04-24_Boston_Celtics_at_Philadelphia_76ers
2026-04-24,2026-04-25 02:30:00+00:00,San Antonio Spurs,Portland Trail Blazers,120,108,0,-12,https://www.basketball-reference.com/leagues/NBA_2026_games-april.html,KXNBAGAME-26APR24SASPOR-POR,KXNBAGAME-26APR24SASPOR,Portland Trail Blazers,2026-04-25 05:10:27.121000+00:00,2026-04-15 21:38:00+00:00,0.0,15774619.0,historical,2026-04-25,1258,available,0.475,0.47,0.48,0.48,0.010000000000000009,bid_ask_midpoint,2026-04-25T02:15:00+00:00,15.0,1428244.23,1358.0,https://api.elections.kalshi.com/trade-api/v2/historical/markets/KXNBAGAME-26APR24SASPOR-POR/candlesticks?start_ts=1776996900&end_ts=1777083300&period_interval=1,0,True,2026-04-24_San_Antonio_Spurs_at_Portland_Trail_Blazers
2026-04-25,2026-04-26 00:30:00+00:00,Denver Nuggets,Minnesota Timberwolves,96,112,1,16,https://www.basketball-reference.com/leagues/NBA_2026_games-april.html,KXNBAGAME-26APR25DENMIN-MIN,KXNBAGAME-26APR25DENMIN,Minnesota Timberwolves,2026-04-26 03:13:59.307000+00:00,2026-04-15 21:29:00+00:00,1.0,24285462.85,historical,2026-04-25,1259,available,0.475,0.47,0.48,0.47,0.010000000000000009,bid_ask_midpoint,2026-04-26T00:15:00+00:00,15.0,2344070.05,1213.0,https://api.elections.kalshi.com/trade-api/v2/historical/markets/KXNBAGAME-26APR25DENMIN-MIN/candlesticks?start_ts=1777076100&end_ts=1777162500&period_interval=1,1,True,2026-04-25_Denver_Nuggets_at_Minnesota_Timberwolves
2026-04-25,2026-04-25 22:00:00+00:00,New York Knicks,Atlanta Hawks,114,98,0,-16,https://www.basketball-reference.com/leagues/NBA_2026_games-april.html,KXNBAGAME-26APR25NYKATL-ATL,KXNBAGAME-26APR25NYKATL,Atlanta Hawks,2026-04-26 00:40:45.956000+00:00,2026-04-15 21:29:00+00:00,0.0,11725486.03,historical,2026-04-25,1260,available,0.46499999999999997,0.46,0.47,0.47,0.009999999999999953,bid_ask_midpoint,2026-04-25T21:45:00+00:00,15.0,701203.92,1171.0,https://api.elections.kalshi.com/trade-api/v2/historical/markets/KXNBAGAME-26APR25NYKATL-ATL/candlesticks?start_ts=1777067100&end_ts=1777153500&period_interval=1,0,True,2026-04-25_New_York_Knicks_at_Atlanta_Hawks
2026-04-25,2026-04-25 17:00:00+00:00,Detroit Pistons,Orlando Magic,105,113,1,8,https://www.basketball-reference.com/leagues/NBA_2026_games-april.html,KXNBAGAME-26APR25DETORL-ORL,KXNBAGAME-26APR25DETORL,Orlando Magic,2026-04-25 20:00:00+00:00,2026-04-18 20:57:00+00:00,1.0,10717312.12,historical,2026-04-25,1261,available,0.46499999999999997,0.46,0.47,0.47,0.009999999999999953,bid_ask_midpoint,2026-04-25T16:45:00+00:00,15.0,720375.4400000001,1111.0,https://api.elections.kalshi.com/trade-api/v2/historical/markets/KXNBAGAME-26APR25DETORL-ORL/candlesticks?start_ts=1777049100&end_ts=1777135500&period_interval=1,1,True,2026-04-25_Detroit_Pistons_at_Orlando_Magic
2026-04-25,2026-04-25 19:30:00+00:00,Oklahoma City Thunder,Phoenix Suns,121,109,0,-12,https://www.basketball-reference.com/leagues/NBA_2026_games-april.html,KXNBAGAME-26APR25OKCPHX-PHX,KXNBAGAME-26APR25OKCPHX,Phoenix Suns,2026-04-25 22:30:00+00:00,2026-04-18 20:57:00+00:00,0.0,13604978.35,historical,2026-04-25,1262,missing,,,,,,,,,,,,0,True,2026-04-25_Oklahoma_City_Thunder_at_Phoenix_Suns
2026-04-26,2026-04-26 17:00:00+00:00,Cleveland Cavaliers,Toronto Raptors,89,93,1,4,https://www.basketball-reference.com/leagues/NBA_2026_games-april.html,KXNBAGAME-26APR26CLETOR-TOR,KXNBAGAME-26APR26CLETOR,Toronto Raptors,2026-04-26 19:41:54.356000+00:00,2026-04-15 21:29:00+00:00,1.0,14687453.38,historical,2026-04-26,1263,available,0.385,0.38,0.39,0.39,0.010000000000000009,bid_ask_midpoint,2026-04-26T16:45:00+00:00,15.0,1296272.89,1150.0,https://api.elections.kalshi.com/trade-api/v2/historical/markets/KXNBAGAME-26APR26CLETOR-TOR/candlesticks?start_ts=1777135500&end_ts=1777221900&period_interval=1,1,True,2026-04-26_Cleveland_Cavaliers_at_Toronto_Raptors
2026-04-26,2026-04-26 19:30:00+00:00,San Antonio Spurs,Portland Trail Blazers,114,93,0,-21,https://www.basketball-reference.com/leagues/NBA_2026_games-april.html,KXNBAGAME-26APR26SASPOR-POR,KXNBAGAME-26APR26SASPOR,Portland Trail Blazers,2026-04-26 22:12:25.106000+00:00,2026-04-15 21:38:00+00:00,0.0,14970947.13,historical,2026-04-26,1264,available,0.325,0.32,0.33,0.33,0.010000000000000009,bid_ask_midpoint,2026-04-26T19:15:00+00:00,15.0,666309.0599999999,1254.0,https://api.elections.kalshi.com/trade-api/v2/historical/markets/KXNBAGAME-26APR26SASPOR-POR/candlesticks?start_ts=1777144500&end_ts=1777230900&period_interval=1,0,True,2026-04-26_San_Antonio_Spurs_at_Portland_Trail_Blazers
2026-04-26,2026-04-26 23:00:00+00:00,Boston Celtics,Philadelphia 76ers,128,96,0,-32,https://www.basketball-reference.com/leagues/NBA_2026_games-april.html,KXNBAGAME-26APR26BOSPHI-PHI,KXNBAGAME-26APR26BOSPHI,Philadelphia 76ers,2026-04-27 02:00:00+00:00,2026-04-16 22:32:00+00:00,0.0,17945086.9,historical,2026-04-26,1265,available,0.335,0.33,0.34,0.34,0.010000000000000009,bid_ask_midpoint,2026-04-26T22:45:00+00:00,15.0,4378320.38,1250.0,https://api.elections.kalshi.com/trade-api/v2/historical/markets/KXNBAGAME-26APR26BOSPHI-PHI/candlesticks?start_ts=1777157100&end_ts=1777243500&period_interval=1,0,True,2026-04-26_Boston_Celtics_at_Philadelphia_76ers
2026-04-27,2026-04-28 00:00:00+00:00,Detroit Pistons,Orlando Magic,88,94,1,6,https://www.basketball-reference.com/leagues/NBA_2026_games-april.html,KXNBAGAME-26APR27DETORL-ORL,KXNBAGAME-26APR27DETORL,Orlando Magic,2026-04-28 03:00:00+00:00,2026-04-21 07:06:00+00:00,1.0,16645499.29,historical,2026-04-27,1267,available,0.395,0.39,0.4,0.4,0.010000000000000009,bid_ask_midpoint,2026-04-27T23:45:00+00:00,15.0,1820779.21,1279.0,https://api.elections.kalshi.com/trade-api/v2/historical/markets/KXNBAGAME-26APR27DETORL-ORL/candlesticks?start_ts=1777247100&end_ts=1777333500&period_interval=1,1,True,2026-04-27_Detroit_Pistons_at_Orlando_Magic
2026-04-27,2026-04-28 01:30:00+00:00,Oklahoma City Thunder,Phoenix Suns,131,122,0,-9,https://www.basketball-reference.com/leagues/NBA_2026_games-april.html,KXNBAGAME-26APR27OKCPHX-PHX,KXNBAGAME-26APR27OKCPHX,Phoenix Suns,2026-04-28 04:30:00+00:00,2026-04-21 07:06:00+00:00,0.0,11182108.89,historical,2026-04-28,1268,available,0.185,0.18,0.19,0.19,0.010000000000000009,bid_ask_midpoint,2026-04-28T01:15:00+00:00,15.0,1329419.62,1252.0,https://api.elections.kalshi.com/trade-api/v2/historical/markets/KXNBAGAME-26APR27OKCPHX-PHX/candlesticks?start_ts=1777252500&end_ts=1777338900&period_interval=1,0,True,2026-04-27_Oklahoma_City_Thunder_at_Phoenix_Suns
2026-04-27,2026-04-28 02:30:00+00:00,Minnesota Timberwolves,Denver Nuggets,113,125,1,12,https://www.basketball-reference.com/leagues/NBA_2026_games-april.html,KXNBAGAME-26APR27MINDEN-DEN,KXNBAGAME-26APR27MINDEN,Denver Nuggets,2026-04-28 05:30:00+00:00,2026-04-21 07:06:00+00:00,1.0,6543880.78,historical,2026-04-28,1269,available,0.805,0.8,0.81,0.81,0.010000000000000009,bid_ask_midpoint,2026-04-28T02:15:00+00:00,15.0,1086030.58,1194.0,https://api.elections.kalshi.com/trade-api/v2/historical/markets/KXNBAGAME-26APR27MINDEN-DEN/candlesticks?start_ts=1777256100&end_ts=1777342500&period_interval=1,1,True,2026-04-27_Minnesota_Timberwolves_at_Denver_Nuggets
2026-04-28,2026-04-28 23:00:00+00:00,Philadelphia 76ers,Boston Celtics,113,97,0,-16,https://www.basketball-reference.com/leagues/NBA_2026_games-april.html,KXNBAGAME-26APR28PHIBOS-BOS,KXNBAGAME-26APR28PHIBOS,Boston Celtics,2026-04-29 02:00:00+00:00,2026-04-25 23:48:00+00:00,0.0,11041054.74,historical,2026-04-28,1270,available,0.795,0.79,0.8,0.8,0.010000000000000009,bid_ask_midpoint,2026-04-28T22:45:00+00:00,15.0,1271328.1,1183.0,https://api.elections.kalshi.com/trade-api/v2/historical/markets/KXNBAGAME-26APR28PHIBOS-BOS/candlesticks?start_ts=1777329900&end_ts=1777416300&period_interval=1,0,True,2026-04-28_Philadelphia_76ers_at_Boston_Celtics
2026-04-28,2026-04-29 00:00:00+00:00,Atlanta Hawks,New York Knicks,97,126,1,29,https://www.basketball-reference.com/leagues/NBA_2026_games-april.html,KXNBAGAME-26APR28ATLNYK-NYK,KXNBAGAME-26APR28ATLNYK,New York Knicks,2026-04-29 03:00:00+00:00,2026-04-25 23:48:00+00:00,1.0,6696081.11,historical,2026-04-28,1271,available,0.695,0.69,0.7,0.7,0.010000000000000009,bid_ask_midpoint,2026-04-28T23:45:00+00:00,15.0,891954.48,1405.0,https://api.elections.kalshi.com/trade-api/v2/historical/markets/KXNBAGAME-26APR28ATLNYK-NYK/candlesticks?start_ts=1777333500&end_ts=1777419900&period_interval=1,1,True,2026-04-28_Atlanta_Hawks_at_New_York_Knicks
2026-04-28,2026-04-29 01:30:00+00:00,Portland Trail Blazers,San Antonio Spurs,95,114,1,19,https://www.basketball-reference.com/leagues/NBA_2026_games-april.html,KXNBAGAME-26APR28PORSAS-SAS,KXNBAGAME-26APR28PORSAS,San Antonio Spurs,2026-04-29 04:30:00+00:00,2026-04-25 23:48:00+00:00,1.0,9137418.53,historical,2026-04-29,1272,available,0.825,0.82,0.83,0.83,0.010000000000000009,bid_ask_midpoint,2026-04-29T01:15:00+00:00,15.0,1221991.62,1189.0,https://api.elections.kalshi.com/trade-api/v2/historical/markets/KXNBAGAME-26APR28PORSAS-SAS/candlesticks?start_ts=1777338900&end_ts=1777425300&period_interval=1,1,True,2026-04-28_Portland_Trail_Blazers_at_San_Antonio_Spurs
2026-04-29,2026-04-29 23:00:00+00:00,Orlando Magic,Detroit Pistons,109,116,1,7,https://www.basketball-reference.com/leagues/NBA_2026_games-april.html,KXNBAGAME-26APR29ORLDET-DET,KXNBAGAME-26APR29ORLDET,Detroit Pistons,2026-04-30 02:00:00+00:00,2026-04-27 05:16:00+00:00,1.0,6176388.36,historical,2026-04-29,1273,available,0.785,0.78,0.79,0.79,0.010000000000000009,bid_ask_midpoint,2026-04-29T22:45:00+00:00,15.0,981292.46,1154.0,https://api.elections.kalshi.com/trade-api/v2/historical/markets/KXNBAGAME-26APR29ORLDET-DET/candlesticks?start_ts=1777416300&end_ts=1777502700&period_interval=1,1,True,2026-04-29_Orlando_Magic_at_Detroit_Pistons
2026-04-29,2026-04-29 23:30:00+00:00,Toronto Raptors,Cleveland Cavaliers,120,125,1,5,https://www.basketball-reference.com/leagues/NBA_2026_games-april.html,KXNBAGAME-26APR29TORCLE-CLE,KXNBAGAME-26APR29TORCLE,Cleveland Cavaliers,2026-04-30 02:30:00+00:00,2026-04-27 05:16:00+00:00,1.0,7759602.22,historical,2026-04-29,1274,available,0.775,0.77,0.78,0.78,0.010000000000000009,bid_ask_midpoint,2026-04-29T23:15:00+00:00,15.0,717095.34,1082.0,https://api.elections.kalshi.com/trade-api/v2/historical/markets/KXNBAGAME-26APR29TORCLE-CLE/candlesticks?start_ts=1777418100&end_ts=1777504500&period_interval=1,1,True,2026-04-29_Toronto_Raptors_at_Cleveland_Cavaliers
2026-04-30,2026-05-01 00:00:00+00:00,Boston Celtics,Philadelphia 76ers,93,106,1,13,https://www.basketball-reference.com/leagues/NBA_2026_games-april.html,KXNBAGAME-26APR30BOSPHI-PHI,KXNBAGAME-26APR30BOSPHI,Philadelphia 76ers,2026-05-01 02:30:00+00:00,2026-04-29 02:54:00+00:00,1.0,12931759.35,historical,2026-04-30,1276,available,0.315,0.31,0.32,0.32,0.010000000000000009,bid_ask_midpoint,2026-04-30T23:45:00+00:00,15.0,1274474.77,1148.0,https://api.elections.kalshi.com/trade-api/v2/historical/markets/KXNBAGAME-26APR30BOSPHI-PHI/candlesticks?start_ts=1777506300&end_ts=1777592700&period_interval=1,1,True,2026-04-30_Boston_Celtics_at_Philadelphia_76ers
2026-04-30,2026-05-01 01:30:00+00:00,Denver Nuggets,Minnesota Timberwolves,98,110,1,12,https://www.basketball-reference.com/leagues/NBA_2026_games-april.html,KXNBAGAME-26APR30DENMIN-MIN,KXNBAGAME-26APR30DENMIN,Minnesota Timberwolves,2026-05-01 04:20:00+00:00,2026-04-28 07:06:00+00:00,1.0,18826183.34,historical,2026-05-01,1277,available,0.28500000000000003,0.28,0.29,0.29,0.009999999999999953,bid_ask_midpoint,2026-05-01T01:15:00+00:00,15.0,1229794.5,1223.0,https://api.elections.kalshi.com/trade-api/v2/historical/markets/KXNBAGAME-26APR30DENMIN-MIN/candlesticks?start_ts=1777511700&end_ts=1777598100&period_interval=1,1,True,2026-04-30_Denver_Nuggets_at_Minnesota_Timberwolves
2026-04-30,2026-04-30 23:00:00+00:00,New York Knicks,Atlanta Hawks,140,89,0,-51,https://www.basketball-reference.com/leagues/NBA_2026_games-april.html,KXNBAGAME-26APR30NYKATL-ATL,KXNBAGAME-26APR30NYKATL,Atlanta Hawks,2026-05-01 01:40:00+00:00,2026-04-27 07:06:00+00:00,0.0,7387556.48,historical,2026-04-30,1278,available,0.425,0.42,0.43,0.43,0.010000000000000009,bid_ask_midpoint,2026-04-30T22:45:00+00:00,15.0,873118.44,1131.0,https://api.elections.kalshi.com/trade-api/v2/historical/markets/KXNBAGAME-26APR30NYKATL-ATL/candlesticks?start_ts=1777502700&end_ts=1777589100&period_interval=1,0,True,2026-04-30_New_York_Knicks_at_Atlanta_Hawks
2026-05-01,2026-05-01 23:00:00+00:00,Detroit Pistons,Orlando Magic,93,79,0,-14,https://www.basketball-reference.com/leagues/NBA_2026_games-may.html,KXNBAGAME-26MAY01DETORL-ORL,KXNBAGAME-26MAY01DETORL,Orlando Magic,2026-05-02 01:40:00+00:00,2026-04-30 02:27:00+00:00,0.0,17278702.65,historical,2026-05-01,1280,available,0.405,0.4,0.41,0.41,0.009999999999999953,bid_ask_midpoint,2026-05-01T22:45:00+00:00,15.0,2219153.83,1329.0,https://api.elections.kalshi.com/trade-api/v2/historical/markets/KXNBAGAME-26MAY01DETORL-ORL/candlesticks?start_ts=1777589100&end_ts=1777675500&period_interval=1,0,True,2026-05-01_Detroit_Pistons_at_Orlando_Magic
2026-05-01,2026-05-01 23:30:00+00:00,Cleveland Cavaliers,Toronto Raptors,110,112,1,2,https://www.basketball-reference.com/leagues/NBA_2026_games-may.html,KXNBAGAME-26MAY01CLETOR-TOR,KXNBAGAME-26MAY01CLETOR,Toronto Raptors,2026-05-02 02:30:00+00:00,2026-04-27 07:06:00+00:00,1.0,12109948.17,historical,2026-05-01,1281,available,0.355,0.35,0.36,0.36,0.010000000000000009,bid_ask_midpoint,2026-05-01T23:15:00+00:00,15.0,735410.66,1280.0,https://api.elections.kalshi.com/trade-api/v2/historical/markets/KXNBAGAME-26MAY01CLETOR-TOR/candlesticks?start_ts=1777590900&end_ts=1777677300&period_interval=1,1,True,2026-05-01_Cleveland_Cavaliers_at_Toronto_Raptors
2026-05-04,2026-05-05 00:00:00+00:00,Philadelphia 76ers,New York Knicks,98,137,1,39,https://www.basketball-reference.com/leagues/NBA_2026_games-may.html,KXNBAGAME-26MAY04PHINYK-NYK,KXNBAGAME-26MAY04PHINYK,New York Knicks,2026-05-05 03:00:00+00:00,2026-05-03 02:55:00+00:00,1.0,6572869.04,historical,2026-05-04,1285,available,0.715,0.71,0.72,0.72,0.010000000000000009,bid_ask_midpoint,2026-05-04T23:45:00+00:00,15.0,1095492.92,1309.0,https://api.elections.kalshi.com/trade-api/v2/historical/markets/KXNBAGAME-26MAY04PHINYK-NYK/candlesticks?start_ts=1777851900&end_ts=1777938300&period_interval=1,1,True,2026-05-04_Philadelphia_76ers_at_New_York_Knicks
2026-05-04,2026-05-05 01:30:00+00:00,Minnesota Timberwolves,San Antonio Spurs,104,102,0,-2,https://www.basketball-reference.com/leagues/NBA_2026_games-may.html,KXNBAGAME-26MAY04MINSAS-SAS,KXNBAGAME-26MAY04MINSAS,San Antonio Spurs,2026-05-05 04:10:00+00:00,2026-05-01 17:00:00+00:00,0.0,15373138.96,historical,2026-05-05,1286,missing,,,,,,,,,,,,0,True,2026-05-04_Minnesota_Timberwolves_at_San_Antonio_Spurs
2026-05-05,2026-05-05 23:00:00+00:00,Cleveland Cavaliers,Detroit Pistons,101,111,1,10,https://www.basketball-reference.com/leagues/NBA_2026_games-may.html,KXNBAGAME-26MAY05CLEDET-DET,KXNBAGAME-26MAY05CLEDET,Detroit Pistons,2026-05-06 02:00:00+00:00,2026-05-04 15:05:00+00:00,1.0,8154592.45,historical,2026-05-05,1287,available,0.595,0.59,0.6,0.6,0.010000000000000009,bid_ask_midpoint,2026-05-05T22:45:00+00:00,15.0,1322759.96,1268.0,https://api.elections.kalshi.com/trade-api/v2/historical/markets/KXNBAGAME-26MAY05CLEDET-DET/candlesticks?start_ts=1777934700&end_ts=1778021100&period_interval=1,1,True,2026-05-05_Cleveland_Cavaliers_at_Detroit_Pistons
2026-05-06,2026-05-07 01:30:00+00:00,Minnesota Timberwolves,San Antonio Spurs,95,133,1,38,https://www.basketball-reference.com/leagues/NBA_2026_games-may.html,KXNBAGAME-26MAY06MINSAS-SAS,KXNBAGAME-26MAY06MINSAS,San Antonio Spurs,2026-05-07 04:20:00+00:00,2026-05-01 17:00:00+00:00,1.0,6391874.45,historical,2026-05-07,1289,available,0.775,0.77,0.78,0.78,0.010000000000000009,bid_ask_midpoint,2026-05-07T01:15:00+00:00,15.0,783372.35,1355.0,https://api.elections.kalshi.com/trade-api/v2/historical/markets/KXNBAGAME-26MAY06MINSAS-SAS/candlesticks?start_ts=1778030100&end_ts=1778116500&period_interval=1,1,True,2026-05-06_Minnesota_Timberwolves_at_San_Antonio_Spurs
2026-05-06,2026-05-06 23:00:00+00:00,Philadelphia 76ers,New York Knicks,102,108,1,6,https://www.basketball-reference.com/leagues/NBA_2026_games-may.html,KXNBAGAME-26MAY06PHINYK-NYK,KXNBAGAME-26MAY06PHINYK,New York Knicks,2026-05-07 02:00:00+00:00,2026-05-03 02:55:00+00:00,1.0,11888451.15,historical,2026-05-06,1290,available,0.795,0.79,0.8,0.8,0.010000000000000009,bid_ask_midpoint,2026-05-06T22:45:00+00:00,15.0,2640086.1,1322.0,https://api.elections.kalshi.com/trade-api/v2/historical/markets/KXNBAGAME-26MAY06PHINYK-NYK/candlesticks?start_ts=1778021100&end_ts=1778107500&period_interval=1,1,True,2026-05-06_Philadelphia_76ers_at_New_York_Knicks
2026-05-07,2026-05-07 23:00:00+00:00,Cleveland Cavaliers,Detroit Pistons,97,107,1,10,https://www.basketball-reference.com/leagues/NBA_2026_games-may.html,KXNBAGAME-26MAY07CLEDET-DET,KXNBAGAME-26MAY07CLEDET,Detroit Pistons,2026-05-08 02:00:00+00:00,2026-05-04 15:05:00+00:00,1.0,11098212.51,historical,2026-05-07,1291,available,0.615,0.61,0.62,0.62,0.010000000000000009,bid_ask_midpoint,2026-05-07T22:45:00+00:00,15.0,1557608.2,1241.0,https://api.elections.kalshi.com/trade-api/v2/historical/markets/KXNBAGAME-26MAY07CLEDET-DET/candlesticks?start_ts=1778107500&end_ts=1778193900&period_interval=1,1,True,2026-05-07_Cleveland_Cavaliers_at_Detroit_Pistons
2026-05-08,2026-05-08 23:00:00+00:00,New York Knicks,Philadelphia 76ers,108,94,0,-14,https://www.basketball-reference.com/leagues/NBA_2026_games-may.html,KXNBAGAME-26MAY08NYKPHI-PHI,KXNBAGAME-26MAY08NYKPHI,Philadelphia 76ers,2026-05-09 02:00:00+00:00,2026-05-03 02:55:00+00:00,0.0,14063175.44,historical,2026-05-08,1293,available,0.605,0.6,0.61,0.61,0.010000000000000009,bid_ask_midpoint,2026-05-08T22:45:00+00:00,15.0,1956620.26,1310.0,https://api.elections.kalshi.com/trade-api/v2/historical/markets/KXNBAGAME-26MAY08NYKPHI-PHI/candlesticks?start_ts=1778193900&end_ts=1778280300&period_interval=1,0,True,2026-05-08_New_York_Knicks_at_Philadelphia_76ers
2026-05-08,2026-05-09 01:30:00+00:00,San Antonio Spurs,Minnesota Timberwolves,115,108,0,-7,https://www.basketball-reference.com/leagues/NBA_2026_games-may.html,KXNBAGAME-26MAY08SASMIN-MIN,KXNBAGAME-26MAY08SASMIN,Minnesota Timberwolves,2026-05-09 04:25:00+00:00,2026-05-01 17:00:00+00:00,0.0,22231895.51,historical,2026-05-09,1294,available,0.345,0.34,0.35,0.35,0.009999999999999953,bid_ask_midpoint,2026-05-09T01:15:00+00:00,15.0,2272756.39,1348.0,https://api.elections.kalshi.com/trade-api/v2/historical/markets/KXNBAGAME-26MAY08SASMIN-MIN/candlesticks?start_ts=1778202900&end_ts=1778289300&period_interval=1,0,True,2026-05-08_San_Antonio_Spurs_at_Minnesota_Timberwolves
2026-05-09,2026-05-09 19:00:00+00:00,Detroit Pistons,Cleveland Cavaliers,109,116,1,7,https://www.basketball-reference.com/leagues/NBA_2026_games-may.html,KXNBAGAME-26MAY09DETCLE-CLE,KXNBAGAME-26MAY09DETCLE,Cleveland Cavaliers,2026-05-09 22:00:00+00:00,2026-05-04 15:05:00+00:00,1.0,12114749.47,historical,2026-05-09,1295,available,0.625,0.62,0.63,0.63,0.010000000000000009,bid_ask_midpoint,2026-05-09T18:45:00+00:00,15.0,863306.99,1246.0,https://api.elections.kalshi.com/trade-api/v2/historical/markets/KXNBAGAME-26MAY09DETCLE-CLE/candlesticks?start_ts=1778265900&end_ts=1778352300&period_interval=1,1,True,2026-05-09_Detroit_Pistons_at_Cleveland_Cavaliers
2026-05-10,2026-05-10 19:30:00+00:00,New York Knicks,Philadelphia 76ers,144,114,0,-30,https://www.basketball-reference.com/leagues/NBA_2026_games-may.html,KXNBAGAME-26MAY10NYKPHI-PHI,KXNBAGAME-26MAY10NYKPHI,Philadelphia 76ers,2026-05-10 22:30:00+00:00,2026-05-03 02:55:00+00:00,0.0,8610178.53,historical,2026-05-10,1297,available,0.46499999999999997,0.46,0.47,0.47,0.009999999999999953,bid_ask_midpoint,2026-05-10T19:15:00+00:00,15.0,1075690.18,1254.0,https://api.elections.kalshi.com/trade-api/v2/historical/markets/KXNBAGAME-26MAY10NYKPHI-PHI/candlesticks?start_ts=1778354100&end_ts=1778440500&period_interval=1,0,True,2026-05-10_New_York_Knicks_at_Philadelphia_76ers
2026-05-10,2026-05-10 23:30:00+00:00,San Antonio Spurs,Minnesota Timberwolves,109,114,1,5,https://www.basketball-reference.com/leagues/NBA_2026_games-may.html,KXNBAGAME-26MAY10SASMIN-MIN,KXNBAGAME-26MAY10SASMIN,Minnesota Timberwolves,2026-05-10 20:00:00+00:00,2026-05-01 17:00:00+00:00,1.0,26471634.74,historical,2026-05-10,1298,available,0.365,0.36,0.37,0.37,0.010000000000000009,bid_ask_midpoint,2026-05-10T23:15:00+00:00,15.0,3323896.73,1397.0,https://api.elections.kalshi.com/trade-api/v2/historical/markets/KXNBAGAME-26MAY10SASMIN-MIN/candlesticks?start_ts=1778368500&end_ts=1778454900&period_interval=1,1,True,2026-05-10_San_Antonio_Spurs_at_Minnesota_Timberwolves
2026-05-11,2026-05-12 00:00:00+00:00,Detroit Pistons,Cleveland Cavaliers,103,112,1,9,https://www.basketball-reference.com/leagues/NBA_2026_games-may.html,KXNBAGAME-26MAY11DETCLE-CLE,KXNBAGAME-26MAY11DETCLE,Cleveland Cavaliers,2026-05-12 03:00:00+00:00,2026-05-04 15:06:00+00:00,1.0,11215688.25,historical,2026-05-11,1300,available,0.595,0.59,0.6,0.6,0.010000000000000009,bid_ask_midpoint,2026-05-11T23:45:00+00:00,15.0,1026690.61,1350.0,https://api.elections.kalshi.com/trade-api/v2/historical/markets/KXNBAGAME-26MAY11DETCLE-CLE/candlesticks?start_ts=1778456700&end_ts=1778543100&period_interval=1,1,True,2026-05-11_Detroit_Pistons_at_Cleveland_Cavaliers
2026-05-12,2026-05-13 00:00:00+00:00,Minnesota Timberwolves,San Antonio Spurs,97,126,1,29,https://www.basketball-reference.com/leagues/NBA_2026_games-may.html,KXNBAGAME-26MAY12MINSAS-SAS,KXNBAGAME-26MAY12MINSAS,San Antonio Spurs,2026-05-13 02:35:00+00:00,2026-05-07 07:06:00+00:00,1.0,9717083.02,historical,2026-05-12,1301,available,0.785,0.78,0.79,0.79,0.010000000000000009,bid_ask_midpoint,2026-05-12T23:45:00+00:00,15.0,1653786.16,1434.0,https://api.elections.kalshi.com/trade-api/v2/historical/markets/KXNBAGAME-26MAY12MINSAS-SAS/candlesticks?start_ts=1778543100&end_ts=1778629500&period_interval=1,1,True,2026-05-12_Minnesota_Timberwolves_at_San_Antonio_Spurs
2026-05-13,2026-05-14 00:00:00+00:00,Cleveland Cavaliers,Detroit Pistons,117,113,0,-4,https://www.basketball-reference.com/leagues/NBA_2026_games-may.html,KXNBAGAME-26MAY13CLEDET-DET,KXNBAGAME-26MAY13CLEDET,Detroit Pistons,2026-05-14 03:00:00+00:00,2026-05-10 01:06:00+00:00,0.0,21241841.01,historical,2026-05-13,1302,available,0.615,0.61,0.62,0.62,0.010000000000000009,bid_ask_midpoint,2026-05-13T23:45:00+00:00,15.0,2182506.64,1399.0,https://api.elections.kalshi.com/trade-api/v2/historical/markets/KXNBAGAME-26MAY13CLEDET-DET/candlesticks?start_ts=1778629500&end_ts=1778715900&period_interval=1,0,True,2026-05-13_Cleveland_Cavaliers_at_Detroit_Pistons
2026-05-15,2026-05-15 23:00:00+00:00,Detroit Pistons,Cleveland Cavaliers,115,94,0,-21,https://www.basketball-reference.com/leagues/NBA_2026_games-may.html,KXNBAGAME-26MAY15DETCLE-CLE,KXNBAGAME-26MAY15DETCLE,Cleveland Cavaliers,2026-05-16 01:45:00+00:00,2026-05-12 04:05:00+00:00,0.0,14866263.02,historical,2026-05-15,1303,available,0.615,0.61,0.62,0.62,0.010000000000000009,bid_ask_midpoint,2026-05-15T22:45:00+00:00,15.0,1164560.49,1385.0,https://api.elections.kalshi.com/trade-api/v2/historical/markets/KXNBAGAME-26MAY15DETCLE-CLE/candlesticks?start_ts=1778798700&end_ts=1778885100&period_interval=1,0,True,2026-05-15_Detroit_Pistons_at_Cleveland_Cavaliers
2026-05-15,2026-05-16 01:30:00+00:00,San Antonio Spurs,Minnesota Timberwolves,139,109,0,-30,https://www.basketball-reference.com/leagues/NBA_2026_games-may.html,KXNBAGAME-26MAY15SASMIN-MIN,KXNBAGAME-26MAY15SASMIN,Minnesota Timberwolves,2026-05-15 20:00:00+00:00,2026-05-11 04:06:00+00:00,0.0,22243360.86,historical,2026-05-15,1304,available,0.325,0.32,0.33,0.33,0.010000000000000009,bid_ask_midpoint,2026-05-16T01:15:00+00:00,15.0,1935846.6199999999,1379.0,https://api.elections.kalshi.com/trade-api/v2/historical/markets/KXNBAGAME-26MAY15SASMIN-MIN/candlesticks?start_ts=1778807700&end_ts=1778894100&period_interval=1,0,True,2026-05-15_San_Antonio_Spurs_at_Minnesota_Timberwolves
2026-05-18,2026-05-19 00:30:00+00:00,San Antonio Spurs,Oklahoma City Thunder,122,115,0,-7,https://www.basketball-reference.com/leagues/NBA_2026_games-may.html,KXNBAGAME-26MAY18SASOKC-OKC,KXNBAGAME-26MAY18SASOKC,Oklahoma City Thunder,2026-05-19 03:30:00+00:00,2026-05-16 13:57:00+00:00,0.0,29116362.89,historical,2026-05-18,1306,available,0.695,0.69,0.7,0.7,0.010000000000000009,bid_ask_midpoint,2026-05-19T00:15:00+00:00,15.0,6206434.779999999,1373.0,https://api.elections.kalshi.com/trade-api/v2/historical/markets/KXNBAGAME-26MAY18SASOKC-OKC/candlesticks?start_ts=1779063300&end_ts=1779149700&period_interval=1,0,True,2026-05-18_San_Antonio_Spurs_at_Oklahoma_City_Thunder
2026-05-19,2026-05-20 00:00:00+00:00,Cleveland Cavaliers,New York Knicks,104,115,1,11,https://www.basketball-reference.com/leagues/NBA_2026_games-may.html,KXNBAGAME-26MAY19CLENYK-NYK,KXNBAGAME-26MAY19CLENYK,New York Knicks,2026-05-20 03:00:00+00:00,2026-05-18 03:39:00+00:00,1.0,36032050.45,historical,2026-05-19,1307,available,0.675,0.67,0.68,0.68,0.010000000000000009,bid_ask_midpoint,2026-05-19T23:45:00+00:00,15.0,2620291.36,1407.0,https://api.elections.kalshi.com/trade-api/v2/historical/markets/KXNBAGAME-26MAY19CLENYK-NYK/candlesticks?start_ts=1779147900&end_ts=1779234300&period_interval=1,1,True,2026-05-19_Cleveland_Cavaliers_at_New_York_Knicks
2026-05-20,2026-05-21 00:30:00+00:00,San Antonio Spurs,Oklahoma City Thunder,113,122,1,9,https://www.basketball-reference.com/leagues/NBA_2026_games-may.html,KXNBAGAME-26MAY20SASOKC-OKC,KXNBAGAME-26MAY20SASOKC,Oklahoma City Thunder,2026-05-21 03:30:00+00:00,2026-05-16 13:57:00+00:00,1.0,14793058.55,historical,2026-05-20,1308,available,0.685,0.68,0.69,0.69,0.009999999999999898,bid_ask_midpoint,2026-05-21T00:15:00+00:00,15.0,2408938.72,1409.0,https://api.elections.kalshi.com/trade-api/v2/historical/markets/KXNBAGAME-26MAY20SASOKC-OKC/candlesticks?start_ts=1779236100&end_ts=1779322500&period_interval=1,1,True,2026-05-20_San_Antonio_Spurs_at_Oklahoma_City_Thunder
2026-05-21,2026-05-22 00:00:00+00:00,Cleveland Cavaliers,New York Knicks,93,109,1,16,https://www.basketball-reference.com/leagues/NBA_2026_games-may.html,KXNBAGAME-26MAY21CLENYK-NYK,KXNBAGAME-26MAY21CLENYK,New York Knicks,2026-05-22 03:00:00+00:00,2026-05-18 03:39:00+00:00,1.0,13093679.08,historical,2026-05-21,1309,available,0.645,0.64,0.65,0.65,0.010000000000000009,bid_ask_midpoint,2026-05-21T23:45:00+00:00,15.0,2400579.8,1328.0,https://api.elections.kalshi.com/trade-api/v2/historical/markets/KXNBAGAME-26MAY21CLENYK-NYK/candlesticks?start_ts=1779320700&end_ts=1779407100&period_interval=1,1,True,2026-05-21_Cleveland_Cavaliers_at_New_York_Knicks
2026-05-22,2026-05-23 00:30:00+00:00,Oklahoma City Thunder,San Antonio Spurs,123,108,0,-15,https://www.basketball-reference.com/leagues/NBA_2026_games-may.html,KXNBAGAME-26MAY22OKCSAS-SAS,KXNBAGAME-26MAY22OKCSAS,San Antonio Spurs,2026-05-23 03:30:00+00:00,2026-05-16 13:57:00+00:00,0.0,31826279.34,historical,2026-05-22,1310,available,0.575,0.57,0.58,0.58,0.010000000000000009,bid_ask_midpoint,2026-05-23T00:15:00+00:00,15.0,5219068.58,1435.0,https://api.elections.kalshi.com/trade-api/v2/historical/markets/KXNBAGAME-26MAY22OKCSAS-SAS/candlesticks?start_ts=1779408900&end_ts=1779495300&period_interval=1,0,True,2026-05-22_Oklahoma_City_Thunder_at_San_Antonio_Spurs
2026-05-23,2026-05-24 00:00:00+00:00,New York Knicks,Cleveland Cavaliers,121,108,0,-13,https://www.basketball-reference.com/leagues/NBA_2026_games-may.html,KXNBAGAME-26MAY23NYKCLE-CLE,KXNBAGAME-26MAY23NYKCLE,Cleveland Cavaliers,2026-05-24 03:00:00+00:00,2026-05-18 03:39:00+00:00,0.0,20739544.37,historical,2026-05-23,1311,available,0.565,0.56,0.57,0.57,0.009999999999999898,bid_ask_midpoint,2026-05-23T23:45:00+00:00,15.0,1868516.31,1369.0,https://api.elections.kalshi.com/trade-api/v2/historical/markets/KXNBAGAME-26MAY23NYKCLE-CLE/candlesticks?start_ts=1779493500&end_ts=1779579900&period_interval=1,0,True,2026-05-23_New_York_Knicks_at_Cleveland_Cavaliers
2026-05-24,2026-05-25 00:00:00+00:00,Oklahoma City Thunder,San Antonio Spurs,82,103,1,21,https://www.basketball-reference.com/leagues/NBA_2026_games-may.html,KXNBAGAME-26MAY24OKCSAS-SAS,KXNBAGAME-26MAY24OKCSAS,San Antonio Spurs,2026-05-25 03:00:00+00:00,2026-05-16 13:57:00+00:00,1.0,17625730.12,live,2026-05-24,1312,available,0.575,0.57,0.58,0.58,0.010000000000000009,bid_ask_midpoint,2026-05-24T23:45:00+00:00,15.0,3308006.48,1423.0,https://api.elections.kalshi.com/trade-api/v2/series/KXNBAGAME/markets/KXNBAGAME-26MAY24OKCSAS-SAS/candlesticks?start_ts=1779579900&end_ts=1779666300&period_interval=1,1,True,2026-05-24_Oklahoma_City_Thunder_at_San_Antonio_Spurs
2026-05-25,2026-05-26 00:00:00+00:00,New York Knicks,Cleveland Cavaliers,130,93,0,-37,https://www.basketball-reference.com/leagues/NBA_2026_games-may.html,KXNBAGAME-26MAY25NYKCLE-CLE,KXNBAGAME-26MAY25NYKCLE,Cleveland Cavaliers,2026-05-26 03:00:00+00:00,2026-05-18 03:39:00+00:00,0.0,17906992.52,historical,2026-05-25,1313,available,0.46499999999999997,0.46,0.47,0.47,0.009999999999999953,bid_ask_midpoint,2026-05-25T23:45:00+00:00,15.0,2614858.78,1388.0,https://api.elections.kalshi.com/trade-api/v2/historical/markets/KXNBAGAME-26MAY25NYKCLE-CLE/candlesticks?start_ts=1779666300&end_ts=1779752700&period_interval=1,0,True,2026-05-25_New_York_Knicks_at_Cleveland_Cavaliers
2026-05-26,2026-05-27 00:30:00+00:00,San Antonio Spurs,Oklahoma City Thunder,114,127,1,13,https://www.basketball-reference.com/leagues/NBA_2026_games-may.html,KXNBAGAME-26MAY26SASOKC-OKC,KXNBAGAME-26MAY26SASOKC,Oklahoma City Thunder,2026-05-27 03:30:00+00:00,2026-05-21 03:26:00+00:00,1.0,20095486.43,historical,2026-05-26,1314,available,0.585,0.58,0.59,0.59,0.010000000000000009,bid_ask_midpoint,2026-05-27T00:15:00+00:00,15.0,2866577.7,1423.0,https://api.elections.kalshi.com/trade-api/v2/historical/markets/KXNBAGAME-26MAY26SASOKC-OKC/candlesticks?start_ts=1779754500&end_ts=1779840900&period_interval=1,1,True,2026-05-26_San_Antonio_Spurs_at_Oklahoma_City_Thunder
2026-05-28,2026-05-29 00:30:00+00:00,Oklahoma City Thunder,San Antonio Spurs,91,118,1,27,https://www.basketball-reference.com/leagues/NBA_2026_games-may.html,KXNBAGAME-26MAY28OKCSAS-SAS,KXNBAGAME-26MAY28OKCSAS,San Antonio Spurs,2026-05-29 03:30:00+00:00,2026-05-25 03:05:00+00:00,1.0,14995056.08,live,2026-05-28,1315,available,0.595,0.59,0.6,0.6,0.010000000000000009,bid_ask_midpoint,2026-05-29T00:15:00+00:00,15.0,3931554.0,1318.0,https://api.elections.kalshi.com/trade-api/v2/series/KXNBAGAME/markets/KXNBAGAME-26MAY28OKCSAS-SAS/candlesticks?start_ts=1779927300&end_ts=1780013700&period_interval=1,1,True,2026-05-28_Oklahoma_City_Thunder_at_San_Antonio_Spurs
2026-05-30,2026-05-31 00:00:00+00:00,San Antonio Spurs,Oklahoma City Thunder,111,103,0,-8,https://www.basketball-reference.com/leagues/NBA_2026_games-may.html,KXNBAGAME-26MAY30SASOKC-OKC,KXNBAGAME-26MAY30SASOKC,Oklahoma City Thunder,2026-05-31 03:00:00+00:00,2026-05-29 16:00:00+00:00,0.0,108750.56,historical,2026-05-30,1316,available,0.575,0.57,0.58,0.57,0.010000000000000009,bid_ask_midpoint,2026-05-30T23:38:00+00:00,22.0,460.06,211.0,https://api.elections.kalshi.com/trade-api/v2/historical/markets/KXNBAGAME-26MAY30SASOKC-OKC/candlesticks?start_ts=1780098300&end_ts=1780184700&period_interval=1,0,True,2026-05-30_San_Antonio_Spurs_at_Oklahoma_City_Thunder
2026-06-03,2026-06-04 00:30:00+00:00,New York Knicks,San Antonio Spurs,105,95,0,-10,https://www.basketball-reference.com/leagues/NBA_2026_games-june.html,KXNBAGAME-26JUN03NYKSAS-SAS,KXNBAGAME-26JUN03NYKSAS,San Antonio Spurs,2026-06-04 03:30:00+00:00,2026-05-31 03:14:00+00:00,0.0,33578429.98,live,2026-06-03,1317,available,0.635,0.63,0.64,0.64,0.010000000000000009,bid_ask_midpoint,2026-06-04T00:15:00+00:00,15.0,5538124.07,1432.0,https://api.elections.kalshi.com/trade-api/v2/series/KXNBAGAME/markets/KXNBAGAME-26JUN03NYKSAS-SAS/candlesticks?start_ts=1780445700&end_ts=1780532100&period_interval=1,0,True,2026-06-03_New_York_Knicks_at_San_Antonio_Spurs
2026-06-05,2026-06-06 00:30:00+00:00,New York Knicks,San Antonio Spurs,105,104,0,-1,https://www.basketball-reference.com/leagues/NBA_2026_games-june.html,KXNBAGAME-26JUN05NYKSAS-SAS,KXNBAGAME-26JUN05NYKSAS,San Antonio Spurs,2026-06-06 03:30:00+00:00,2026-05-31 03:14:00+00:00,0.0,46853856.63,live,2026-06-05,1318,available,0.675,0.67,0.68,0.68,0.010000000000000009,bid_ask_midpoint,2026-06-06T00:15:00+00:00,15.0,5088593.72,1439.0,https://api.elections.kalshi.com/trade-api/v2/series/KXNBAGAME/markets/KXNBAGAME-26JUN05NYKSAS-SAS/candlesticks?start_ts=1780618500&end_ts=1780704900&period_interval=1,0,True,2026-06-05_New_York_Knicks_at_San_Antonio_Spurs
2026-06-08,2026-06-09 00:30:00+00:00,San Antonio Spurs,New York Knicks,115,111,0,-4,https://www.basketball-reference.com/leagues/NBA_2026_games-june.html,KXNBAGAME-26JUN08SASNYK-NYK,KXNBAGAME-26JUN08SASNYK,New York Knicks,2026-06-09 03:30:00+00:00,2026-05-31 03:14:00+00:00,0.0,69885693.76,live,2026-06-08,1319,available,0.535,0.53,0.54,0.54,0.010000000000000009,bid_ask_midpoint,2026-06-09T00:15:00+00:00,15.0,7095022.63,1436.0,https://api.elections.kalshi.com/trade-api/v2/series/KXNBAGAME/markets/KXNBAGAME-26JUN08SASNYK-NYK/candlesticks?start_ts=1780877700&end_ts=1780964100&period_interval=1,0,True,2026-06-08_San_Antonio_Spurs_at_New_York_Knicks
2026-06-10,2026-06-11 00:30:00+00:00,San Antonio Spurs,New York Knicks,106,107,1,1,https://www.basketball-reference.com/leagues/NBA_2026_games-june.html,KXNBAGAME-26JUN10SASNYK-NYK,KXNBAGAME-26JUN10SASNYK,New York Knicks,2026-06-11 03:30:00+00:00,2026-05-31 03:14:00+00:00,1.0,111797631.63,live,2026-06-10,1320,available,0.545,0.54,0.55,0.55,0.010000000000000009,bid_ask_midpoint,2026-06-11T00:15:00+00:00,15.0,8445673.48,1441.0,https://api.elections.kalshi.com/trade-api/v2/series/KXNBAGAME/markets/KXNBAGAME-26JUN10SASNYK-NYK/candlesticks?start_ts=1781050500&end_ts=1781136900&period_interval=1,1,True,2026-06-10_San_Antonio_Spurs_at_New_York_Knicks
2026-06-13,2026-06-14 00:30:00+00:00,New York Knicks,San Antonio Spurs,94,90,0,-4,https://www.basketball-reference.com/leagues/NBA_2026_games-june.html,KXNBAGAME-26JUN13NYKSAS-SAS,KXNBAGAME-26JUN13NYKSAS,San Antonio Spurs,2026-06-14 03:30:00+00:00,2026-06-09 03:55:00+00:00,0.0,48467702.82,live,2026-06-13,1321,available,0.645,0.64,0.65,0.65,0.010000000000000009,bid_ask_midpoint,2026-06-14T00:15:00+00:00,15.0,5876343.56,1441.0,https://api.elections.kalshi.com/trade-api/v2/series/KXNBAGAME/markets/KXNBAGAME-26JUN13NYKSAS-SAS/candlesticks?start_ts=1781309700&end_ts=1781396100&period_interval=1,0,True,2026-06-13_New_York_Knicks_at_San_Antonio_Spurs
